symbol,variant,seed,feature_end,target_date,target,actual,predicted
TSLA,persistence,,2020-12-31,2021-01-04,open,719.460022,705.669983
TSLA,persistence,,2020-12-31,2021-01-04,close,729.77002,705.669983
TSLA,persistence,,2020-12-31,2021-01-04,volatility,0.6035240414352591,0.6089246933949706
TSLA,persistence,,2020-12-31,2021-01-04,sharpe,4.629545842980718,4.775235062031916
TSLA,persistence,,2021-01-04,2021-01-05,open,723.659973,729.77002
TSLA,persistence,,2021-01-04,2021-01-05,close,735.109985,729.77002
TSLA,persistence,,2021-01-04,2021-01-05,volatility,0.6036511392134518,0.6035240414352591
TSLA,persistence,,2021-01-04,2021-01-05,sharpe,4.582207941303553,4.629545842980718
TSLA,persistence,,2021-01-05,2021-01-06,open,758.48999,735.109985
TSLA,persistence,,2021-01-05,2021-01-06,close,755.97998,735.109985
TSLA,persistence,,2021-01-05,2021-01-06,volatility,0.5647197446686494,0.6036511392134518
TSLA,persistence,,2021-01-05,2021-01-06,sharpe,3.9403872109341407,4.582207941303553
TSLA,persistence,,2021-01-06,2021-01-07,open,777.630005,755.97998
TSLA,persistence,,2021-01-06,2021-01-07,close,816.039978,755.97998
TSLA,persistence,,2021-01-06,2021-01-07,volatility,0.6179764647982084,0.5647197446686494
TSLA,persistence,,2021-01-06,2021-01-07,sharpe,4.962675969979823,3.9403872109341407
TSLA,persistence,,2021-01-07,2021-01-08,open,856.0,816.039978
TSLA,persistence,,2021-01-07,2021-01-08,close,880.02002,816.039978
TSLA,persistence,,2021-01-07,2021-01-08,volatility,0.5798760917468381,0.6179764647982084
TSLA,persistence,,2021-01-07,2021-01-08,sharpe,8.51030118627474,4.962675969979823
TSLA,persistence,,2021-01-08,2021-01-11,open,849.400024,880.02002
TSLA,persistence,,2021-01-08,2021-01-11,close,811.190002,880.02002
TSLA,persistence,,2021-01-08,2021-01-11,volatility,0.670859553924189,0.5798760917468381
TSLA,persistence,,2021-01-08,2021-01-11,sharpe,5.185209274903338,8.51030118627474
TSLA,persistence,,2021-01-11,2021-01-12,open,831.0,811.190002
TSLA,persistence,,2021-01-11,2021-01-12,close,849.440002,811.190002
TSLA,persistence,,2021-01-11,2021-01-12,volatility,0.6624144428318698,0.670859553924189
TSLA,persistence,,2021-01-11,2021-01-12,sharpe,6.6663262647481325,5.185209274903338
TSLA,persistence,,2021-01-12,2021-01-13,open,852.76001,849.440002
TSLA,persistence,,2021-01-12,2021-01-13,close,854.409973,849.440002
TSLA,persistence,,2021-01-12,2021-01-13,volatility,0.6529139398334076,0.6624144428318698
TSLA,persistence,,2021-01-12,2021-01-13,sharpe,5.932196813273854,6.6663262647481325
TSLA,persistence,,2021-01-13,2021-01-14,open,843.390015,854.409973
TSLA,persistence,,2021-01-13,2021-01-14,close,845.0,854.409973
TSLA,persistence,,2021-01-13,2021-01-14,volatility,0.653299075223682,0.6529139398334076
TSLA,persistence,,2021-01-13,2021-01-14,sharpe,5.91463173734984,5.932196813273854
TSLA,persistence,,2021-01-14,2021-01-15,open,852.0,845.0
TSLA,persistence,,2021-01-14,2021-01-15,close,826.159973,845.0
TSLA,persistence,,2021-01-14,2021-01-15,volatility,0.6573246278011057,0.653299075223682
TSLA,persistence,,2021-01-14,2021-01-15,sharpe,5.768259627350183,5.91463173734984
TSLA,persistence,,2021-01-15,2021-01-19,open,837.799988,826.159973
TSLA,persistence,,2021-01-15,2021-01-19,close,844.549988,826.159973
TSLA,persistence,,2021-01-15,2021-01-19,volatility,0.6425152386503272,0.6573246278011057
TSLA,persistence,,2021-01-15,2021-01-19,sharpe,5.294501637314135,5.768259627350183
TSLA,persistence,,2021-01-19,2021-01-20,open,858.73999,844.549988
TSLA,persistence,,2021-01-19,2021-01-20,close,850.450012,844.549988
TSLA,persistence,,2021-01-19,2021-01-20,volatility,0.619151272815504,0.6425152386503272
TSLA,persistence,,2021-01-19,2021-01-20,sharpe,4.423315530620202,5.294501637314135
TSLA,persistence,,2021-01-20,2021-01-21,open,855.0,850.450012
TSLA,persistence,,2021-01-20,2021-01-21,close,844.98999,850.450012
TSLA,persistence,,2021-01-20,2021-01-21,volatility,0.5556977411318651,0.619151272815504
TSLA,persistence,,2021-01-20,2021-01-21,sharpe,6.255510781798651,4.423315530620202
TSLA,persistence,,2021-01-21,2021-01-22,open,834.309998,844.98999
TSLA,persistence,,2021-01-21,2021-01-22,close,846.640015,844.98999
TSLA,persistence,,2021-01-21,2021-01-22,volatility,0.5474912045547466,0.5556977411318651
TSLA,persistence,,2021-01-21,2021-01-22,sharpe,6.731355461636722,6.255510781798651
TSLA,persistence,,2021-01-22,2021-01-25,open,855.0,846.640015
TSLA,persistence,,2021-01-22,2021-01-25,close,880.799988,846.640015
TSLA,persistence,,2021-01-22,2021-01-25,volatility,0.5544494864694571,0.5474912045547466
TSLA,persistence,,2021-01-22,2021-01-25,sharpe,7.3636306858865845,6.731355461636722
TSLA,persistence,,2021-01-25,2021-01-26,open,891.380005,880.799988
TSLA,persistence,,2021-01-25,2021-01-26,close,883.090027,880.799988
TSLA,persistence,,2021-01-25,2021-01-26,volatility,0.5555632295239257,0.5544494864694571
TSLA,persistence,,2021-01-25,2021-01-26,sharpe,6.853462955765756,7.3636306858865845
TSLA,persistence,,2021-01-26,2021-01-27,open,870.349976,883.090027
TSLA,persistence,,2021-01-26,2021-01-27,close,864.159973,883.090027
TSLA,persistence,,2021-01-26,2021-01-27,volatility,0.5692054740251621,0.5555632295239257
TSLA,persistence,,2021-01-26,2021-01-27,sharpe,6.150468444374804,6.853462955765756
TSLA,persistence,,2021-01-27,2021-01-28,open,820.0,864.159973
TSLA,persistence,,2021-01-27,2021-01-28,close,835.429993,864.159973
TSLA,persistence,,2021-01-27,2021-01-28,volatility,0.5925625632886933,0.5692054740251621
TSLA,persistence,,2021-01-27,2021-01-28,sharpe,5.127415136733542,6.150468444374804
TSLA,persistence,,2021-01-28,2021-01-29,open,830.0,835.429993
TSLA,persistence,,2021-01-28,2021-01-29,close,793.530029,835.429993
TSLA,persistence,,2021-01-28,2021-01-29,volatility,0.6195079350276168,0.5925625632886933
TSLA,persistence,,2021-01-28,2021-01-29,sharpe,3.0051142928831966,5.127415136733542
TSLA,persistence,,2021-01-29,2021-02-01,open,814.289978,793.530029
TSLA,persistence,,2021-01-29,2021-02-01,close,839.809998,793.530029
TSLA,persistence,,2021-01-29,2021-02-01,volatility,0.645043743680842,0.6195079350276168
TSLA,persistence,,2021-01-29,2021-02-01,sharpe,3.71920957317905,3.0051142928831966
TSLA,persistence,,2021-02-01,2021-02-02,open,844.679993,839.809998
TSLA,persistence,,2021-02-01,2021-02-02,close,872.789978,839.809998
TSLA,persistence,,2021-02-01,2021-02-02,volatility,0.6478859089358014,0.645043743680842
TSLA,persistence,,2021-02-01,2021-02-02,sharpe,3.8024431949319113,3.71920957317905
TSLA,persistence,,2021-02-02,2021-02-03,open,877.02002,872.789978
TSLA,persistence,,2021-02-02,2021-02-03,close,854.690002,872.789978
TSLA,persistence,,2021-02-02,2021-02-03,volatility,0.6568892042981617,0.6478859089358014
TSLA,persistence,,2021-02-02,2021-02-03,sharpe,3.2121877135190235,3.8024431949319113
TSLA,persistence,,2021-02-03,2021-02-04,open,855.0,854.690002
TSLA,persistence,,2021-02-03,2021-02-04,close,849.98999,854.690002
TSLA,persistence,,2021-02-03,2021-02-04,volatility,0.6542016808198756,0.6568892042981617
TSLA,persistence,,2021-02-03,2021-02-04,sharpe,2.5726701866879247,3.2121877135190235
TSLA,persistence,,2021-02-04,2021-02-05,open,845.0,849.98999
TSLA,persistence,,2021-02-04,2021-02-05,close,852.22998,849.98999
TSLA,persistence,,2021-02-04,2021-02-05,volatility,0.5950240651153874,0.6542016808198756
TSLA,persistence,,2021-02-04,2021-02-05,sharpe,1.2020079112953173,2.5726701866879247
TSLA,persistence,,2021-02-05,2021-02-08,open,869.669983,852.22998
TSLA,persistence,,2021-02-05,2021-02-08,close,863.419983,852.22998
TSLA,persistence,,2021-02-05,2021-02-08,volatility,0.5262127266018454,0.5950240651153874
TSLA,persistence,,2021-02-05,2021-02-08,sharpe,-0.20374608759184296,1.2020079112953173
TSLA,persistence,,2021-02-08,2021-02-09,open,855.119995,863.419983
TSLA,persistence,,2021-02-08,2021-02-09,close,849.460022,863.419983
TSLA,persistence,,2021-02-08,2021-02-09,volatility,0.4442718704338821,0.5262127266018454
TSLA,persistence,,2021-02-08,2021-02-09,sharpe,1.5183607786992825,-0.20374608759184296
TSLA,persistence,,2021-02-09,2021-02-10,open,843.640015,849.460022
TSLA,persistence,,2021-02-09,2021-02-10,close,804.820007,849.460022
TSLA,persistence,,2021-02-09,2021-02-10,volatility,0.45277276479664325,0.4442718704338821
TSLA,persistence,,2021-02-09,2021-02-10,sharpe,-1.2847622935828154,1.5183607786992825
TSLA,persistence,,2021-02-10,2021-02-11,open,812.440002,804.820007
TSLA,persistence,,2021-02-10,2021-02-11,close,811.659973,804.820007
TSLA,persistence,,2021-02-10,2021-02-11,volatility,0.45350260079438925,0.45277276479664325
TSLA,persistence,,2021-02-10,2021-02-11,sharpe,-1.2091268591250008,-1.2847622935828154
TSLA,persistence,,2021-02-11,2021-02-12,open,801.26001,811.659973
TSLA,persistence,,2021-02-11,2021-02-12,close,816.119995,811.659973
TSLA,persistence,,2021-02-11,2021-02-12,volatility,0.4530214790890815,0.45350260079438925
TSLA,persistence,,2021-02-11,2021-02-12,sharpe,-0.7512599529660161,-1.2091268591250008
TSLA,persistence,,2021-02-12,2021-02-16,open,818.0,816.119995
TSLA,persistence,,2021-02-12,2021-02-16,close,796.219971,816.119995
TSLA,persistence,,2021-02-12,2021-02-16,volatility,0.45436040292306706,0.4530214790890815
TSLA,persistence,,2021-02-12,2021-02-16,sharpe,-0.806943743636232,-0.7512599529660161
TSLA,persistence,,2021-02-16,2021-02-17,open,779.090027,796.219971
TSLA,persistence,,2021-02-16,2021-02-17,close,798.150024,796.219971
TSLA,persistence,,2021-02-16,2021-02-17,volatility,0.44600793154398516,0.45436040292306706
TSLA,persistence,,2021-02-16,2021-02-17,sharpe,-1.38242377350872,-0.806943743636232
TSLA,persistence,,2021-02-17,2021-02-18,open,780.900024,798.150024
TSLA,persistence,,2021-02-17,2021-02-18,close,787.380005,798.150024
TSLA,persistence,,2021-02-17,2021-02-18,volatility,0.4461876510799834,0.44600793154398516
TSLA,persistence,,2021-02-17,2021-02-18,sharpe,-1.9601988091704337,-1.38242377350872
TSLA,persistence,,2021-02-18,2021-02-19,open,795.0,787.380005
TSLA,persistence,,2021-02-18,2021-02-19,close,781.299988,787.380005
TSLA,persistence,,2021-02-18,2021-02-19,volatility,0.4463256768255623,0.4461876510799834
TSLA,persistence,,2021-02-18,2021-02-19,sharpe,-1.9963396159677806,-1.9601988091704337
TSLA,persistence,,2021-02-19,2021-02-22,open,762.640015,781.299988
TSLA,persistence,,2021-02-19,2021-02-22,close,714.5,781.299988
TSLA,persistence,,2021-02-19,2021-02-22,volatility,0.5318231422440816,0.4463256768255623
TSLA,persistence,,2021-02-19,2021-02-22,sharpe,-3.7473042512081447,-1.9963396159677806
TSLA,persistence,,2021-02-22,2021-02-23,open,662.130005,714.5
TSLA,persistence,,2021-02-22,2021-02-23,close,698.840027,714.5
TSLA,persistence,,2021-02-22,2021-02-23,volatility,0.5019786612035709,0.5318231422440816
TSLA,persistence,,2021-02-22,2021-02-23,sharpe,-5.532990479458898,-3.7473042512081447
TSLA,persistence,,2021-02-23,2021-02-24,open,711.849976,698.840027
TSLA,persistence,,2021-02-23,2021-02-24,close,742.02002,698.840027
TSLA,persistence,,2021-02-23,2021-02-24,volatility,0.5634800595057151,0.5019786612035709
TSLA,persistence,,2021-02-23,2021-02-24,sharpe,-3.605580274981943,-5.532990479458898
TSLA,persistence,,2021-02-24,2021-02-25,open,726.150024,742.02002
TSLA,persistence,,2021-02-24,2021-02-25,close,682.219971,742.02002
TSLA,persistence,,2021-02-24,2021-02-25,volatility,0.6185358325971941,0.5634800595057151
TSLA,persistence,,2021-02-24,2021-02-25,sharpe,-4.489670655818826,-3.605580274981943
TSLA,persistence,,2021-02-25,2021-02-26,open,700.0,682.219971
TSLA,persistence,,2021-02-25,2021-02-26,close,675.5,682.219971
TSLA,persistence,,2021-02-25,2021-02-26,volatility,0.6129352939280739,0.6185358325971941
TSLA,persistence,,2021-02-25,2021-02-26,sharpe,-4.049746872246363,-4.489670655818826
TSLA,persistence,,2021-02-26,2021-03-01,open,690.109985,675.5
TSLA,persistence,,2021-02-26,2021-03-01,close,718.429993,675.5
TSLA,persistence,,2021-02-26,2021-03-01,volatility,0.6457809985469724,0.6129352939280739
TSLA,persistence,,2021-02-26,2021-03-01,sharpe,-1.6252082003114254,-4.049746872246363
TSLA,persistence,,2021-03-01,2021-03-02,open,718.280029,718.429993
TSLA,persistence,,2021-03-01,2021-03-02,close,686.440002,718.429993
TSLA,persistence,,2021-03-01,2021-03-02,volatility,0.6163110481268377,0.6457809985469724
TSLA,persistence,,2021-03-01,2021-03-02,sharpe,-3.805593672145269,-1.6252082003114254
TSLA,persistence,,2021-03-02,2021-03-03,open,687.98999,686.440002
TSLA,persistence,,2021-03-02,2021-03-03,close,653.200012,686.440002
TSLA,persistence,,2021-03-02,2021-03-03,volatility,0.6031041592205939,0.6163110481268377
TSLA,persistence,,2021-03-02,2021-03-03,sharpe,-5.721035212355957,-3.805593672145269
TSLA,persistence,,2021-03-03,2021-03-04,open,655.799988,653.200012
TSLA,persistence,,2021-03-03,2021-03-04,close,621.440002,653.200012
TSLA,persistence,,2021-03-03,2021-03-04,volatility,0.6154211186387902,0.6031041592205939
TSLA,persistence,,2021-03-03,2021-03-04,sharpe,-6.177428565726399,-5.721035212355957
TSLA,persistence,,2021-03-04,2021-03-05,open,626.059998,621.440002
TSLA,persistence,,2021-03-04,2021-03-05,close,597.950012,621.440002
TSLA,persistence,,2021-03-04,2021-03-05,volatility,0.6194146340891599,0.6154211186387902
TSLA,persistence,,2021-03-04,2021-03-05,sharpe,-6.794645051315523,-6.177428565726399
TSLA,persistence,,2021-03-05,2021-03-08,open,600.549988,597.950012
TSLA,persistence,,2021-03-05,2021-03-08,close,563.0,597.950012
TSLA,persistence,,2021-03-05,2021-03-08,volatility,0.6319475962069472,0.6194146340891599
TSLA,persistence,,2021-03-05,2021-03-08,sharpe,-7.877827298650059,-6.794645051315523
TSLA,persistence,,2021-03-08,2021-03-09,open,608.179993,563.0
TSLA,persistence,,2021-03-08,2021-03-09,close,673.580017,563.0
TSLA,persistence,,2021-03-08,2021-03-09,volatility,0.9912131132214398,0.6319475962069472
TSLA,persistence,,2021-03-08,2021-03-09,sharpe,-2.6926830630931056,-7.877827298650059
TSLA,persistence,,2021-03-09,2021-03-10,open,700.299988,673.580017
TSLA,persistence,,2021-03-09,2021-03-10,close,668.059998,673.580017
TSLA,persistence,,2021-03-09,2021-03-10,volatility,0.9910221680087022,0.9912131132214398
TSLA,persistence,,2021-03-09,2021-03-10,sharpe,-2.591829825264229,-2.6926830630931056
TSLA,persistence,,2021-03-10,2021-03-11,open,699.400024,668.059998
TSLA,persistence,,2021-03-10,2021-03-11,close,699.599976,668.059998
TSLA,persistence,,2021-03-10,2021-03-11,volatility,0.9977137365692226,0.9910221680087022
TSLA,persistence,,2021-03-10,2021-03-11,sharpe,-1.3145607070417948,-2.591829825264229
TSLA,persistence,,2021-03-11,2021-03-12,open,670.0,699.599976
TSLA,persistence,,2021-03-11,2021-03-12,close,693.72998,699.599976
TSLA,persistence,,2021-03-11,2021-03-12,volatility,0.9964374458891415,0.9977137365692226
TSLA,persistence,,2021-03-11,2021-03-12,sharpe,-1.5298099296441396,-1.3145607070417948
TSLA,persistence,,2021-03-12,2021-03-15,open,694.090027,693.72998
TSLA,persistence,,2021-03-12,2021-03-15,close,707.940002,693.72998
TSLA,persistence,,2021-03-12,2021-03-15,volatility,1.0001540149918273,0.9964374458891415
TSLA,persistence,,2021-03-12,2021-03-15,sharpe,-1.335298301979195,-1.5298099296441396
TSLA,persistence,,2021-03-15,2021-03-16,open,703.349976,707.940002
TSLA,persistence,,2021-03-15,2021-03-16,close,676.880005,707.940002
TSLA,persistence,,2021-03-15,2021-03-16,volatility,1.007452624918102,1.0001540149918273
TSLA,persistence,,2021-03-15,2021-03-16,sharpe,-1.5693828387857802,-1.335298301979195
TSLA,persistence,,2021-03-16,2021-03-17,open,656.869995,676.880005
TSLA,persistence,,2021-03-16,2021-03-17,close,701.809998,676.880005
TSLA,persistence,,2021-03-16,2021-03-17,volatility,1.0187323530940577,1.007452624918102
TSLA,persistence,,2021-03-16,2021-03-17,sharpe,-1.126453041809796,-1.5693828387857802
TSLA,persistence,,2021-03-17,2021-03-18,open,684.289978,701.809998
TSLA,persistence,,2021-03-17,2021-03-18,close,653.159973,701.809998
TSLA,persistence,,2021-03-17,2021-03-18,volatility,1.0441860823072184,1.0187323530940577
TSLA,persistence,,2021-03-17,2021-03-18,sharpe,-1.7726487670600939,-1.126453041809796
TSLA,persistence,,2021-03-18,2021-03-19,open,646.599976,653.159973
TSLA,persistence,,2021-03-18,2021-03-19,close,654.869995,653.159973
TSLA,persistence,,2021-03-18,2021-03-19,volatility,1.0447814928487553,1.0441860823072184
TSLA,persistence,,2021-03-18,2021-03-19,sharpe,-1.6469398978923577,-1.7726487670600939
TSLA,persistence,,2021-03-19,2021-03-22,open,684.590027,654.869995
TSLA,persistence,,2021-03-19,2021-03-22,close,670.0,654.869995
TSLA,persistence,,2021-03-19,2021-03-22,volatility,1.0067489746803426,1.0447814928487553
TSLA,persistence,,2021-03-19,2021-03-22,sharpe,-0.3499410475769264,-1.6469398978923577
TSLA,persistence,,2021-03-22,2021-03-23,open,675.77002,670.0
TSLA,persistence,,2021-03-22,2021-03-23,close,662.159973,670.0
TSLA,persistence,,2021-03-22,2021-03-23,volatility,1.0046382234568223,1.0067489746803426
TSLA,persistence,,2021-03-22,2021-03-23,sharpe,-0.2225507882941506,-0.3499410475769264
TSLA,persistence,,2021-03-23,2021-03-24,open,667.909973,662.159973
TSLA,persistence,,2021-03-23,2021-03-24,close,630.27002,662.159973
TSLA,persistence,,2021-03-23,2021-03-24,volatility,0.9893538027667484,1.0046382234568223
TSLA,persistence,,2021-03-23,2021-03-24,sharpe,-1.6262486262901843,-0.2225507882941506
TSLA,persistence,,2021-03-24,2021-03-25,open,613.0,630.27002
TSLA,persistence,,2021-03-24,2021-03-25,close,640.390015,630.27002
TSLA,persistence,,2021-03-24,2021-03-25,volatility,0.9519829899463749,0.9893538027667484
TSLA,persistence,,2021-03-24,2021-03-25,sharpe,-0.41090749156309203,-1.6262486262901843
TSLA,persistence,,2021-03-25,2021-03-26,open,641.869995,640.390015
TSLA,persistence,,2021-03-25,2021-03-26,close,618.710022,640.390015
TSLA,persistence,,2021-03-25,2021-03-26,volatility,0.9585485717183851,0.9519829899463749
TSLA,persistence,,2021-03-25,2021-03-26,sharpe,-0.7236252298592485,-0.41090749156309203
TSLA,persistence,,2021-03-26,2021-03-29,open,615.640015,618.710022
TSLA,persistence,,2021-03-26,2021-03-29,close,611.289978,618.710022
TSLA,persistence,,2021-03-26,2021-03-29,volatility,0.9262034408110805,0.9585485717183851
TSLA,persistence,,2021-03-26,2021-03-29,sharpe,-1.7766134392742143,-0.7236252298592485
TSLA,persistence,,2021-03-29,2021-03-30,open,601.75,611.289978
TSLA,persistence,,2021-03-29,2021-03-30,close,635.619995,611.289978
TSLA,persistence,,2021-03-29,2021-03-30,volatility,0.9286856764201753,0.9262034408110805
TSLA,persistence,,2021-03-29,2021-03-30,sharpe,-0.6277294020769809,-1.7766134392742143
TSLA,persistence,,2021-03-30,2021-03-31,open,646.619995,635.619995
TSLA,persistence,,2021-03-30,2021-03-31,close,667.929993,635.619995
TSLA,persistence,,2021-03-30,2021-03-31,volatility,0.9301533787377118,0.9286856764201753
TSLA,persistence,,2021-03-30,2021-03-31,sharpe,0.7177979614846546,-0.6277294020769809
TSLA,persistence,,2021-03-31,2021-04-01,open,688.369995,667.929993
TSLA,persistence,,2021-03-31,2021-04-01,close,661.75,667.929993
TSLA,persistence,,2021-03-31,2021-04-01,volatility,0.911685415077651,0.9301533787377118
TSLA,persistence,,2021-03-31,2021-04-01,sharpe,1.2764498890076512,0.7177979614846546
TSLA,persistence,,2021-04-01,2021-04-05,open,707.710022,661.75
TSLA,persistence,,2021-04-01,2021-04-05,close,691.049988,661.75
TSLA,persistence,,2021-04-01,2021-04-05,volatility,0.9075791724780875,0.911685415077651
TSLA,persistence,,2021-04-01,2021-04-05,sharpe,2.4216906019687294,1.2764498890076512
TSLA,persistence,,2021-04-05,2021-04-06,open,690.299988,691.049988
TSLA,persistence,,2021-04-05,2021-04-06,close,691.619995,691.049988
TSLA,persistence,,2021-04-05,2021-04-06,volatility,0.8731286543181602,0.9075791724780875
TSLA,persistence,,2021-04-05,2021-04-06,sharpe,3.372624920721298,2.4216906019687294
TSLA,persistence,,2021-04-06,2021-04-07,open,687.0,691.619995
TSLA,persistence,,2021-04-06,2021-04-07,close,670.969971,691.619995
TSLA,persistence,,2021-04-06,2021-04-07,volatility,0.5465344958927829,0.8731286543181602
TSLA,persistence,,2021-04-06,2021-04-07,sharpe,0.17151480545551026,3.372624920721298
TSLA,persistence,,2021-04-07,2021-04-08,open,677.380005,670.969971
TSLA,persistence,,2021-04-07,2021-04-08,close,683.799988,670.969971
TSLA,persistence,,2021-04-07,2021-04-08,volatility,0.5494490977092413,0.5465344958927829
TSLA,persistence,,2021-04-07,2021-04-08,sharpe,0.7970318814827706,0.17151480545551026
TSLA,persistence,,2021-04-08,2021-04-09,open,677.77002,683.799988
TSLA,persistence,,2021-04-08,2021-04-09,close,677.02002,683.799988
TSLA,persistence,,2021-04-08,2021-04-09,volatility,0.523550477566446,0.5494490977092413
TSLA,persistence,,2021-04-08,2021-04-09,sharpe,-0.538371306450802,0.7970318814827706
TSLA,persistence,,2021-04-09,2021-04-12,open,685.700012,677.02002
TSLA,persistence,,2021-04-09,2021-04-12,close,701.97998,677.02002
TSLA,persistence,,2021-04-09,2021-04-12,volatility,0.5396139167547938,0.523550477566446
TSLA,persistence,,2021-04-09,2021-04-12,sharpe,0.5344281771482213,-0.538371306450802
TSLA,persistence,,2021-04-12,2021-04-13,open,712.700012,701.97998
TSLA,persistence,,2021-04-12,2021-04-13,close,762.320007,701.97998
TSLA,persistence,,2021-04-12,2021-04-13,volatility,0.6154543044311345,0.5396139167547938
TSLA,persistence,,2021-04-12,2021-04-13,sharpe,1.808988441342025,0.5344281771482213
TSLA,persistence,,2021-04-13,2021-04-14,open,770.700012,762.320007
TSLA,persistence,,2021-04-13,2021-04-14,close,732.22998,762.320007
TSLA,persistence,,2021-04-13,2021-04-14,volatility,0.6110556727388721,0.6154543044311345
TSLA,persistence,,2021-04-13,2021-04-14,sharpe,1.9127822800356225,1.808988441342025
TSLA,persistence,,2021-04-14,2021-04-15,open,743.099976,732.22998
TSLA,persistence,,2021-04-14,2021-04-15,close,738.849976,732.22998
TSLA,persistence,,2021-04-14,2021-04-15,volatility,0.599490239807876,0.6110556727388721
TSLA,persistence,,2021-04-14,2021-04-15,sharpe,1.3656003336957114,1.9127822800356225
TSLA,persistence,,2021-04-15,2021-04-16,open,728.650024,738.849976
TSLA,persistence,,2021-04-15,2021-04-16,close,739.780029,738.849976
TSLA,persistence,,2021-04-15,2021-04-16,volatility,0.5350602216383167,0.599490239807876
TSLA,persistence,,2021-04-15,2021-04-16,sharpe,3.1921018793597438,1.3656003336957114
TSLA,persistence,,2021-04-16,2021-04-19,open,719.599976,739.780029
TSLA,persistence,,2021-04-16,2021-04-19,close,714.630005,739.780029
TSLA,persistence,,2021-04-16,2021-04-19,volatility,0.554275611324528,0.5350602216383167
TSLA,persistence,,2021-04-16,2021-04-19,sharpe,2.2491004358720845,3.1921018793597438
TSLA,persistence,,2021-04-19,2021-04-20,open,717.419983,714.630005
TSLA,persistence,,2021-04-19,2021-04-20,close,718.98999,714.630005
TSLA,persistence,,2021-04-19,2021-04-20,volatility,0.5501589678241564,0.554275611324528
TSLA,persistence,,2021-04-19,2021-04-20,sharpe,1.8765237034060083,2.2491004358720845
TSLA,persistence,,2021-04-20,2021-04-21,open,704.77002,718.98999
TSLA,persistence,,2021-04-20,2021-04-21,close,744.119995,718.98999
TSLA,persistence,,2021-04-20,2021-04-21,volatility,0.5572684928769751,0.5501589678241564
TSLA,persistence,,2021-04-20,2021-04-21,sharpe,2.907428905721843,1.8765237034060083
TSLA,persistence,,2021-04-21,2021-04-22,open,741.5,744.119995
TSLA,persistence,,2021-04-21,2021-04-22,close,719.690002,744.119995
TSLA,persistence,,2021-04-21,2021-04-22,volatility,0.5397319785616552,0.5572684928769751
TSLA,persistence,,2021-04-21,2021-04-22,sharpe,3.3597671001066693,2.907428905721843
TSLA,persistence,,2021-04-22,2021-04-23,open,719.799988,719.690002
TSLA,persistence,,2021-04-22,2021-04-23,close,729.400024,719.690002
TSLA,persistence,,2021-04-22,2021-04-23,volatility,0.5392501145028054,0.5397319785616552
TSLA,persistence,,2021-04-22,2021-04-23,sharpe,3.3028442405130933,3.3597671001066693
TSLA,persistence,,2021-04-23,2021-04-26,open,741.0,729.400024
TSLA,persistence,,2021-04-23,2021-04-26,close,738.200012,729.400024
TSLA,persistence,,2021-04-23,2021-04-26,volatility,0.5172164764182983,0.5392501145028054
TSLA,persistence,,2021-04-23,2021-04-26,sharpe,4.5621887535527375,3.3028442405130933
TSLA,persistence,,2021-04-26,2021-04-27,open,717.960022,738.200012
TSLA,persistence,,2021-04-26,2021-04-27,close,704.73999,738.200012
TSLA,persistence,,2021-04-26,2021-04-27,volatility,0.5480848579793158,0.5172164764182983
TSLA,persistence,,2021-04-26,2021-04-27,sharpe,3.5389303665878185,4.5621887535527375
TSLA,persistence,,2021-04-27,2021-04-28,open,696.409973,704.73999
TSLA,persistence,,2021-04-27,2021-04-28,close,694.400024,704.73999
TSLA,persistence,,2021-04-27,2021-04-28,volatility,0.5398107979516756,0.5480848579793158
TSLA,persistence,,2021-04-27,2021-04-28,sharpe,2.3216887246466587,3.5389303665878185
TSLA,persistence,,2021-04-28,2021-04-29,open,699.51001,694.400024
TSLA,persistence,,2021-04-28,2021-04-29,close,677.0,694.400024
TSLA,persistence,,2021-04-28,2021-04-29,volatility,0.5211956150217707,0.5398107979516756
TSLA,persistence,,2021-04-28,2021-04-29,sharpe,0.5699587331496858,2.3216887246466587
TSLA,persistence,,2021-04-29,2021-04-30,open,667.590027,677.0
TSLA,persistence,,2021-04-29,2021-04-30,close,709.440002,677.0
TSLA,persistence,,2021-04-29,2021-04-30,volatility,0.5449838592750478,0.5211956150217707
TSLA,persistence,,2021-04-29,2021-04-30,sharpe,1.8668419535683378,0.5699587331496858
TSLA,persistence,,2021-04-30,2021-05-03,open,703.799988,709.440002
TSLA,persistence,,2021-04-30,2021-05-03,close,684.900024,709.440002
TSLA,persistence,,2021-04-30,2021-05-03,volatility,0.5396268025715287,0.5449838592750478
TSLA,persistence,,2021-04-30,2021-05-03,sharpe,0.04386846776296402,1.8668419535683378
TSLA,persistence,,2021-05-03,2021-05-04,open,678.940002,684.900024
TSLA,persistence,,2021-05-03,2021-05-04,close,673.599976,684.900024
TSLA,persistence,,2021-05-03,2021-05-04,volatility,0.5428099043640578,0.5396268025715287
TSLA,persistence,,2021-05-03,2021-05-04,sharpe,-0.35851528149928785,0.04386846776296402
TSLA,persistence,,2021-05-04,2021-05-05,open,681.059998,673.599976
TSLA,persistence,,2021-05-04,2021-05-05,close,670.940002,673.599976
TSLA,persistence,,2021-05-04,2021-05-05,volatility,0.5320820525574935,0.5428099043640578
TSLA,persistence,,2021-05-04,2021-05-05,sharpe,0.2477859229237877,-0.35851528149928785
TSLA,persistence,,2021-05-05,2021-05-06,open,680.76001,670.940002
TSLA,persistence,,2021-05-05,2021-05-06,close,663.539978,670.940002
TSLA,persistence,,2021-05-05,2021-05-06,volatility,0.5288580342573024,0.5320820525574935
TSLA,persistence,,2021-05-05,2021-05-06,sharpe,-0.4690471055055525,0.2477859229237877
TSLA,persistence,,2021-05-06,2021-05-07,open,665.799988,663.539978
TSLA,persistence,,2021-05-06,2021-05-07,close,672.369995,663.539978
TSLA,persistence,,2021-05-06,2021-05-07,volatility,0.5300796254292396,0.5288580342573024
TSLA,persistence,,2021-05-06,2021-05-07,sharpe,0.08403466806459194,-0.4690471055055525
TSLA,persistence,,2021-05-07,2021-05-10,open,664.900024,672.369995
TSLA,persistence,,2021-05-07,2021-05-10,close,629.039978,672.369995
TSLA,persistence,,2021-05-07,2021-05-10,volatility,0.558307517764802,0.5300796254292396
TSLA,persistence,,2021-05-07,2021-05-10,sharpe,-2.2066240113704954,0.08403466806459194
TSLA,persistence,,2021-05-10,2021-05-11,open,599.23999,629.039978
TSLA,persistence,,2021-05-10,2021-05-11,close,617.200012,629.039978
TSLA,persistence,,2021-05-10,2021-05-11,volatility,0.44445649554922,0.558307517764802
TSLA,persistence,,2021-05-10,2021-05-11,sharpe,-5.742277430632972,-2.2066240113704954
TSLA,persistence,,2021-05-11,2021-05-12,open,602.48999,617.200012
TSLA,persistence,,2021-05-11,2021-05-12,close,589.890015,617.200012
TSLA,persistence,,2021-05-11,2021-05-12,volatility,0.4489399302584709,0.44445649554922
TSLA,persistence,,2021-05-11,2021-05-12,sharpe,-5.818990545822302,-5.742277430632972
TSLA,persistence,,2021-05-12,2021-05-13,open,601.539978,589.890015
TSLA,persistence,,2021-05-12,2021-05-13,close,571.690002,589.890015
TSLA,persistence,,2021-05-12,2021-05-13,volatility,0.4484001025726377,0.4489399302584709
TSLA,persistence,,2021-05-12,2021-05-13,sharpe,-6.947016438478933,-5.818990545822302
TSLA,persistence,,2021-05-13,2021-05-14,open,583.409973,571.690002
TSLA,persistence,,2021-05-13,2021-05-14,close,589.73999,571.690002
TSLA,persistence,,2021-05-13,2021-05-14,volatility,0.4728569649903271,0.4484001025726377
TSLA,persistence,,2021-05-13,2021-05-14,sharpe,-5.779936727458113,-6.947016438478933
TSLA,persistence,,2021-05-14,2021-05-17,open,575.549988,589.73999
TSLA,persistence,,2021-05-14,2021-05-17,close,576.830017,589.73999
TSLA,persistence,,2021-05-14,2021-05-17,volatility,0.4669110896193771,0.4728569649903271
TSLA,persistence,,2021-05-14,2021-05-17,sharpe,-5.526859370710294,-5.779936727458113
TSLA,persistence,,2021-05-17,2021-05-18,open,568.0,576.830017
TSLA,persistence,,2021-05-17,2021-05-18,close,577.869995,576.830017
TSLA,persistence,,2021-05-17,2021-05-18,volatility,0.465161916155287,0.4669110896193771
TSLA,persistence,,2021-05-17,2021-05-18,sharpe,-5.664066935959278,-5.526859370710294
TSLA,persistence,,2021-05-18,2021-05-19,open,552.549988,577.869995
TSLA,persistence,,2021-05-18,2021-05-19,close,563.460022,577.869995
TSLA,persistence,,2021-05-18,2021-05-19,volatility,0.4352384881643704,0.465161916155287
TSLA,persistence,,2021-05-18,2021-05-19,sharpe,-7.787223091445908,-5.664066935959278
TSLA,persistence,,2021-05-19,2021-05-20,open,575.0,563.460022
TSLA,persistence,,2021-05-19,2021-05-20,close,586.780029,563.460022
TSLA,persistence,,2021-05-19,2021-05-20,volatility,0.46976686138308094,0.4352384881643704
TSLA,persistence,,2021-05-19,2021-05-20,sharpe,-5.224195713488156,-7.787223091445908
TSLA,persistence,,2021-05-20,2021-05-21,open,596.109985,586.780029
TSLA,persistence,,2021-05-20,2021-05-21,close,580.880005,586.780029
TSLA,persistence,,2021-05-20,2021-05-21,volatility,0.4616891787473611,0.46976686138308094
TSLA,persistence,,2021-05-20,2021-05-21,sharpe,-5.95821750274209,-5.224195713488156
TSLA,persistence,,2021-05-21,2021-05-24,open,581.599976,580.880005
TSLA,persistence,,2021-05-21,2021-05-24,close,606.440002,580.880005
TSLA,persistence,,2021-05-21,2021-05-24,volatility,0.49545723934107727,0.4616891787473611
TSLA,persistence,,2021-05-21,2021-05-24,sharpe,-4.739928710353714,-5.95821750274209
TSLA,persistence,,2021-05-24,2021-05-25,open,607.309998,606.440002
TSLA,persistence,,2021-05-24,2021-05-25,close,604.690002,606.440002
TSLA,persistence,,2021-05-24,2021-05-25,volatility,0.4771124517847452,0.49545723934107727
TSLA,persistence,,2021-05-24,2021-05-25,sharpe,-3.8013634727177794,-4.739928710353714
TSLA,persistence,,2021-05-25,2021-05-26,open,607.559998,604.690002
TSLA,persistence,,2021-05-25,2021-05-26,close,619.130005,604.690002
TSLA,persistence,,2021-05-25,2021-05-26,volatility,0.4885887949573571,0.4771124517847452
TSLA,persistence,,2021-05-25,2021-05-26,sharpe,-2.717872712931198,-3.8013634727177794
TSLA,persistence,,2021-05-26,2021-05-27,open,620.23999,619.130005
TSLA,persistence,,2021-05-26,2021-05-27,close,630.849976,619.130005
TSLA,persistence,,2021-05-26,2021-05-27,volatility,0.48990754250955154,0.4885887949573571
TSLA,persistence,,2021-05-26,2021-05-27,sharpe,-1.5792391657113802,-2.717872712931198
TSLA,persistence,,2021-05-27,2021-05-28,open,628.5,630.849976
TSLA,persistence,,2021-05-27,2021-05-28,close,625.219971,630.849976
TSLA,persistence,,2021-05-27,2021-05-28,volatility,0.45148734061504864,0.48990754250955154
TSLA,persistence,,2021-05-27,2021-05-28,sharpe,-3.2999537858733805,-1.5792391657113802
TSLA,persistence,,2021-05-28,2021-06-01,open,627.799988,625.219971
TSLA,persistence,,2021-05-28,2021-06-01,close,623.900024,625.219971
TSLA,persistence,,2021-05-28,2021-06-01,volatility,0.43866227831843907,0.45148734061504864
TSLA,persistence,,2021-05-28,2021-06-01,sharpe,-2.4635037454983637,-3.2999537858733805
TSLA,persistence,,2021-06-01,2021-06-02,open,620.130005,623.900024
TSLA,persistence,,2021-06-01,2021-06-02,close,605.119995,623.900024
TSLA,persistence,,2021-06-01,2021-06-02,volatility,0.4462752578403487,0.43866227831843907
TSLA,persistence,,2021-06-01,2021-06-02,sharpe,-2.8055192295972353,-2.4635037454983637
TSLA,persistence,,2021-06-02,2021-06-03,open,601.799988,605.119995
TSLA,persistence,,2021-06-02,2021-06-03,close,572.840027,605.119995
TSLA,persistence,,2021-06-02,2021-06-03,volatility,0.478089046300764,0.4462752578403487
TSLA,persistence,,2021-06-02,2021-06-03,sharpe,-3.9206534679464644,-2.8055192295972353
TSLA,persistence,,2021-06-03,2021-06-04,open,579.710022,572.840027
TSLA,persistence,,2021-06-03,2021-06-04,close,599.049988,572.840027
TSLA,persistence,,2021-06-03,2021-06-04,volatility,0.5136022579198802,0.478089046300764
TSLA,persistence,,2021-06-03,2021-06-04,sharpe,-2.2565052196479143,-3.9206534679464644
TSLA,persistence,,2021-06-04,2021-06-07,open,591.830017,599.049988
TSLA,persistence,,2021-06-04,2021-06-07,close,605.130005,599.049988
TSLA,persistence,,2021-06-04,2021-06-07,volatility,0.5122625427765141,0.5136022579198802
TSLA,persistence,,2021-06-04,2021-06-07,sharpe,-2.340083358747454,-2.2565052196479143
TSLA,persistence,,2021-06-07,2021-06-08,open,623.01001,605.130005
TSLA,persistence,,2021-06-07,2021-06-08,close,603.590027,605.130005
TSLA,persistence,,2021-06-07,2021-06-08,volatility,0.46117971442098393,0.5122625427765141
TSLA,persistence,,2021-06-07,2021-06-08,sharpe,-0.9081311921497079,-2.340083358747454
TSLA,persistence,,2021-06-08,2021-06-09,open,602.169983,603.590027
TSLA,persistence,,2021-06-08,2021-06-09,close,598.780029,603.590027
TSLA,persistence,,2021-06-08,2021-06-09,volatility,0.4574172168400468,0.46117971442098393
TSLA,persistence,,2021-06-08,2021-06-09,sharpe,-0.6166364740212829,-0.9081311921497079
TSLA,persistence,,2021-06-09,2021-06-10,open,603.880005,598.780029
TSLA,persistence,,2021-06-09,2021-06-10,close,610.119995,598.780029
TSLA,persistence,,2021-06-09,2021-06-10,volatility,0.4327215021539598,0.4574172168400468
TSLA,persistence,,2021-06-09,2021-06-10,sharpe,1.1880431338047654,-0.6166364740212829
TSLA,persistence,,2021-06-10,2021-06-11,open,610.22998,610.119995
TSLA,persistence,,2021-06-10,2021-06-11,close,609.890015,610.119995
TSLA,persistence,,2021-06-10,2021-06-11,volatility,0.415161567130297,0.4327215021539598
TSLA,persistence,,2021-06-10,2021-06-11,sharpe,2.163237450444685,1.1880431338047654
TSLA,persistence,,2021-06-11,2021-06-14,open,612.22998,609.890015
TSLA,persistence,,2021-06-11,2021-06-14,close,617.690002,609.890015
TSLA,persistence,,2021-06-11,2021-06-14,volatility,0.4035452775397628,0.415161567130297
TSLA,persistence,,2021-06-11,2021-06-14,sharpe,1.6390139987874057,2.163237450444685
TSLA,persistence,,2021-06-14,2021-06-15,open,616.690002,617.690002
TSLA,persistence,,2021-06-14,2021-06-15,close,599.359985,617.690002
TSLA,persistence,,2021-06-14,2021-06-15,volatility,0.4106998503166295,0.4035452775397628
TSLA,persistence,,2021-06-14,2021-06-15,sharpe,1.3716490806649488,1.6390139987874057
TSLA,persistence,,2021-06-15,2021-06-16,open,597.539978,599.359985
TSLA,persistence,,2021-06-15,2021-06-16,close,604.869995,599.359985
TSLA,persistence,,2021-06-15,2021-06-16,volatility,0.4114337493183301,0.4106998503166295
TSLA,persistence,,2021-06-15,2021-06-16,sharpe,1.5955255452293968,1.3716490806649488
TSLA,persistence,,2021-06-16,2021-06-17,open,601.890015,604.869995
TSLA,persistence,,2021-06-16,2021-06-17,close,616.599976,604.869995
TSLA,persistence,,2021-06-16,2021-06-17,volatility,0.4020597229796194,0.4114337493183301
TSLA,persistence,,2021-06-16,2021-06-17,sharpe,3.021932868027401,1.5955255452293968
TSLA,persistence,,2021-06-17,2021-06-18,open,613.369995,616.599976
TSLA,persistence,,2021-06-17,2021-06-18,close,623.309998,616.599976
TSLA,persistence,,2021-06-17,2021-06-18,volatility,0.37919465650066647,0.4020597229796194
TSLA,persistence,,2021-06-17,2021-06-18,sharpe,2.190527293644463,3.021932868027401
TSLA,persistence,,2021-06-18,2021-06-21,open,624.47998,623.309998
TSLA,persistence,,2021-06-18,2021-06-21,close,620.830017,623.309998
TSLA,persistence,,2021-06-18,2021-06-21,volatility,0.3769640118519713,0.37919465650066647
TSLA,persistence,,2021-06-18,2021-06-21,sharpe,2.4065857372874326,2.190527293644463
TSLA,persistence,,2021-06-21,2021-06-22,open,618.25,620.830017
TSLA,persistence,,2021-06-21,2021-06-22,close,623.710022,620.830017
TSLA,persistence,,2021-06-21,2021-06-22,volatility,0.3455990107362553,0.3769640118519713
TSLA,persistence,,2021-06-21,2021-06-22,sharpe,1.1898743636381457,2.4065857372874326
TSLA,persistence,,2021-06-22,2021-06-23,open,632.0,623.710022
TSLA,persistence,,2021-06-22,2021-06-23,close,656.570007,623.710022
TSLA,persistence,,2021-06-22,2021-06-23,volatility,0.38947296422462835,0.3455990107362553
TSLA,persistence,,2021-06-22,2021-06-23,sharpe,2.853616701959557,1.1898743636381457
TSLA,persistence,,2021-06-23,2021-06-24,open,674.98999,656.570007
TSLA,persistence,,2021-06-23,2021-06-24,close,679.820007,656.570007
TSLA,persistence,,2021-06-23,2021-06-24,volatility,0.39914916556045,0.38947296422462835
TSLA,persistence,,2021-06-23,2021-06-24,sharpe,3.1484491824964986,2.853616701959557
TSLA,persistence,,2021-06-24,2021-06-25,open,689.580017,679.820007
TSLA,persistence,,2021-06-24,2021-06-25,close,671.869995,679.820007
TSLA,persistence,,2021-06-24,2021-06-25,volatility,0.3997628938746561,0.39914916556045
TSLA,persistence,,2021-06-24,2021-06-25,sharpe,2.1783864514665026,3.1484491824964986
TSLA,persistence,,2021-06-25,2021-06-28,open,671.640015,671.869995
TSLA,persistence,,2021-06-25,2021-06-28,close,688.719971,671.869995
TSLA,persistence,,2021-06-25,2021-06-28,volatility,0.4039954252639457,0.3997628938746561
TSLA,persistence,,2021-06-25,2021-06-28,sharpe,3.2160875141669534,2.1783864514665026
TSLA,persistence,,2021-06-28,2021-06-29,open,684.650024,688.719971
TSLA,persistence,,2021-06-28,2021-06-29,close,680.76001,688.719971
TSLA,persistence,,2021-06-28,2021-06-29,volatility,0.4076243915011467,0.4039954252639457
TSLA,persistence,,2021-06-28,2021-06-29,sharpe,2.895458354467653,3.2160875141669534
TSLA,persistence,,2021-06-29,2021-06-30,open,679.77002,680.76001
TSLA,persistence,,2021-06-29,2021-06-30,close,679.700012,680.76001
TSLA,persistence,,2021-06-29,2021-06-30,volatility,0.38740919000834223,0.4076243915011467
TSLA,persistence,,2021-06-29,2021-06-30,sharpe,3.9749008752674406,2.895458354467653
TSLA,persistence,,2021-06-30,2021-07-01,open,683.919983,679.700012
TSLA,persistence,,2021-06-30,2021-07-01,close,677.919983,679.700012
TSLA,persistence,,2021-06-30,2021-07-01,volatility,0.32016486056600774,0.38740919000834223
TSLA,persistence,,2021-06-30,2021-07-01,sharpe,6.80605418248709,3.9749008752674406
TSLA,persistence,,2021-07-01,2021-07-02,open,678.97998,677.919983
TSLA,persistence,,2021-07-01,2021-07-02,close,678.900024,677.919983
TSLA,persistence,,2021-07-01,2021-07-02,volatility,0.2891861516668456,0.32016486056600774
TSLA,persistence,,2021-07-01,2021-07-02,sharpe,5.604587343520107,6.80605418248709
TSLA,persistence,,2021-07-02,2021-07-06,open,681.710022,678.900024
TSLA,persistence,,2021-07-02,2021-07-06,close,659.580017,678.900024
TSLA,persistence,,2021-07-02,2021-07-06,volatility,0.31400912877706205,0.2891861516668456
TSLA,persistence,,2021-07-02,2021-07-06,sharpe,3.612372098237032,5.604587343520107
TSLA,persistence,,2021-07-06,2021-07-07,open,664.27002,659.580017
TSLA,persistence,,2021-07-06,2021-07-07,close,644.650024,659.580017
TSLA,persistence,,2021-07-06,2021-07-07,volatility,0.32778450893665373,0.31400912877706205
TSLA,persistence,,2021-07-06,2021-07-07,sharpe,2.6882739786720875,3.612372098237032
TSLA,persistence,,2021-07-07,2021-07-08,open,628.369995,644.650024
TSLA,persistence,,2021-07-07,2021-07-08,close,652.809998,644.650024
TSLA,persistence,,2021-07-07,2021-07-08,volatility,0.32638946555722226,0.32778450893665373
TSLA,persistence,,2021-07-07,2021-07-08,sharpe,3.496051622337514,2.6882739786720875
TSLA,persistence,,2021-07-08,2021-07-09,open,653.179993,652.809998
TSLA,persistence,,2021-07-08,2021-07-09,close,656.950012,652.809998
TSLA,persistence,,2021-07-08,2021-07-09,volatility,0.3220470079063948,0.32638946555722226
TSLA,persistence,,2021-07-08,2021-07-09,sharpe,3.0503530649878554,3.496051622337514
TSLA,persistence,,2021-07-09,2021-07-12,open,662.200012,656.950012
TSLA,persistence,,2021-07-09,2021-07-12,close,685.700012,656.950012
TSLA,persistence,,2021-07-09,2021-07-12,volatility,0.35108039993764706,0.3220470079063948
TSLA,persistence,,2021-07-09,2021-07-12,sharpe,4.382239417228871,3.0503530649878554
TSLA,persistence,,2021-07-12,2021-07-13,open,686.320007,685.700012
TSLA,persistence,,2021-07-12,2021-07-13,close,668.539978,685.700012
TSLA,persistence,,2021-07-12,2021-07-13,volatility,0.3668382639190762,0.35108039993764706
TSLA,persistence,,2021-07-12,2021-07-13,sharpe,2.8951522863245707,4.382239417228871
TSLA,persistence,,2021-07-13,2021-07-14,open,670.75,668.539978
TSLA,persistence,,2021-07-13,2021-07-14,close,653.380005,668.539978
TSLA,persistence,,2021-07-13,2021-07-14,volatility,0.3590205655773483,0.3668382639190762
TSLA,persistence,,2021-07-13,2021-07-14,sharpe,3.2038230530540486,2.8951522863245707
TSLA,persistence,,2021-07-14,2021-07-15,open,658.390015,653.380005
TSLA,persistence,,2021-07-14,2021-07-15,close,650.599976,653.380005
TSLA,persistence,,2021-07-14,2021-07-15,volatility,0.3598934234267255,0.3590205655773483
TSLA,persistence,,2021-07-14,2021-07-15,sharpe,2.7252334066881145,3.2038230530540486
TSLA,persistence,,2021-07-15,2021-07-16,open,654.679993,650.599976
TSLA,persistence,,2021-07-15,2021-07-16,close,644.219971,650.599976
TSLA,persistence,,2021-07-15,2021-07-16,volatility,0.35813400565561365,0.3598934234267255
TSLA,persistence,,2021-07-15,2021-07-16,sharpe,1.711335290632602,2.7252334066881145
TSLA,persistence,,2021-07-16,2021-07-19,open,629.890015,644.219971
TSLA,persistence,,2021-07-16,2021-07-19,close,646.219971,644.219971
TSLA,persistence,,2021-07-16,2021-07-19,volatility,0.35676151521700766,0.35813400565561365
TSLA,persistence,,2021-07-16,2021-07-19,sharpe,1.4432261170021816,1.711335290632602
TSLA,persistence,,2021-07-19,2021-07-20,open,651.98999,646.219971
TSLA,persistence,,2021-07-19,2021-07-20,close,660.5,646.219971
TSLA,persistence,,2021-07-19,2021-07-20,volatility,0.362878945540016,0.35676151521700766
TSLA,persistence,,2021-07-19,2021-07-20,sharpe,2.3243332039586524,1.4432261170021816
TSLA,persistence,,2021-07-20,2021-07-21,open,659.609985,660.5
TSLA,persistence,,2021-07-20,2021-07-21,close,655.289978,660.5
TSLA,persistence,,2021-07-20,2021-07-21,volatility,0.3650055878879606,0.362878945540016
TSLA,persistence,,2021-07-20,2021-07-21,sharpe,1.8783601115574147,2.3243332039586524
TSLA,persistence,,2021-07-21,2021-07-22,open,656.440002,655.289978
TSLA,persistence,,2021-07-21,2021-07-22,close,649.26001,655.289978
TSLA,persistence,,2021-07-21,2021-07-22,volatility,0.3153797040575439,0.3650055878879606
TSLA,persistence,,2021-07-21,2021-07-22,sharpe,-0.2985622615499876,1.8783601115574147
TSLA,persistence,,2021-07-22,2021-07-23,open,646.359985,649.26001
TSLA,persistence,,2021-07-22,2021-07-23,close,643.380005,649.26001
TSLA,persistence,,2021-07-22,2021-07-23,volatility,0.2866507581300239,0.3153797040575439
TSLA,persistence,,2021-07-22,2021-07-23,sharpe,-2.2831073442268113,-0.2985622615499876
TSLA,persistence,,2021-07-23,2021-07-26,open,650.969971,643.380005
TSLA,persistence,,2021-07-23,2021-07-26,close,657.619995,643.380005
TSLA,persistence,,2021-07-23,2021-07-26,volatility,0.29736110994804016,0.2866507581300239
TSLA,persistence,,2021-07-23,2021-07-26,sharpe,-0.7675160380200721,-2.2831073442268113
TSLA,persistence,,2021-07-26,2021-07-27,open,663.400024,657.619995
TSLA,persistence,,2021-07-26,2021-07-27,close,644.780029,657.619995
TSLA,persistence,,2021-07-26,2021-07-27,volatility,0.2876574257700144,0.29736110994804016
TSLA,persistence,,2021-07-26,2021-07-27,sharpe,-2.747161377307358,-0.7675160380200721
TSLA,persistence,,2021-07-27,2021-07-28,open,647.0,644.780029
TSLA,persistence,,2021-07-27,2021-07-28,close,646.97998,644.780029
TSLA,persistence,,2021-07-27,2021-07-28,volatility,0.2867509974857442,0.2876574257700144
TSLA,persistence,,2021-07-27,2021-07-28,sharpe,-2.098074512015574,-2.747161377307358
TSLA,persistence,,2021-07-28,2021-07-29,open,649.789978,646.97998
TSLA,persistence,,2021-07-28,2021-07-29,close,677.349976,646.97998
TSLA,persistence,,2021-07-28,2021-07-29,volatility,0.3360513862081847,0.2867509974857442
TSLA,persistence,,2021-07-28,2021-07-29,sharpe,0.028129539486841174,-2.098074512015574
TSLA,persistence,,2021-07-29,2021-07-30,open,671.76001,677.349976
TSLA,persistence,,2021-07-29,2021-07-30,close,687.200012,677.349976
TSLA,persistence,,2021-07-29,2021-07-30,volatility,0.33975279560433036,0.3360513862081847
TSLA,persistence,,2021-07-29,2021-07-30,sharpe,0.6642472302287025,0.028129539486841174
TSLA,persistence,,2021-07-30,2021-08-02,open,700.0,687.200012
TSLA,persistence,,2021-07-30,2021-08-02,close,709.669983,687.200012
TSLA,persistence,,2021-07-30,2021-08-02,volatility,0.3580424887995208,0.33975279560433036
TSLA,persistence,,2021-07-30,2021-08-02,sharpe,1.730123183776711,0.6642472302287025
TSLA,persistence,,2021-08-02,2021-08-03,open,719.0,709.669983
TSLA,persistence,,2021-08-02,2021-08-03,close,709.73999,709.669983
TSLA,persistence,,2021-08-02,2021-08-03,volatility,0.33919107539293963,0.3580424887995208
TSLA,persistence,,2021-08-02,2021-08-03,sharpe,2.887071702720313,1.730123183776711
TSLA,persistence,,2021-08-03,2021-08-04,open,711.0,709.73999
TSLA,persistence,,2021-08-03,2021-08-04,close,710.919983,709.73999
TSLA,persistence,,2021-08-03,2021-08-04,volatility,0.3246465555631376,0.33919107539293963
TSLA,persistence,,2021-08-03,2021-08-04,sharpe,3.95946284992679,2.887071702720313
TSLA,persistence,,2021-08-04,2021-08-05,open,716.0,710.919983
TSLA,persistence,,2021-08-04,2021-08-05,close,714.630005,710.919983
TSLA,persistence,,2021-08-04,2021-08-05,volatility,0.3234214175632749,0.3246465555631376
TSLA,persistence,,2021-08-04,2021-08-05,sharpe,3.6846351360230276,3.95946284992679
TSLA,persistence,,2021-08-05,2021-08-06,open,711.900024,714.630005
TSLA,persistence,,2021-08-05,2021-08-06,close,699.099976,714.630005
TSLA,persistence,,2021-08-05,2021-08-06,volatility,0.3366460560919966,0.3234214175632749
TSLA,persistence,,2021-08-05,2021-08-06,sharpe,2.489157498213201,3.6846351360230276
TSLA,persistence,,2021-08-06,2021-08-09,open,710.169983,699.099976
TSLA,persistence,,2021-08-06,2021-08-09,close,713.76001,699.099976
TSLA,persistence,,2021-08-06,2021-08-09,volatility,0.30891325607994213,0.3366460560919966
TSLA,persistence,,2021-08-06,2021-08-09,sharpe,1.782939254074431,2.489157498213201
TSLA,persistence,,2021-08-09,2021-08-10,open,713.98999,713.76001
TSLA,persistence,,2021-08-09,2021-08-10,close,709.98999,713.76001
TSLA,persistence,,2021-08-09,2021-08-10,volatility,0.2934072524980678,0.30891325607994213
TSLA,persistence,,2021-08-09,2021-08-10,sharpe,2.7250302021051205,1.782939254074431
TSLA,persistence,,2021-08-10,2021-08-11,open,712.710022,709.98999
TSLA,persistence,,2021-08-10,2021-08-11,close,707.820007,709.98999
TSLA,persistence,,2021-08-10,2021-08-11,volatility,0.27836146303716697,0.2934072524980678
TSLA,persistence,,2021-08-10,2021-08-11,sharpe,3.7604133019161208,2.7250302021051205
TSLA,persistence,,2021-08-11,2021-08-12,open,706.340027,707.820007
TSLA,persistence,,2021-08-11,2021-08-12,close,722.25,707.820007
TSLA,persistence,,2021-08-11,2021-08-12,volatility,0.2822047698605508,0.27836146303716697
TSLA,persistence,,2021-08-11,2021-08-12,sharpe,4.80939931623748,3.7604133019161208
TSLA,persistence,,2021-08-12,2021-08-13,open,723.710022,722.25
TSLA,persistence,,2021-08-12,2021-08-13,close,717.169983,722.25
TSLA,persistence,,2021-08-12,2021-08-13,volatility,0.28039081081066497,0.2822047698605508
TSLA,persistence,,2021-08-12,2021-08-13,sharpe,4.965112679700198,4.80939931623748
TSLA,persistence,,2021-08-13,2021-08-16,open,705.070007,717.169983
TSLA,persistence,,2021-08-13,2021-08-16,close,686.169983,717.169983
TSLA,persistence,,2021-08-13,2021-08-16,volatility,0.3296036181306709,0.28039081081066497
TSLA,persistence,,2021-08-13,2021-08-16,sharpe,2.4526858881113007,4.965112679700198
TSLA,persistence,,2021-08-16,2021-08-17,open,672.659973,686.169983
TSLA,persistence,,2021-08-16,2021-08-17,close,665.710022,686.169983
TSLA,persistence,,2021-08-16,2021-08-17,volatility,0.34144486295651666,0.3296036181306709
TSLA,persistence,,2021-08-16,2021-08-17,sharpe,0.45184444228404763,2.4526858881113007
TSLA,persistence,,2021-08-17,2021-08-18,open,669.75,665.710022
TSLA,persistence,,2021-08-17,2021-08-18,close,688.98999,665.710022
TSLA,persistence,,2021-08-17,2021-08-18,volatility,0.3606451000264444,0.34144486295651666
TSLA,persistence,,2021-08-17,2021-08-18,sharpe,1.9251402586735116,0.45184444228404763
TSLA,persistence,,2021-08-18,2021-08-19,open,678.210022,688.98999
TSLA,persistence,,2021-08-18,2021-08-19,close,673.469971,688.98999
TSLA,persistence,,2021-08-18,2021-08-19,volatility,0.3694965285572088,0.3606451000264444
TSLA,persistence,,2021-08-18,2021-08-19,sharpe,1.4246761767774072,1.9251402586735116
TSLA,persistence,,2021-08-19,2021-08-20,open,682.849976,673.469971
TSLA,persistence,,2021-08-19,2021-08-20,close,680.26001,673.469971
TSLA,persistence,,2021-08-19,2021-08-20,volatility,0.36808237118417025,0.3694965285572088
TSLA,persistence,,2021-08-19,2021-08-20,sharpe,2.0852935480534174,1.4246761767774072
TSLA,persistence,,2021-08-20,2021-08-23,open,685.440002,680.26001
TSLA,persistence,,2021-08-20,2021-08-23,close,706.299988,680.26001
TSLA,persistence,,2021-08-20,2021-08-23,volatility,0.3833335781311192,0.36808237118417025
TSLA,persistence,,2021-08-20,2021-08-23,sharpe,2.53305193709199,2.0852935480534174
TSLA,persistence,,2021-08-23,2021-08-24,open,710.679993,706.299988
TSLA,persistence,,2021-08-23,2021-08-24,close,708.48999,706.299988
TSLA,persistence,,2021-08-23,2021-08-24,volatility,0.37331471845379566,0.3833335781311192
TSLA,persistence,,2021-08-23,2021-08-24,sharpe,3.364683971669406,2.53305193709199
TSLA,persistence,,2021-08-24,2021-08-25,open,707.030029,708.48999
TSLA,persistence,,2021-08-24,2021-08-25,close,711.200012,708.48999
TSLA,persistence,,2021-08-24,2021-08-25,volatility,0.37329451721167184,0.37331471845379566
TSLA,persistence,,2021-08-24,2021-08-25,sharpe,3.3788105446047445,3.364683971669406
TSLA,persistence,,2021-08-25,2021-08-26,open,708.309998,711.200012
TSLA,persistence,,2021-08-25,2021-08-26,close,701.159973,711.200012
TSLA,persistence,,2021-08-25,2021-08-26,volatility,0.3440948026058063,0.37329451721167184
TSLA,persistence,,2021-08-25,2021-08-26,sharpe,1.429716535942371,3.3788105446047445
TSLA,persistence,,2021-08-26,2021-08-27,open,705.0,701.159973
TSLA,persistence,,2021-08-26,2021-08-27,close,711.919983,701.159973
TSLA,persistence,,2021-08-26,2021-08-27,volatility,0.34449656126713646,0.3440948026058063
TSLA,persistence,,2021-08-26,2021-08-27,sharpe,1.4574553510301318,1.429716535942371
TSLA,persistence,,2021-08-27,2021-08-30,open,714.719971,711.919983
TSLA,persistence,,2021-08-27,2021-08-30,close,730.909973,711.919983
TSLA,persistence,,2021-08-27,2021-08-30,volatility,0.3379776116220924,0.34449656126713646
TSLA,persistence,,2021-08-27,2021-08-30,sharpe,1.2610062535787976,1.4574553510301318
TSLA,persistence,,2021-08-30,2021-08-31,open,733.0,730.909973
TSLA,persistence,,2021-08-30,2021-08-31,close,735.719971,730.909973
TSLA,persistence,,2021-08-30,2021-08-31,volatility,0.33835552116080164,0.3379776116220924
TSLA,persistence,,2021-08-30,2021-08-31,sharpe,1.5009876202528678,1.2610062535787976
TSLA,persistence,,2021-08-31,2021-09-01,open,734.080017,735.719971
TSLA,persistence,,2021-08-31,2021-09-01,close,734.090027,735.719971
TSLA,persistence,,2021-08-31,2021-09-01,volatility,0.3386890013419352,0.33835552116080164
TSLA,persistence,,2021-08-31,2021-09-01,sharpe,1.3552388797096588,1.5009876202528678
TSLA,persistence,,2021-09-01,2021-09-02,open,734.5,734.090027
TSLA,persistence,,2021-09-01,2021-09-02,close,732.390015,734.090027
TSLA,persistence,,2021-09-01,2021-09-02,volatility,0.3387426017023759,0.3386890013419352
TSLA,persistence,,2021-09-01,2021-09-02,sharpe,1.0747708941232053,1.3552388797096588
TSLA,persistence,,2021-09-02,2021-09-03,open,732.25,732.390015
TSLA,persistence,,2021-09-02,2021-09-03,close,733.570007,732.390015
TSLA,persistence,,2021-09-02,2021-09-03,volatility,0.32750785605679034,0.3387426017023759
TSLA,persistence,,2021-09-02,2021-09-03,sharpe,2.0096890125598295,1.0747708941232053
TSLA,persistence,,2021-09-03,2021-09-07,open,740.0,733.570007
TSLA,persistence,,2021-09-03,2021-09-07,close,752.919983,733.570007
TSLA,persistence,,2021-09-03,2021-09-07,volatility,0.3320593402507868,0.32750785605679034
TSLA,persistence,,2021-09-03,2021-09-07,sharpe,2.1873473303390734,2.0096890125598295
TSLA,persistence,,2021-09-07,2021-09-08,open,761.580017,752.919983
TSLA,persistence,,2021-09-07,2021-09-08,close,753.869995,752.919983
TSLA,persistence,,2021-09-07,2021-09-08,volatility,0.3307352399776845,0.3320593402507868
TSLA,persistence,,2021-09-07,2021-09-08,sharpe,2.445398773552745,2.1873473303390734
TSLA,persistence,,2021-09-08,2021-09-09,open,753.409973,753.869995
TSLA,persistence,,2021-09-08,2021-09-09,close,754.859985,753.869995
TSLA,persistence,,2021-09-08,2021-09-09,volatility,0.3300001706589054,0.3307352399776845
TSLA,persistence,,2021-09-08,2021-09-09,sharpe,2.6176838069694472,2.445398773552745
TSLA,persistence,,2021-09-09,2021-09-10,open,759.599976,754.859985
TSLA,persistence,,2021-09-09,2021-09-10,close,736.27002,754.859985
TSLA,persistence,,2021-09-09,2021-09-10,volatility,0.3379070491449088,0.3300001706589054
TSLA,persistence,,2021-09-09,2021-09-10,sharpe,0.8779490403865428,2.6176838069694472
TSLA,persistence,,2021-09-10,2021-09-13,open,740.210022,736.27002
TSLA,persistence,,2021-09-10,2021-09-13,close,743.0,736.27002
TSLA,persistence,,2021-09-10,2021-09-13,volatility,0.33757163059683726,0.3379070491449088
TSLA,persistence,,2021-09-10,2021-09-13,sharpe,1.4825315621166724,0.8779490403865428
TSLA,persistence,,2021-09-13,2021-09-14,open,742.570007,743.0
TSLA,persistence,,2021-09-13,2021-09-14,close,744.48999,743.0
TSLA,persistence,,2021-09-13,2021-09-14,volatility,0.29238169921910345,0.33757163059683726
TSLA,persistence,,2021-09-13,2021-09-14,sharpe,3.660861869328073,1.4825315621166724
TSLA,persistence,,2021-09-14,2021-09-15,open,745.0,744.48999
TSLA,persistence,,2021-09-14,2021-09-15,close,755.830017,744.48999
TSLA,persistence,,2021-09-14,2021-09-15,volatility,0.2652367019681842,0.29238169921910345
TSLA,persistence,,2021-09-14,2021-09-15,sharpe,6.175591671646455,3.660861869328073
TSLA,persistence,,2021-09-15,2021-09-16,open,752.830017,755.830017
TSLA,persistence,,2021-09-15,2021-09-16,close,756.98999,755.830017
TSLA,persistence,,2021-09-15,2021-09-16,volatility,0.2432810775403781,0.2652367019681842
TSLA,persistence,,2021-09-15,2021-09-16,sharpe,5.001240275547283,6.175591671646455
TSLA,persistence,,2021-09-16,2021-09-17,open,757.150024,756.98999
TSLA,persistence,,2021-09-16,2021-09-17,close,759.48999,756.98999
TSLA,persistence,,2021-09-16,2021-09-17,volatility,0.22102069832288726,0.2432810775403781
TSLA,persistence,,2021-09-16,2021-09-17,sharpe,6.977372753022954,5.001240275547283
TSLA,persistence,,2021-09-17,2021-09-20,open,734.559998,759.48999
TSLA,persistence,,2021-09-17,2021-09-20,close,730.169983,759.48999
TSLA,persistence,,2021-09-17,2021-09-20,volatility,0.271293097952773,0.22102069832288726
TSLA,persistence,,2021-09-17,2021-09-20,sharpe,3.42318763307622,6.977372753022954
TSLA,persistence,,2021-09-20,2021-09-21,open,734.789978,730.169983
TSLA,persistence,,2021-09-20,2021-09-21,close,739.380005,730.169983
TSLA,persistence,,2021-09-20,2021-09-21,volatility,0.24155242164750076,0.271293097952773
TSLA,persistence,,2021-09-20,2021-09-21,sharpe,2.505860295191382,3.42318763307622
TSLA,persistence,,2021-09-21,2021-09-22,open,743.530029,739.380005
TSLA,persistence,,2021-09-21,2021-09-22,close,751.940002,739.380005
TSLA,persistence,,2021-09-21,2021-09-22,volatility,0.2470519676292499,0.24155242164750076
TSLA,persistence,,2021-09-21,2021-09-22,sharpe,3.15831096551914,2.505860295191382
TSLA,persistence,,2021-09-22,2021-09-23,open,755.0,751.940002
TSLA,persistence,,2021-09-22,2021-09-23,close,753.640015,751.940002
TSLA,persistence,,2021-09-22,2021-09-23,volatility,0.24705316344678424,0.2470519676292499
TSLA,persistence,,2021-09-22,2021-09-23,sharpe,3.078518044792564,3.15831096551914
TSLA,persistence,,2021-09-23,2021-09-24,open,745.890015,753.640015
TSLA,persistence,,2021-09-23,2021-09-24,close,774.390015,753.640015
TSLA,persistence,,2021-09-23,2021-09-24,volatility,0.25290624433958436,0.24705316344678424
TSLA,persistence,,2021-09-23,2021-09-24,sharpe,5.082312702071382,3.078518044792564
TSLA,persistence,,2021-09-24,2021-09-27,open,773.119995,774.390015
TSLA,persistence,,2021-09-24,2021-09-27,close,791.359985,774.390015
TSLA,persistence,,2021-09-24,2021-09-27,volatility,0.2574686572228511,0.25290624433958436
TSLA,persistence,,2021-09-24,2021-09-27,sharpe,5.313676087820217,5.082312702071382
TSLA,persistence,,2021-09-27,2021-09-28,open,787.200012,791.359985
TSLA,persistence,,2021-09-27,2021-09-28,close,777.559998,791.359985
TSLA,persistence,,2021-09-27,2021-09-28,volatility,0.2568046336124907,0.2574686572228511
TSLA,persistence,,2021-09-27,2021-09-28,sharpe,3.163049072234622,5.313676087820217
TSLA,persistence,,2021-09-28,2021-09-29,open,779.799988,777.559998
TSLA,persistence,,2021-09-28,2021-09-29,close,781.309998,777.559998
TSLA,persistence,,2021-09-28,2021-09-29,volatility,0.25657550199270635,0.2568046336124907
TSLA,persistence,,2021-09-28,2021-09-29,sharpe,3.0795385557389245,3.163049072234622
TSLA,persistence,,2021-09-29,2021-09-30,open,781.0,781.309998
TSLA,persistence,,2021-09-29,2021-09-30,close,775.47998,781.309998
TSLA,persistence,,2021-09-29,2021-09-30,volatility,0.2586937832958642,0.25657550199270635
TSLA,persistence,,2021-09-29,2021-09-30,sharpe,2.7987893065462477,3.0795385557389245
TSLA,persistence,,2021-09-30,2021-10-01,open,778.400024,775.47998
TSLA,persistence,,2021-09-30,2021-10-01,close,775.219971,775.47998
TSLA,persistence,,2021-09-30,2021-10-01,volatility,0.2582620582879162,0.2586937832958642
TSLA,persistence,,2021-09-30,2021-10-01,sharpe,2.9000928787614932,2.7987893065462477
TSLA,persistence,,2021-10-01,2021-10-04,open,796.5,775.219971
TSLA,persistence,,2021-10-01,2021-10-04,close,781.530029,775.219971
TSLA,persistence,,2021-10-01,2021-10-04,volatility,0.25884479977001307,0.2582620582879162
TSLA,persistence,,2021-10-01,2021-10-04,sharpe,3.211359298813713,2.9000928787614932
TSLA,persistence,,2021-10-04,2021-10-05,open,784.799988,781.530029
TSLA,persistence,,2021-10-04,2021-10-05,close,780.590027,781.530029
TSLA,persistence,,2021-10-04,2021-10-05,volatility,0.24433640935612774,0.25884479977001307
TSLA,persistence,,2021-10-04,2021-10-05,sharpe,1.9797631933482513,3.211359298813713
TSLA,persistence,,2021-10-05,2021-10-06,open,776.200012,780.590027
TSLA,persistence,,2021-10-05,2021-10-06,close,782.75,780.590027
TSLA,persistence,,2021-10-05,2021-10-06,volatility,0.2443410871212193,0.24433640935612774
TSLA,persistence,,2021-10-05,2021-10-06,sharpe,2.057351177041405,1.9797631933482513
TSLA,persistence,,2021-10-06,2021-10-07,open,785.460022,782.75
TSLA,persistence,,2021-10-06,2021-10-07,close,793.609985,782.75
TSLA,persistence,,2021-10-06,2021-10-07,volatility,0.24791822667477129,0.2443410871212193
TSLA,persistence,,2021-10-06,2021-10-07,sharpe,2.6660531355989754,2.057351177041405
TSLA,persistence,,2021-10-07,2021-10-08,open,796.210022,793.609985
TSLA,persistence,,2021-10-07,2021-10-08,close,785.48999,793.609985
TSLA,persistence,,2021-10-07,2021-10-08,volatility,0.23166566020755372,0.24791822667477129
TSLA,persistence,,2021-10-07,2021-10-08,sharpe,3.6360337789441037,2.6660531355989754
TSLA,persistence,,2021-10-08,2021-10-11,open,787.650024,785.48999
TSLA,persistence,,2021-10-08,2021-10-11,close,791.940002,785.48999
TSLA,persistence,,2021-10-08,2021-10-11,volatility,0.2313805255681312,0.23166566020755372
TSLA,persistence,,2021-10-08,2021-10-11,sharpe,3.589914750542199,3.6360337789441037
TSLA,persistence,,2021-10-11,2021-10-12,open,800.929993,791.940002
TSLA,persistence,,2021-10-11,2021-10-12,close,805.719971,791.940002
TSLA,persistence,,2021-10-11,2021-10-12,volatility,0.23663486201370515,0.2313805255681312
TSLA,persistence,,2021-10-11,2021-10-12,sharpe,4.329928725713583,3.589914750542199
TSLA,persistence,,2021-10-12,2021-10-13,open,810.469971,805.719971
TSLA,persistence,,2021-10-12,2021-10-13,close,811.080017,805.719971
TSLA,persistence,,2021-10-12,2021-10-13,volatility,0.2332001924787938,0.23663486201370515
TSLA,persistence,,2021-10-12,2021-10-13,sharpe,3.9301470333028674,4.329928725713583
TSLA,persistence,,2021-10-13,2021-10-14,open,815.48999,811.080017
TSLA,persistence,,2021-10-13,2021-10-14,close,818.320007,811.080017
TSLA,persistence,,2021-10-13,2021-10-14,volatility,0.23379169329142058,0.2332001924787938
TSLA,persistence,,2021-10-13,2021-10-14,sharpe,4.318570521939245,3.9301470333028674
TSLA,decoupled,9416042,2020-12-31,2021-01-04,open,719.460022,689.8127660943662
TSLA,decoupled,9416042,2020-12-31,2021-01-04,close,729.77002,674.6041533923519
TSLA,decoupled,9416042,2020-12-31,2021-01-04,volatility,0.6035240414352591,0.5694255168211508
TSLA,decoupled,9416042,2020-12-31,2021-01-04,sharpe,4.629545842980718,4.21056346183638
TSLA,decoupled,9416042,2021-01-04,2021-01-05,open,723.659973,696.4004109134319
TSLA,decoupled,9416042,2021-01-04,2021-01-05,close,735.109985,680.9763698027783
TSLA,decoupled,9416042,2021-01-04,2021-01-05,volatility,0.6036511392134518,0.5701528120230266
TSLA,decoupled,9416042,2021-01-04,2021-01-05,sharpe,4.582207941303553,4.216765086439092
TSLA,decoupled,9416042,2021-01-05,2021-01-06,open,758.48999,705.2313846117897
TSLA,decoupled,9416042,2021-01-05,2021-01-06,close,755.97998,689.462076915849
TSLA,decoupled,9416042,2021-01-05,2021-01-06,volatility,0.5647197446686494,0.56957871175158
TSLA,decoupled,9416042,2021-01-05,2021-01-06,sharpe,3.9403872109341407,4.245520957039388
TSLA,decoupled,9416042,2021-01-06,2021-01-07,open,777.630005,714.3011217135008
TSLA,decoupled,9416042,2021-01-06,2021-01-07,close,816.039978,698.1627571033204
TSLA,decoupled,9416042,2021-01-06,2021-01-07,volatility,0.6179764647982084,0.5715831902477048
TSLA,decoupled,9416042,2021-01-06,2021-01-07,sharpe,4.962675969979823,4.234058710918127
TSLA,decoupled,9416042,2021-01-07,2021-01-08,open,856.0,721.1914474116463
TSLA,decoupled,9416042,2021-01-07,2021-01-08,close,880.02002,705.0511610922935
TSLA,decoupled,9416042,2021-01-07,2021-01-08,volatility,0.5798760917468381,0.5715726765830089
TSLA,decoupled,9416042,2021-01-07,2021-01-08,sharpe,8.51030118627474,4.2399480882081315
TSLA,decoupled,9416042,2021-01-08,2021-01-11,open,849.400024,732.1244989123923
TSLA,decoupled,9416042,2021-01-08,2021-01-11,close,811.190002,715.3759543588181
TSLA,decoupled,9416042,2021-01-08,2021-01-11,volatility,0.670859553924189,0.5739604499079345
TSLA,decoupled,9416042,2021-01-08,2021-01-11,sharpe,5.185209274903338,4.259623456594021
TSLA,decoupled,9416042,2021-01-11,2021-01-12,open,831.0,743.8957855683557
TSLA,decoupled,9416042,2021-01-11,2021-01-12,close,849.440002,726.6737461337303
TSLA,decoupled,9416042,2021-01-11,2021-01-12,volatility,0.6624144428318698,0.5750459052513542
TSLA,decoupled,9416042,2021-01-11,2021-01-12,sharpe,6.6663262647481325,4.309258232606592
TSLA,decoupled,9416042,2021-01-12,2021-01-13,open,852.76001,755.7619667701927
TSLA,decoupled,9416042,2021-01-12,2021-01-13,close,854.409973,738.2093734599686
TSLA,decoupled,9416042,2021-01-12,2021-01-13,volatility,0.6529139398334076,0.578933969742588
TSLA,decoupled,9416042,2021-01-12,2021-01-13,sharpe,5.932196813273854,4.336962073595312
TSLA,decoupled,9416042,2021-01-13,2021-01-14,open,843.390015,767.4901691208456
TSLA,decoupled,9416042,2021-01-13,2021-01-14,close,845.0,749.2408201200024
TSLA,decoupled,9416042,2021-01-13,2021-01-14,volatility,0.653299075223682,0.5794622008571267
TSLA,decoupled,9416042,2021-01-13,2021-01-14,sharpe,5.91463173734984,4.391391112365225
TSLA,decoupled,9416042,2021-01-14,2021-01-15,open,852.0,778.6075560038059
TSLA,decoupled,9416042,2021-01-14,2021-01-15,close,826.159973,759.9264786697978
TSLA,decoupled,9416042,2021-01-14,2021-01-15,volatility,0.6573246278011057,0.5806549600095874
TSLA,decoupled,9416042,2021-01-14,2021-01-15,sharpe,5.768259627350183,4.430014140085253
TSLA,decoupled,9416042,2021-01-15,2021-01-19,open,837.799988,787.1858048024058
TSLA,decoupled,9416042,2021-01-15,2021-01-19,close,844.549988,768.3319203962523
TSLA,decoupled,9416042,2021-01-15,2021-01-19,volatility,0.6425152386503272,0.581020200035366
TSLA,decoupled,9416042,2021-01-15,2021-01-19,sharpe,5.294501637314135,4.467891940708692
TSLA,decoupled,9416042,2021-01-19,2021-01-20,open,858.73999,797.6105705746788
TSLA,decoupled,9416042,2021-01-19,2021-01-20,close,850.450012,778.689280356527
TSLA,decoupled,9416042,2021-01-19,2021-01-20,volatility,0.619151272815504,0.5833451842318572
TSLA,decoupled,9416042,2021-01-19,2021-01-20,sharpe,4.423315530620202,4.49494193251038
TSLA,decoupled,9416042,2021-01-20,2021-01-21,open,855.0,806.9781892910808
TSLA,decoupled,9416042,2021-01-20,2021-01-21,close,844.98999,787.7567470443145
TSLA,decoupled,9416042,2021-01-20,2021-01-21,volatility,0.5556977411318651,0.5837930985624727
TSLA,decoupled,9416042,2021-01-20,2021-01-21,sharpe,6.255510781798651,4.526519391981147
TSLA,decoupled,9416042,2021-01-21,2021-01-22,open,834.309998,818.5290370077216
TSLA,decoupled,9416042,2021-01-21,2021-01-22,close,846.640015,798.871913134241
TSLA,decoupled,9416042,2021-01-21,2021-01-22,volatility,0.5474912045547466,0.5861236763800138
TSLA,decoupled,9416042,2021-01-21,2021-01-22,sharpe,6.731355461636722,4.560311700472144
TSLA,decoupled,9416042,2021-01-22,2021-01-25,open,855.0,830.7088065077046
TSLA,decoupled,9416042,2021-01-22,2021-01-25,close,880.799988,810.5070498024934
TSLA,decoupled,9416042,2021-01-22,2021-01-25,volatility,0.5544494864694571,0.5867298081856138
TSLA,decoupled,9416042,2021-01-22,2021-01-25,sharpe,7.3636306858865845,4.610221083674054
TSLA,decoupled,9416042,2021-01-25,2021-01-26,open,891.380005,843.4311110320273
TSLA,decoupled,9416042,2021-01-25,2021-01-26,close,883.090027,822.6122653128549
TSLA,decoupled,9416042,2021-01-25,2021-01-26,volatility,0.5555632295239257,0.5895787623874146
TSLA,decoupled,9416042,2021-01-25,2021-01-26,sharpe,6.853462955765756,4.633219435781296
TSLA,decoupled,9416042,2021-01-26,2021-01-27,open,870.349976,853.7212792530265
TSLA,decoupled,9416042,2021-01-26,2021-01-27,close,864.159973,832.519722429842
TSLA,decoupled,9416042,2021-01-26,2021-01-27,volatility,0.5692054740251621,0.5901782755628718
TSLA,decoupled,9416042,2021-01-26,2021-01-27,sharpe,6.150468444374804,4.671498967784313
TSLA,decoupled,9416042,2021-01-27,2021-01-28,open,820.0,865.6464695920104
TSLA,decoupled,9416042,2021-01-27,2021-01-28,close,835.429993,844.068124233595
TSLA,decoupled,9416042,2021-01-27,2021-01-28,volatility,0.5925625632886933,0.5918073225142368
TSLA,decoupled,9416042,2021-01-27,2021-01-28,sharpe,5.127415136733542,4.7018873307791695
TSLA,decoupled,9416042,2021-01-28,2021-01-29,open,830.0,877.8688871005411
TSLA,decoupled,9416042,2021-01-28,2021-01-29,close,793.530029,855.7284809003743
TSLA,decoupled,9416042,2021-01-28,2021-01-29,volatility,0.6195079350276168,0.5928128417913966
TSLA,decoupled,9416042,2021-01-28,2021-01-29,sharpe,3.0051142928831966,4.742185225623837
TSLA,decoupled,9416042,2021-01-29,2021-02-01,open,814.289978,889.1490126759652
TSLA,decoupled,9416042,2021-01-29,2021-02-01,close,839.809998,866.70504665057
TSLA,decoupled,9416042,2021-01-29,2021-02-01,volatility,0.645043743680842,0.5953234697776012
TSLA,decoupled,9416042,2021-01-29,2021-02-01,sharpe,3.71920957317905,4.766266145555952
TSLA,decoupled,9416042,2021-02-01,2021-02-02,open,844.679993,901.5255520158978
TSLA,decoupled,9416042,2021-02-01,2021-02-02,close,872.789978,878.7307643394879
TSLA,decoupled,9416042,2021-02-01,2021-02-02,volatility,0.6478859089358014,0.5968339524628904
TSLA,decoupled,9416042,2021-02-01,2021-02-02,sharpe,3.8024431949319113,4.808547603882931
TSLA,decoupled,9416042,2021-02-02,2021-02-03,open,877.02002,913.7313902474482
TSLA,decoupled,9416042,2021-02-02,2021-02-03,close,854.690002,890.5143700425468
TSLA,decoupled,9416042,2021-02-02,2021-02-03,volatility,0.6568892042981617,0.601995078247521
TSLA,decoupled,9416042,2021-02-02,2021-02-03,sharpe,3.2121877135190235,4.835886880154769
TSLA,decoupled,9416042,2021-02-03,2021-02-04,open,855.0,925.4828254007116
TSLA,decoupled,9416042,2021-02-03,2021-02-04,close,849.98999,901.7952205575789
TSLA,decoupled,9416042,2021-02-03,2021-02-04,volatility,0.6542016808198756,0.6016382579392913
TSLA,decoupled,9416042,2021-02-03,2021-02-04,sharpe,2.5726701866879247,4.870551539932592
TSLA,decoupled,9416042,2021-02-04,2021-02-05,open,845.0,937.0390177526947
TSLA,decoupled,9416042,2021-02-04,2021-02-05,close,852.22998,913.0564433346269
TSLA,decoupled,9416042,2021-02-04,2021-02-05,volatility,0.5950240651153874,0.6062026234300285
TSLA,decoupled,9416042,2021-02-04,2021-02-05,sharpe,1.2020079112953173,4.904533706152771
TSLA,decoupled,9416042,2021-02-05,2021-02-08,open,869.669983,946.8579854700454
TSLA,decoupled,9416042,2021-02-05,2021-02-08,close,863.419983,922.2736400571474
TSLA,decoupled,9416042,2021-02-05,2021-02-08,volatility,0.5262127266018454,0.6051571287982453
TSLA,decoupled,9416042,2021-02-05,2021-02-08,sharpe,-0.20374608759184296,4.935915626366301
TSLA,decoupled,9416042,2021-02-08,2021-02-09,open,855.119995,956.2860312880728
TSLA,decoupled,9416042,2021-02-08,2021-02-09,close,849.460022,931.6183622504803
TSLA,decoupled,9416042,2021-02-08,2021-02-09,volatility,0.4442718704338821,0.6084575848624868
TSLA,decoupled,9416042,2021-02-08,2021-02-09,sharpe,1.5183607786992825,4.966851783357823
TSLA,decoupled,9416042,2021-02-09,2021-02-10,open,843.640015,964.6979419459169
TSLA,decoupled,9416042,2021-02-09,2021-02-10,close,804.820007,939.8023065985674
TSLA,decoupled,9416042,2021-02-09,2021-02-10,volatility,0.45277276479664325,0.6081280737250897
TSLA,decoupled,9416042,2021-02-09,2021-02-10,sharpe,-1.2847622935828154,5.008373100577069
TSLA,decoupled,9416042,2021-02-10,2021-02-11,open,812.440002,973.8574471065408
TSLA,decoupled,9416042,2021-02-10,2021-02-11,close,811.659973,948.9049168060413
TSLA,decoupled,9416042,2021-02-10,2021-02-11,volatility,0.45350260079438925,0.6157665000574182
TSLA,decoupled,9416042,2021-02-10,2021-02-11,sharpe,-1.2091268591250008,5.0334811934355175
TSLA,decoupled,9416042,2021-02-11,2021-02-12,open,801.26001,983.7885430918893
TSLA,decoupled,9416042,2021-02-11,2021-02-12,close,816.119995,958.4571009003006
TSLA,decoupled,9416042,2021-02-11,2021-02-12,volatility,0.4530214790890815,0.6177413997197189
TSLA,decoupled,9416042,2021-02-11,2021-02-12,sharpe,-0.7512599529660161,5.086248385249251
TSLA,decoupled,9416042,2021-02-12,2021-02-16,open,818.0,995.8192081732409
TSLA,decoupled,9416042,2021-02-12,2021-02-16,close,796.219971,970.0911958729615
TSLA,decoupled,9416042,2021-02-12,2021-02-16,volatility,0.45436040292306706,0.6205879524716448
TSLA,decoupled,9416042,2021-02-12,2021-02-16,sharpe,-0.806943743636232,5.129242875347172
TSLA,decoupled,9416042,2021-02-16,2021-02-17,open,779.090027,1007.1679414145897
TSLA,decoupled,9416042,2021-02-16,2021-02-17,close,798.150024,981.0325084513033
TSLA,decoupled,9416042,2021-02-16,2021-02-17,volatility,0.44600793154398516,0.6242088117353436
TSLA,decoupled,9416042,2021-02-16,2021-02-17,sharpe,-1.38242377350872,5.172235708332744
TSLA,decoupled,9416042,2021-02-17,2021-02-18,open,780.900024,1018.7521658335722
TSLA,decoupled,9416042,2021-02-17,2021-02-18,close,787.380005,992.5111166504371
TSLA,decoupled,9416042,2021-02-17,2021-02-18,volatility,0.4461876510799834,0.6283604353503393
TSLA,decoupled,9416042,2021-02-17,2021-02-18,sharpe,-1.9601988091704337,5.216550680242855
TSLA,decoupled,9416042,2021-02-18,2021-02-19,open,795.0,1030.0719944143964
TSLA,decoupled,9416042,2021-02-18,2021-02-19,close,781.299988,1003.6852207803995
TSLA,decoupled,9416042,2021-02-18,2021-02-19,volatility,0.4463256768255623,0.6306598675344428
TSLA,decoupled,9416042,2021-02-18,2021-02-19,sharpe,-1.9963396159677806,5.2767493107529395
TSLA,decoupled,9416042,2021-02-19,2021-02-22,open,762.640015,1041.754821901735
TSLA,decoupled,9416042,2021-02-19,2021-02-22,close,714.5,1015.0495714209894
TSLA,decoupled,9416042,2021-02-19,2021-02-22,volatility,0.5318231422440816,0.6324327964764787
TSLA,decoupled,9416042,2021-02-19,2021-02-22,sharpe,-3.7473042512081447,5.3257562779153975
TSLA,decoupled,9416042,2021-02-22,2021-02-23,open,662.130005,1049.4863277582458
TSLA,decoupled,9416042,2021-02-22,2021-02-23,close,698.840027,1022.1577731797335
TSLA,decoupled,9416042,2021-02-22,2021-02-23,volatility,0.5019786612035709,0.6265714723374929
TSLA,decoupled,9416042,2021-02-22,2021-02-23,sharpe,-5.532990479458898,5.365821940300804
TSLA,decoupled,9416042,2021-02-23,2021-02-24,open,711.849976,1055.9917306375544
TSLA,decoupled,9416042,2021-02-23,2021-02-24,close,742.02002,1028.0577177047003
TSLA,decoupled,9416042,2021-02-23,2021-02-24,volatility,0.5634800595057151,0.62724453723686
TSLA,decoupled,9416042,2021-02-23,2021-02-24,sharpe,-3.605580274981943,5.371672967276435
TSLA,decoupled,9416042,2021-02-24,2021-02-25,open,726.150024,1063.6552832732846
TSLA,decoupled,9416042,2021-02-24,2021-02-25,close,682.219971,1034.8291776570256
TSLA,decoupled,9416042,2021-02-24,2021-02-25,volatility,0.6185358325971941,0.6269702594465838
TSLA,decoupled,9416042,2021-02-24,2021-02-25,sharpe,-4.489670655818826,5.408704693680304
TSLA,decoupled,9416042,2021-02-25,2021-02-26,open,700.0,1069.06023664303
TSLA,decoupled,9416042,2021-02-25,2021-02-26,close,675.5,1040.317378292998
TSLA,decoupled,9416042,2021-02-25,2021-02-26,volatility,0.6129352939280739,0.6245410464683304
TSLA,decoupled,9416042,2021-02-25,2021-02-26,sharpe,-4.049746872246363,5.431768383360182
TSLA,decoupled,9416042,2021-02-26,2021-03-01,open,690.109985,1074.428322936333
TSLA,decoupled,9416042,2021-02-26,2021-03-01,close,718.429993,1044.5872336957823
TSLA,decoupled,9416042,2021-02-26,2021-03-01,volatility,0.6457809985469724,0.6201401699279127
TSLA,decoupled,9416042,2021-02-26,2021-03-01,sharpe,-1.6252082003114254,5.4742278628995615
TSLA,decoupled,9416042,2021-03-01,2021-03-02,open,718.280029,1076.4921156977996
TSLA,decoupled,9416042,2021-03-01,2021-03-02,close,686.440002,1046.3445193322748
TSLA,decoupled,9416042,2021-03-01,2021-03-02,volatility,0.6163110481268377,0.6154892643837596
TSLA,decoupled,9416042,2021-03-01,2021-03-02,sharpe,-3.805593672145269,5.503991021077997
TSLA,decoupled,9416042,2021-03-02,2021-03-03,open,687.98999,1080.9655754793139
TSLA,decoupled,9416042,2021-03-02,2021-03-03,close,653.200012,1050.0877153745155
TSLA,decoupled,9416042,2021-03-02,2021-03-03,volatility,0.6031041592205939,0.612194401940568
TSLA,decoupled,9416042,2021-03-02,2021-03-03,sharpe,-5.721035212355957,5.549421939790306
TSLA,decoupled,9416042,2021-03-03,2021-03-04,open,655.799988,1083.2190482583374
TSLA,decoupled,9416042,2021-03-03,2021-03-04,close,621.440002,1052.5798898376506
TSLA,decoupled,9416042,2021-03-03,2021-03-04,volatility,0.6154211186387902,0.6086665695735445
TSLA,decoupled,9416042,2021-03-03,2021-03-04,sharpe,-6.177428565726399,5.584054640972818
TSLA,decoupled,9416042,2021-03-04,2021-03-05,open,626.059998,1085.593811537374
TSLA,decoupled,9416042,2021-03-04,2021-03-05,close,597.950012,1054.7195325822456
TSLA,decoupled,9416042,2021-03-04,2021-03-05,volatility,0.6194146340891599,0.6021663865529207
TSLA,decoupled,9416042,2021-03-04,2021-03-05,sharpe,-6.794645051315523,5.48849938791384
TSLA,decoupled,9416042,2021-03-05,2021-03-08,open,600.549988,1088.7176963578595
TSLA,decoupled,9416042,2021-03-05,2021-03-08,close,563.0,1057.447678509859
TSLA,decoupled,9416042,2021-03-05,2021-03-08,volatility,0.6319475962069472,0.5928137642995802
TSLA,decoupled,9416042,2021-03-05,2021-03-08,sharpe,-7.877827298650059,5.311083731712547
TSLA,decoupled,9416042,2021-03-08,2021-03-09,open,608.179993,1095.9136479382328
TSLA,decoupled,9416042,2021-03-08,2021-03-09,close,673.580017,1064.233722200463
TSLA,decoupled,9416042,2021-03-08,2021-03-09,volatility,0.9912131132214398,0.5934550978460282
TSLA,decoupled,9416042,2021-03-08,2021-03-09,sharpe,-2.6926830630931056,5.35910921490345
TSLA,decoupled,9416042,2021-03-09,2021-03-10,open,700.299988,1100.1342737457985
TSLA,decoupled,9416042,2021-03-09,2021-03-10,close,668.059998,1068.382083001648
TSLA,decoupled,9416042,2021-03-09,2021-03-10,volatility,0.9910221680087022,0.593836972305086
TSLA,decoupled,9416042,2021-03-09,2021-03-10,sharpe,-2.591829825264229,5.359044824252156
TSLA,decoupled,9416042,2021-03-10,2021-03-11,open,699.400024,1104.8711476977553
TSLA,decoupled,9416042,2021-03-10,2021-03-11,close,699.599976,1072.9151036064527
TSLA,decoupled,9416042,2021-03-10,2021-03-11,volatility,0.9977137365692226,0.5911710261553312
TSLA,decoupled,9416042,2021-03-10,2021-03-11,sharpe,-1.3145607070417948,5.400680955684186
TSLA,decoupled,9416042,2021-03-11,2021-03-12,open,670.0,1104.2729848361791
TSLA,decoupled,9416042,2021-03-11,2021-03-12,close,693.72998,1072.2306547768644
TSLA,decoupled,9416042,2021-03-11,2021-03-12,volatility,0.9964374458891415,0.5885225344461299
TSLA,decoupled,9416042,2021-03-11,2021-03-12,sharpe,-1.5298099296441396,5.343901658142058
TSLA,decoupled,9416042,2021-03-12,2021-03-15,open,694.090027,1108.3189828644993
TSLA,decoupled,9416042,2021-03-12,2021-03-15,close,707.940002,1075.2591379912838
TSLA,decoupled,9416042,2021-03-12,2021-03-15,volatility,1.0001540149918273,0.5814029091446853
TSLA,decoupled,9416042,2021-03-12,2021-03-15,sharpe,-1.335298301979195,5.383874995696566
TSLA,decoupled,9416042,2021-03-15,2021-03-16,open,703.349976,1106.9196700725297
TSLA,decoupled,9416042,2021-03-15,2021-03-16,close,676.880005,1073.7426485146402
TSLA,decoupled,9416042,2021-03-15,2021-03-16,volatility,1.007452624918102,0.5797299771611565
TSLA,decoupled,9416042,2021-03-15,2021-03-16,sharpe,-1.5693828387857802,5.367758394446324
TSLA,decoupled,9416042,2021-03-16,2021-03-17,open,656.869995,1113.1222829985677
TSLA,decoupled,9416042,2021-03-16,2021-03-17,close,701.809998,1078.8475051730024
TSLA,decoupled,9416042,2021-03-16,2021-03-17,volatility,1.0187323530940577,0.5730749079451002
TSLA,decoupled,9416042,2021-03-16,2021-03-17,sharpe,-1.126453041809796,5.314533366163466
TSLA,decoupled,9416042,2021-03-17,2021-03-18,open,684.289978,1116.0485253855782
TSLA,decoupled,9416042,2021-03-17,2021-03-18,close,653.159973,1080.9103914003413
TSLA,decoupled,9416042,2021-03-17,2021-03-18,volatility,1.0441860823072184,0.5674921885990614
TSLA,decoupled,9416042,2021-03-17,2021-03-18,sharpe,-1.7726487670600939,5.085252460727221
TSLA,decoupled,9416042,2021-03-18,2021-03-19,open,646.599976,1120.2525719161638
TSLA,decoupled,9416042,2021-03-18,2021-03-19,close,654.869995,1084.4847231046188
TSLA,decoupled,9416042,2021-03-18,2021-03-19,volatility,1.0447814928487553,0.5661666980905622
TSLA,decoupled,9416042,2021-03-18,2021-03-19,sharpe,-1.6469398978923577,5.102545138284913
TSLA,decoupled,9416042,2021-03-19,2021-03-22,open,684.590027,1119.5308279965705
TSLA,decoupled,9416042,2021-03-19,2021-03-22,close,670.0,1083.4310754270286
TSLA,decoupled,9416042,2021-03-19,2021-03-22,volatility,1.0067489746803426,0.5669148595489721
TSLA,decoupled,9416042,2021-03-19,2021-03-22,sharpe,-0.3499410475769264,5.048036321391891
TSLA,decoupled,9416042,2021-03-22,2021-03-23,open,675.77002,1122.5070263629032
TSLA,decoupled,9416042,2021-03-22,2021-03-23,close,662.159973,1085.964040496477
TSLA,decoupled,9416042,2021-03-22,2021-03-23,volatility,1.0046382234568223,0.5651780036055133
TSLA,decoupled,9416042,2021-03-22,2021-03-23,sharpe,-0.2225507882941506,5.07820689247796
TSLA,decoupled,9416042,2021-03-23,2021-03-24,open,667.909973,1116.0180936863842
TSLA,decoupled,9416042,2021-03-23,2021-03-24,close,630.27002,1080.1600416180802
TSLA,decoupled,9416042,2021-03-23,2021-03-24,volatility,0.9893538027667484,0.5604407996172305
TSLA,decoupled,9416042,2021-03-23,2021-03-24,sharpe,-1.6262486262901843,5.061389095973558
TSLA,decoupled,9416042,2021-03-24,2021-03-25,open,613.0,1112.0567372300159
TSLA,decoupled,9416042,2021-03-24,2021-03-25,close,640.390015,1076.3588395792276
TSLA,decoupled,9416042,2021-03-24,2021-03-25,volatility,0.9519829899463749,0.556834788342392
TSLA,decoupled,9416042,2021-03-24,2021-03-25,sharpe,-0.41090749156309203,5.077638502942094
TSLA,decoupled,9416042,2021-03-25,2021-03-26,open,641.869995,1107.330770697125
TSLA,decoupled,9416042,2021-03-25,2021-03-26,close,618.710022,1073.1129161166382
TSLA,decoupled,9416042,2021-03-25,2021-03-26,volatility,0.9585485717183851,0.5394194445642054
TSLA,decoupled,9416042,2021-03-25,2021-03-26,sharpe,-0.7236252298592485,5.111866158520328
TSLA,decoupled,9416042,2021-03-26,2021-03-29,open,615.640015,1108.2382679634113
TSLA,decoupled,9416042,2021-03-26,2021-03-29,close,611.289978,1074.125773187915
TSLA,decoupled,9416042,2021-03-26,2021-03-29,volatility,0.9262034408110805,0.5397124946638691
TSLA,decoupled,9416042,2021-03-26,2021-03-29,sharpe,-1.7766134392742143,5.134763426774253
TSLA,decoupled,9416042,2021-03-29,2021-03-30,open,601.75,1108.382791266035
TSLA,decoupled,9416042,2021-03-29,2021-03-30,close,635.619995,1074.0492359749942
TSLA,decoupled,9416042,2021-03-29,2021-03-30,volatility,0.9286856764201753,0.5430765525423257
TSLA,decoupled,9416042,2021-03-29,2021-03-30,sharpe,-0.6277294020769809,5.122954370711282
TSLA,decoupled,9416042,2021-03-30,2021-03-31,open,646.619995,1111.553577988504
TSLA,decoupled,9416042,2021-03-30,2021-03-31,close,667.929993,1077.2131396162868
TSLA,decoupled,9416042,2021-03-30,2021-03-31,volatility,0.9301533787377118,0.5512510952377149
TSLA,decoupled,9416042,2021-03-30,2021-03-31,sharpe,0.7177979614846546,5.062939916402323
TSLA,decoupled,9416042,2021-03-31,2021-04-01,open,688.369995,1112.0320864629268
TSLA,decoupled,9416042,2021-03-31,2021-04-01,close,661.75,1077.1282688386352
TSLA,decoupled,9416042,2021-03-31,2021-04-01,volatility,0.911685415077651,0.5778185402046941
TSLA,decoupled,9416042,2021-03-31,2021-04-01,sharpe,1.2764498890076512,4.804046650011443
TSLA,decoupled,9416042,2021-04-01,2021-04-05,open,707.710022,1114.5695884344273
TSLA,decoupled,9416042,2021-04-01,2021-04-05,close,691.049988,1079.2086994127758
TSLA,decoupled,9416042,2021-04-01,2021-04-05,volatility,0.9075791724780875,0.5602242298388852
TSLA,decoupled,9416042,2021-04-01,2021-04-05,sharpe,2.4216906019687294,4.614740739242057
TSLA,decoupled,9416042,2021-04-05,2021-04-06,open,690.299988,743.1084485803035
TSLA,decoupled,9416042,2021-04-05,2021-04-06,close,691.619995,749.0997118535914
TSLA,decoupled,9416042,2021-04-05,2021-04-06,volatility,0.8731286543181602,0.6816751636830956
TSLA,decoupled,9416042,2021-04-05,2021-04-06,sharpe,3.372624920721298,0.2057879319490834
TSLA,decoupled,9416042,2021-04-06,2021-04-07,open,687.0,735.9296653693186
TSLA,decoupled,9416042,2021-04-06,2021-04-07,close,670.969971,742.8185774358996
TSLA,decoupled,9416042,2021-04-06,2021-04-07,volatility,0.5465344958927829,0.67718931460926
TSLA,decoupled,9416042,2021-04-06,2021-04-07,sharpe,0.17151480545551026,0.3234487043725812
TSLA,decoupled,9416042,2021-04-07,2021-04-08,open,677.380005,726.6179758256746
TSLA,decoupled,9416042,2021-04-07,2021-04-08,close,683.799988,734.1989613254896
TSLA,decoupled,9416042,2021-04-07,2021-04-08,volatility,0.5494490977092413,0.6747399154326665
TSLA,decoupled,9416042,2021-04-07,2021-04-08,sharpe,0.7970318814827706,0.3971487190397026
TSLA,decoupled,9416042,2021-04-08,2021-04-09,open,677.77002,721.5701058097877
TSLA,decoupled,9416042,2021-04-08,2021-04-09,close,677.02002,730.1121624460951
TSLA,decoupled,9416042,2021-04-08,2021-04-09,volatility,0.523550477566446,0.6752262559971821
TSLA,decoupled,9416042,2021-04-08,2021-04-09,sharpe,-0.538371306450802,0.22696787767049953
TSLA,decoupled,9416042,2021-04-09,2021-04-12,open,685.700012,715.7263925752009
TSLA,decoupled,9416042,2021-04-09,2021-04-12,close,701.97998,724.0474341392318
TSLA,decoupled,9416042,2021-04-09,2021-04-12,volatility,0.5396139167547938,0.6735129191461781
TSLA,decoupled,9416042,2021-04-09,2021-04-12,sharpe,0.5344281771482213,0.040406254947524145
TSLA,decoupled,9416042,2021-04-12,2021-04-13,open,712.700012,711.5650535370478
TSLA,decoupled,9416042,2021-04-12,2021-04-13,close,762.320007,719.4601727686468
TSLA,decoupled,9416042,2021-04-12,2021-04-13,volatility,0.6154543044311345,0.6763986026446477
TSLA,decoupled,9416042,2021-04-12,2021-04-13,sharpe,1.808988441342025,-0.12524639801951487
TSLA,decoupled,9416042,2021-04-13,2021-04-14,open,770.700012,717.4415704939959
TSLA,decoupled,9416042,2021-04-13,2021-04-14,close,732.22998,723.2565613749604
TSLA,decoupled,9416042,2021-04-13,2021-04-14,volatility,0.6110556727388721,0.6674604127346965
TSLA,decoupled,9416042,2021-04-13,2021-04-14,sharpe,1.9127822800356225,-0.08316340421972979
TSLA,decoupled,9416042,2021-04-14,2021-04-15,open,743.099976,724.4862321565929
TSLA,decoupled,9416042,2021-04-14,2021-04-15,close,738.849976,730.4262856129167
TSLA,decoupled,9416042,2021-04-14,2021-04-15,volatility,0.599490239807876,0.6670588880566062
TSLA,decoupled,9416042,2021-04-14,2021-04-15,sharpe,1.3656003336957114,-0.015084127465939678
TSLA,decoupled,9416042,2021-04-15,2021-04-16,open,728.650024,750.730455756456
TSLA,decoupled,9416042,2021-04-15,2021-04-16,close,739.780029,755.4997429696717
TSLA,decoupled,9416042,2021-04-15,2021-04-16,volatility,0.5350602216383167,0.6642700486652198
TSLA,decoupled,9416042,2021-04-15,2021-04-16,sharpe,3.1921018793597438,0.09616761332646773
TSLA,decoupled,9416042,2021-04-16,2021-04-19,open,719.599976,753.4167069045382
TSLA,decoupled,9416042,2021-04-16,2021-04-19,close,714.630005,759.0619511770288
TSLA,decoupled,9416042,2021-04-16,2021-04-19,volatility,0.554275611324528,0.662334255982956
TSLA,decoupled,9416042,2021-04-16,2021-04-19,sharpe,2.2491004358720845,0.1291010231170151
TSLA,decoupled,9416042,2021-04-19,2021-04-20,open,717.419983,755.9390640119123
TSLA,decoupled,9416042,2021-04-19,2021-04-20,close,718.98999,761.989600686735
TSLA,decoupled,9416042,2021-04-19,2021-04-20,volatility,0.5501589678241564,0.6589703734206118
TSLA,decoupled,9416042,2021-04-19,2021-04-20,sharpe,1.8765237034060083,0.22900836932664026
TSLA,decoupled,9416042,2021-04-20,2021-04-21,open,704.77002,754.2617557067797
TSLA,decoupled,9416042,2021-04-20,2021-04-21,close,744.119995,760.8273366637533
TSLA,decoupled,9416042,2021-04-20,2021-04-21,volatility,0.5572684928769751,0.6563751339088457
TSLA,decoupled,9416042,2021-04-20,2021-04-21,sharpe,2.907428905721843,0.2628853392207615
TSLA,decoupled,9416042,2021-04-21,2021-04-22,open,741.5,753.8032510203097
TSLA,decoupled,9416042,2021-04-21,2021-04-22,close,719.690002,760.4084780888508
TSLA,decoupled,9416042,2021-04-21,2021-04-22,volatility,0.5397319785616552,0.6525959906465341
TSLA,decoupled,9416042,2021-04-21,2021-04-22,sharpe,3.3597671001066693,0.3344974888112038
TSLA,decoupled,9416042,2021-04-22,2021-04-23,open,719.799988,753.6230796895188
TSLA,decoupled,9416042,2021-04-22,2021-04-23,close,729.400024,760.2262916355396
TSLA,decoupled,9416042,2021-04-22,2021-04-23,volatility,0.5392501145028054,0.6529749752930123
TSLA,decoupled,9416042,2021-04-22,2021-04-23,sharpe,3.3028442405130933,0.26789697337952023
TSLA,decoupled,9416042,2021-04-23,2021-04-26,open,741.0,755.2786710999742
TSLA,decoupled,9416042,2021-04-23,2021-04-26,close,738.200012,760.8344380732623
TSLA,decoupled,9416042,2021-04-23,2021-04-26,volatility,0.5172164764182983,0.6524231346627605
TSLA,decoupled,9416042,2021-04-23,2021-04-26,sharpe,4.5621887535527375,0.29664920507334736
TSLA,decoupled,9416042,2021-04-26,2021-04-27,open,717.960022,751.6196857746372
TSLA,decoupled,9416042,2021-04-26,2021-04-27,close,704.73999,757.165542608427
TSLA,decoupled,9416042,2021-04-26,2021-04-27,volatility,0.5480848579793158,0.6530829053855975
TSLA,decoupled,9416042,2021-04-26,2021-04-27,sharpe,3.5389303665878185,0.30355755255691275
TSLA,decoupled,9416042,2021-04-27,2021-04-28,open,696.409973,725.9590777669075
TSLA,decoupled,9416042,2021-04-27,2021-04-28,close,694.400024,730.2588833805717
TSLA,decoupled,9416042,2021-04-27,2021-04-28,volatility,0.5398107979516756,0.6472526634138598
TSLA,decoupled,9416042,2021-04-27,2021-04-28,sharpe,2.3216887246466587,0.5030515269191179
TSLA,decoupled,9416042,2021-04-28,2021-04-29,open,699.51001,710.0368983594105
TSLA,decoupled,9416042,2021-04-28,2021-04-29,close,677.0,714.8209174524164
TSLA,decoupled,9416042,2021-04-28,2021-04-29,volatility,0.5211956150217707,0.6457173059502876
TSLA,decoupled,9416042,2021-04-28,2021-04-29,sharpe,0.5699587331496858,0.6107465897310526
TSLA,decoupled,9416042,2021-04-29,2021-04-30,open,667.590027,700.3290312017825
TSLA,decoupled,9416042,2021-04-29,2021-04-30,close,709.440002,704.6045224202339
TSLA,decoupled,9416042,2021-04-29,2021-04-30,volatility,0.5449838592750478,0.6436793690881908
TSLA,decoupled,9416042,2021-04-29,2021-04-30,sharpe,1.8668419535683378,0.7706509814583485
TSLA,decoupled,9416042,2021-04-30,2021-05-03,open,703.799988,696.0777518311811
TSLA,decoupled,9416042,2021-04-30,2021-05-03,close,684.900024,700.587865533008
TSLA,decoupled,9416042,2021-04-30,2021-05-03,volatility,0.5396268025715287,0.6417784538291074
TSLA,decoupled,9416042,2021-04-30,2021-05-03,sharpe,0.04386846776296402,0.8457033888482903
TSLA,decoupled,9416042,2021-05-03,2021-05-04,open,678.940002,698.9691715769675
TSLA,decoupled,9416042,2021-05-03,2021-05-04,close,673.599976,702.0373421183558
TSLA,decoupled,9416042,2021-05-03,2021-05-04,volatility,0.5428099043640578,0.6391719663851717
TSLA,decoupled,9416042,2021-05-03,2021-05-04,sharpe,-0.35851528149928785,1.0628295134677899
TSLA,decoupled,9416042,2021-05-04,2021-05-05,open,681.059998,712.7281323513955
TSLA,decoupled,9416042,2021-05-04,2021-05-05,close,670.940002,714.0115228832267
TSLA,decoupled,9416042,2021-05-04,2021-05-05,volatility,0.5320820525574935,0.6379217381131288
TSLA,decoupled,9416042,2021-05-04,2021-05-05,sharpe,0.2477859229237877,0.933409414514369
TSLA,decoupled,9416042,2021-05-05,2021-05-06,open,680.76001,723.944638548041
TSLA,decoupled,9416042,2021-05-05,2021-05-06,close,663.539978,723.091858508803
TSLA,decoupled,9416042,2021-05-05,2021-05-06,volatility,0.5288580342573024,0.639134468370465
TSLA,decoupled,9416042,2021-05-05,2021-05-06,sharpe,-0.4690471055055525,0.7458841572008665
TSLA,decoupled,9416042,2021-05-06,2021-05-07,open,665.799988,728.4689362408251
TSLA,decoupled,9416042,2021-05-06,2021-05-07,close,672.369995,727.4143743494453
TSLA,decoupled,9416042,2021-05-06,2021-05-07,volatility,0.5300796254292396,0.6411711979937689
TSLA,decoupled,9416042,2021-05-06,2021-05-07,sharpe,0.08403466806459194,0.6218126654681717
TSLA,decoupled,9416042,2021-05-07,2021-05-10,open,664.900024,729.3492386636801
TSLA,decoupled,9416042,2021-05-07,2021-05-10,close,629.039978,728.1632200586105
TSLA,decoupled,9416042,2021-05-07,2021-05-10,volatility,0.558307517764802,0.6404048663638068
TSLA,decoupled,9416042,2021-05-07,2021-05-10,sharpe,-2.2066240113704954,0.5709992239973626
TSLA,decoupled,9416042,2021-05-10,2021-05-11,open,599.23999,727.4066769681137
TSLA,decoupled,9416042,2021-05-10,2021-05-11,close,617.200012,726.8018258684012
TSLA,decoupled,9416042,2021-05-10,2021-05-11,volatility,0.44445649554922,0.6407899019266746
TSLA,decoupled,9416042,2021-05-10,2021-05-11,sharpe,-5.742277430632972,0.5610399097975722
TSLA,decoupled,9416042,2021-05-11,2021-05-12,open,602.48999,729.9675265446383
TSLA,decoupled,9416042,2021-05-11,2021-05-12,close,589.890015,728.5319950085543
TSLA,decoupled,9416042,2021-05-11,2021-05-12,volatility,0.4489399302584709,0.639819561663108
TSLA,decoupled,9416042,2021-05-11,2021-05-12,sharpe,-5.818990545822302,0.6729711038740517
TSLA,decoupled,9416042,2021-05-12,2021-05-13,open,601.539978,731.0255088763329
TSLA,decoupled,9416042,2021-05-12,2021-05-13,close,571.690002,729.8469185716255
TSLA,decoupled,9416042,2021-05-12,2021-05-13,volatility,0.4484001025726377,0.6385970409936085
TSLA,decoupled,9416042,2021-05-12,2021-05-13,sharpe,-6.947016438478933,0.6957591107472563
TSLA,decoupled,9416042,2021-05-13,2021-05-14,open,583.409973,736.0059859284322
TSLA,decoupled,9416042,2021-05-13,2021-05-14,close,589.73999,733.7299360682074
TSLA,decoupled,9416042,2021-05-13,2021-05-14,volatility,0.4728569649903271,0.6371550973122564
TSLA,decoupled,9416042,2021-05-13,2021-05-14,sharpe,-5.779936727458113,0.7075149434874146
TSLA,decoupled,9416042,2021-05-14,2021-05-17,open,575.549988,736.8475467399419
TSLA,decoupled,9416042,2021-05-14,2021-05-17,close,576.830017,734.6130440986753
TSLA,decoupled,9416042,2021-05-14,2021-05-17,volatility,0.4669110896193771,0.6367746404233476
TSLA,decoupled,9416042,2021-05-14,2021-05-17,sharpe,-5.526859370710294,0.6940925434211028
TSLA,decoupled,9416042,2021-05-17,2021-05-18,open,568.0,738.6170376572788
TSLA,decoupled,9416042,2021-05-17,2021-05-18,close,577.869995,735.8638888613226
TSLA,decoupled,9416042,2021-05-17,2021-05-18,volatility,0.465161916155287,0.6345081673687528
TSLA,decoupled,9416042,2021-05-17,2021-05-18,sharpe,-5.664066935959278,0.7087376514715111
TSLA,decoupled,9416042,2021-05-18,2021-05-19,open,552.549988,733.8711279819111
TSLA,decoupled,9416042,2021-05-18,2021-05-19,close,563.460022,732.3471545920497
TSLA,decoupled,9416042,2021-05-18,2021-05-19,volatility,0.4352384881643704,0.6345919968527497
TSLA,decoupled,9416042,2021-05-18,2021-05-19,sharpe,-7.787223091445908,0.6666613195589892
TSLA,decoupled,9416042,2021-05-19,2021-05-20,open,575.0,729.5637916174014
TSLA,decoupled,9416042,2021-05-19,2021-05-20,close,586.780029,728.5314966640274
TSLA,decoupled,9416042,2021-05-19,2021-05-20,volatility,0.46976686138308094,0.6337455752345644
TSLA,decoupled,9416042,2021-05-19,2021-05-20,sharpe,-5.224195713488156,0.714906085343042
TSLA,decoupled,9416042,2021-05-20,2021-05-21,open,596.109985,719.7874103561078
TSLA,decoupled,9416042,2021-05-20,2021-05-21,close,580.880005,720.436429696944
TSLA,decoupled,9416042,2021-05-20,2021-05-21,volatility,0.4616891787473611,0.6348119498718773
TSLA,decoupled,9416042,2021-05-20,2021-05-21,sharpe,-5.95821750274209,0.7028964495023492
TSLA,decoupled,9416042,2021-05-21,2021-05-24,open,581.599976,714.8352109431578
TSLA,decoupled,9416042,2021-05-21,2021-05-24,close,606.440002,715.9408637193179
TSLA,decoupled,9416042,2021-05-21,2021-05-24,volatility,0.49545723934107727,0.6352155651342191
TSLA,decoupled,9416042,2021-05-21,2021-05-24,sharpe,-4.739928710353714,0.7308067962964331
TSLA,decoupled,9416042,2021-05-24,2021-05-25,open,607.309998,705.9085706621145
TSLA,decoupled,9416042,2021-05-24,2021-05-25,close,604.690002,708.7980085571064
TSLA,decoupled,9416042,2021-05-24,2021-05-25,volatility,0.4771124517847452,0.6369101014493846
TSLA,decoupled,9416042,2021-05-24,2021-05-25,sharpe,-3.8013634727177794,0.731650753783325
TSLA,decoupled,9416042,2021-05-25,2021-05-26,open,607.559998,707.0162568617411
TSLA,decoupled,9416042,2021-05-25,2021-05-26,close,619.130005,709.182896646755
TSLA,decoupled,9416042,2021-05-25,2021-05-26,volatility,0.4885887949573571,0.6366981279842306
TSLA,decoupled,9416042,2021-05-25,2021-05-26,sharpe,-2.717872712931198,0.7478386660987302
TSLA,decoupled,9416042,2021-05-26,2021-05-27,open,620.23999,702.4432103461065
TSLA,decoupled,9416042,2021-05-26,2021-05-27,close,630.849976,705.0702669093803
TSLA,decoupled,9416042,2021-05-26,2021-05-27,volatility,0.48990754250955154,0.6384924676137649
TSLA,decoupled,9416042,2021-05-26,2021-05-27,sharpe,-1.5792391657113802,0.7416808320300445
TSLA,decoupled,9416042,2021-05-27,2021-05-28,open,628.5,698.1173959354567
TSLA,decoupled,9416042,2021-05-27,2021-05-28,close,625.219971,701.1275311269854
TSLA,decoupled,9416042,2021-05-27,2021-05-28,volatility,0.45148734061504864,0.6376500504949908
TSLA,decoupled,9416042,2021-05-27,2021-05-28,sharpe,-3.2999537858733805,0.8057960786035074
TSLA,decoupled,9416042,2021-05-28,2021-06-01,open,627.799988,693.5131235980302
TSLA,decoupled,9416042,2021-05-28,2021-06-01,close,623.900024,697.5471333443945
TSLA,decoupled,9416042,2021-05-28,2021-06-01,volatility,0.43866227831843907,0.6405575673487058
TSLA,decoupled,9416042,2021-05-28,2021-06-01,sharpe,-2.4635037454983637,0.790025644556597
TSLA,decoupled,9416042,2021-06-01,2021-06-02,open,620.130005,687.7403328416622
TSLA,decoupled,9416042,2021-06-01,2021-06-02,close,605.119995,692.2284683230876
TSLA,decoupled,9416042,2021-06-01,2021-06-02,volatility,0.4462752578403487,0.638166277580847
TSLA,decoupled,9416042,2021-06-01,2021-06-02,sharpe,-2.8055192295972353,0.8473023010082373
TSLA,decoupled,9416042,2021-06-02,2021-06-03,open,601.799988,684.5197132086876
TSLA,decoupled,9416042,2021-06-02,2021-06-03,close,572.840027,690.1751227572066
TSLA,decoupled,9416042,2021-06-02,2021-06-03,volatility,0.478089046300764,0.6429290112886005
TSLA,decoupled,9416042,2021-06-02,2021-06-03,sharpe,-3.9206534679464644,0.8387577347960509
TSLA,decoupled,9416042,2021-06-03,2021-06-04,open,579.710022,682.5661892565347
TSLA,decoupled,9416042,2021-06-03,2021-06-04,close,599.049988,688.7729058444979
TSLA,decoupled,9416042,2021-06-03,2021-06-04,volatility,0.5136022579198802,0.6415702198597271
TSLA,decoupled,9416042,2021-06-03,2021-06-04,sharpe,-2.2565052196479143,0.9388629834699753
TSLA,decoupled,9416042,2021-06-04,2021-06-07,open,591.830017,682.0563197541649
TSLA,decoupled,9416042,2021-06-04,2021-06-07,close,605.130005,688.5323300241123
TSLA,decoupled,9416042,2021-06-04,2021-06-07,volatility,0.5122625427765141,0.6441910322225123
TSLA,decoupled,9416042,2021-06-04,2021-06-07,sharpe,-2.340083358747454,0.948284372479552
TSLA,decoupled,9416042,2021-06-07,2021-06-08,open,623.01001,683.8488978482524
TSLA,decoupled,9416042,2021-06-07,2021-06-08,close,603.590027,689.6738296918044
TSLA,decoupled,9416042,2021-06-07,2021-06-08,volatility,0.46117971442098393,0.6476286446857795
TSLA,decoupled,9416042,2021-06-07,2021-06-08,sharpe,-0.9081311921497079,1.1727887000891943
TSLA,decoupled,9416042,2021-06-08,2021-06-09,open,602.169983,685.7898401195503
TSLA,decoupled,9416042,2021-06-08,2021-06-09,close,598.780029,691.9296277217592
TSLA,decoupled,9416042,2021-06-08,2021-06-09,volatility,0.4574172168400468,0.6503633644454182
TSLA,decoupled,9416042,2021-06-08,2021-06-09,sharpe,-0.6166364740212829,1.128675992086441
TSLA,decoupled,9416042,2021-06-09,2021-06-10,open,603.880005,672.9196526026121
TSLA,decoupled,9416042,2021-06-09,2021-06-10,close,610.119995,678.6255730580087
TSLA,decoupled,9416042,2021-06-09,2021-06-10,volatility,0.4327215021539598,0.6421942739811985
TSLA,decoupled,9416042,2021-06-09,2021-06-10,sharpe,1.1880431338047654,0.9829565052374105
TSLA,decoupled,9416042,2021-06-10,2021-06-11,open,610.22998,665.3429893059765
TSLA,decoupled,9416042,2021-06-10,2021-06-11,close,609.890015,671.7936018231935
TSLA,decoupled,9416042,2021-06-10,2021-06-11,volatility,0.415161567130297,0.6434058558894389
TSLA,decoupled,9416042,2021-06-10,2021-06-11,sharpe,2.163237450444685,0.8219483424199574
TSLA,decoupled,9416042,2021-06-11,2021-06-14,open,612.22998,653.103546779754
TSLA,decoupled,9416042,2021-06-11,2021-06-14,close,617.690002,660.5347115693398
TSLA,decoupled,9416042,2021-06-11,2021-06-14,volatility,0.4035452775397628,0.6430281962611482
TSLA,decoupled,9416042,2021-06-11,2021-06-14,sharpe,1.6390139987874057,0.49054328582725815
TSLA,decoupled,9416042,2021-06-14,2021-06-15,open,616.690002,644.2297246440821
TSLA,decoupled,9416042,2021-06-14,2021-06-15,close,599.359985,652.2521840027016
TSLA,decoupled,9416042,2021-06-14,2021-06-15,volatility,0.4106998503166295,0.6407542736598547
TSLA,decoupled,9416042,2021-06-14,2021-06-15,sharpe,1.3716490806649488,0.31666459368437794
TSLA,decoupled,9416042,2021-06-15,2021-06-16,open,597.539978,632.9153886121419
TSLA,decoupled,9416042,2021-06-15,2021-06-16,close,604.869995,641.4793873061782
TSLA,decoupled,9416042,2021-06-15,2021-06-16,volatility,0.4114337493183301,0.6392455785067004
TSLA,decoupled,9416042,2021-06-15,2021-06-16,sharpe,1.5955255452293968,0.18201405458608666
TSLA,decoupled,9416042,2021-06-16,2021-06-17,open,601.890015,627.4908155971918
TSLA,decoupled,9416042,2021-06-16,2021-06-17,close,616.599976,636.3321112734318
TSLA,decoupled,9416042,2021-06-16,2021-06-17,volatility,0.4020597229796194,0.6390449118634132
TSLA,decoupled,9416042,2021-06-16,2021-06-17,sharpe,3.021932868027401,0.11683628140672297
TSLA,decoupled,9416042,2021-06-17,2021-06-18,open,613.369995,622.2762694527512
TSLA,decoupled,9416042,2021-06-17,2021-06-18,close,623.309998,630.6805521081214
TSLA,decoupled,9416042,2021-06-17,2021-06-18,volatility,0.37919465650066647,0.6385787557426208
TSLA,decoupled,9416042,2021-06-17,2021-06-18,sharpe,2.190527293644463,0.0913596848760243
TSLA,decoupled,9416042,2021-06-18,2021-06-21,open,624.47998,617.8467703652209
TSLA,decoupled,9416042,2021-06-18,2021-06-21,close,620.830017,626.9501526229183
TSLA,decoupled,9416042,2021-06-18,2021-06-21,volatility,0.3769640118519713,0.6391702880288008
TSLA,decoupled,9416042,2021-06-18,2021-06-21,sharpe,2.4065857372874326,0.04362172586656876
TSLA,decoupled,9416042,2021-06-21,2021-06-22,open,618.25,613.5699539196169
TSLA,decoupled,9416042,2021-06-21,2021-06-22,close,623.710022,622.8635198583662
TSLA,decoupled,9416042,2021-06-21,2021-06-22,volatility,0.3455990107362553,0.6392165753308181
TSLA,decoupled,9416042,2021-06-21,2021-06-22,sharpe,1.1898743636381457,0.04626101755831513
TSLA,decoupled,9416042,2021-06-22,2021-06-23,open,632.0,609.2620777470178
TSLA,decoupled,9416042,2021-06-22,2021-06-23,close,656.570007,618.8661738215596
TSLA,decoupled,9416042,2021-06-22,2021-06-23,volatility,0.38947296422462835,0.6392229059732696
TSLA,decoupled,9416042,2021-06-22,2021-06-23,sharpe,2.853616701959557,0.021117219306898694
TSLA,decoupled,9416042,2021-06-23,2021-06-24,open,674.98999,607.0238673132095
TSLA,decoupled,9416042,2021-06-23,2021-06-24,close,679.820007,616.7558508647639
TSLA,decoupled,9416042,2021-06-23,2021-06-24,volatility,0.39914916556045,0.6391964792216408
TSLA,decoupled,9416042,2021-06-23,2021-06-24,sharpe,3.1484491824964986,0.07379255463841883
TSLA,decoupled,9416042,2021-06-24,2021-06-25,open,689.580017,607.342229514909
TSLA,decoupled,9416042,2021-06-24,2021-06-25,close,671.869995,616.9327631718315
TSLA,decoupled,9416042,2021-06-24,2021-06-25,volatility,0.3997628938746561,0.6382569088248732
TSLA,decoupled,9416042,2021-06-24,2021-06-25,sharpe,2.1783864514665026,0.059672077612085594
TSLA,decoupled,9416042,2021-06-25,2021-06-28,open,671.640015,611.7126819021894
TSLA,decoupled,9416042,2021-06-25,2021-06-28,close,688.719971,620.23911299331
TSLA,decoupled,9416042,2021-06-25,2021-06-28,volatility,0.4039954252639457,0.633970048037954
TSLA,decoupled,9416042,2021-06-25,2021-06-28,sharpe,3.2160875141669534,0.25217539317254
TSLA,decoupled,9416042,2021-06-28,2021-06-29,open,684.650024,619.4646582568106
TSLA,decoupled,9416042,2021-06-28,2021-06-29,close,680.76001,627.1394820144492
TSLA,decoupled,9416042,2021-06-28,2021-06-29,volatility,0.4076243915011467,0.6317590490781432
TSLA,decoupled,9416042,2021-06-28,2021-06-29,sharpe,2.895458354467653,0.3095690027561345
TSLA,decoupled,9416042,2021-06-29,2021-06-30,open,679.77002,625.2690070245642
TSLA,decoupled,9416042,2021-06-29,2021-06-30,close,679.700012,632.5730154492184
TSLA,decoupled,9416042,2021-06-29,2021-06-30,volatility,0.38740919000834223,0.628015224911741
TSLA,decoupled,9416042,2021-06-29,2021-06-30,sharpe,3.9749008752674406,0.414177450352889
TSLA,decoupled,9416042,2021-06-30,2021-07-01,open,683.919983,631.0187106041819
TSLA,decoupled,9416042,2021-06-30,2021-07-01,close,677.919983,637.495911858705
TSLA,decoupled,9416042,2021-06-30,2021-07-01,volatility,0.32016486056600774,0.6245406591634662
TSLA,decoupled,9416042,2021-06-30,2021-07-01,sharpe,6.80605418248709,0.4466321517288958
TSLA,decoupled,9416042,2021-07-01,2021-07-02,open,678.97998,632.1072543784812
TSLA,decoupled,9416042,2021-07-01,2021-07-02,close,678.900024,638.4564294056927
TSLA,decoupled,9416042,2021-07-01,2021-07-02,volatility,0.2891861516668456,0.6205674890712294
TSLA,decoupled,9416042,2021-07-01,2021-07-02,sharpe,5.604587343520107,0.5702802139071408
TSLA,decoupled,9416042,2021-07-02,2021-07-06,open,681.710022,565.7743251037771
TSLA,decoupled,9416042,2021-07-02,2021-07-06,close,659.580017,565.4320605601033
TSLA,decoupled,9416042,2021-07-02,2021-07-06,volatility,0.31400912877706205,0.5326009248763732
TSLA,decoupled,9416042,2021-07-02,2021-07-06,sharpe,3.612372098237032,1.8195977761461855
TSLA,decoupled,9416042,2021-07-06,2021-07-07,open,664.27002,563.3905314727397
TSLA,decoupled,9416042,2021-07-06,2021-07-07,close,644.650024,563.6418011938342
TSLA,decoupled,9416042,2021-07-06,2021-07-07,volatility,0.32778450893665373,0.5264506781057186
TSLA,decoupled,9416042,2021-07-06,2021-07-07,sharpe,2.6882739786720875,1.6576298113383876
TSLA,decoupled,9416042,2021-07-07,2021-07-08,open,628.369995,561.0044006020689
TSLA,decoupled,9416042,2021-07-07,2021-07-08,close,652.809998,561.8212946739817
TSLA,decoupled,9416042,2021-07-07,2021-07-08,volatility,0.32638946555722226,0.5254700261595537
TSLA,decoupled,9416042,2021-07-07,2021-07-08,sharpe,3.496051622337514,1.7107686187764923
TSLA,decoupled,9416042,2021-07-08,2021-07-09,open,653.179993,560.2739893672347
TSLA,decoupled,9416042,2021-07-08,2021-07-09,close,656.950012,561.3329510397876
TSLA,decoupled,9416042,2021-07-08,2021-07-09,volatility,0.3220470079063948,0.5279307987311755
TSLA,decoupled,9416042,2021-07-08,2021-07-09,sharpe,3.0503530649878554,1.806595882537021
TSLA,decoupled,9416042,2021-07-09,2021-07-12,open,662.200012,558.6710722676066
TSLA,decoupled,9416042,2021-07-09,2021-07-12,close,685.700012,559.911716488924
TSLA,decoupled,9416042,2021-07-09,2021-07-12,volatility,0.35108039993764706,0.529288655092492
TSLA,decoupled,9416042,2021-07-09,2021-07-12,sharpe,4.382239417228871,1.743317923674637
TSLA,decoupled,9416042,2021-07-12,2021-07-13,open,686.320007,558.0150234121303
TSLA,decoupled,9416042,2021-07-12,2021-07-13,close,668.539978,559.4005205099879
TSLA,decoupled,9416042,2021-07-12,2021-07-13,volatility,0.3668382639190762,0.5264166523442139
TSLA,decoupled,9416042,2021-07-12,2021-07-13,sharpe,2.8951522863245707,1.499031386999643
TSLA,decoupled,9416042,2021-07-13,2021-07-14,open,670.75,555.7696993046823
TSLA,decoupled,9416042,2021-07-13,2021-07-14,close,653.380005,556.8518877157051
TSLA,decoupled,9416042,2021-07-13,2021-07-14,volatility,0.3590205655773483,0.5251930769949387
TSLA,decoupled,9416042,2021-07-13,2021-07-14,sharpe,3.2038230530540486,1.3070867800695578
TSLA,decoupled,9416042,2021-07-14,2021-07-15,open,658.390015,553.642238853035
TSLA,decoupled,9416042,2021-07-14,2021-07-15,close,650.599976,554.1219151252546
TSLA,decoupled,9416042,2021-07-14,2021-07-15,volatility,0.3598934234267255,0.5196004883061667
TSLA,decoupled,9416042,2021-07-14,2021-07-15,sharpe,2.7252334066881145,1.159873898791158
TSLA,decoupled,9416042,2021-07-15,2021-07-16,open,654.679993,548.8151712272277
TSLA,decoupled,9416042,2021-07-15,2021-07-16,close,644.219971,549.2719224026548
TSLA,decoupled,9416042,2021-07-15,2021-07-16,volatility,0.35813400565561365,0.5214342570503488
TSLA,decoupled,9416042,2021-07-15,2021-07-16,sharpe,1.711335290632602,1.2623567357811343
TSLA,decoupled,9416042,2021-07-16,2021-07-19,open,629.890015,549.3436258782253
TSLA,decoupled,9416042,2021-07-16,2021-07-19,close,646.219971,549.6695722845429
TSLA,decoupled,9416042,2021-07-16,2021-07-19,volatility,0.35676151521700766,0.5213309795371032
TSLA,decoupled,9416042,2021-07-16,2021-07-19,sharpe,1.4432261170021816,1.332579019889945
TSLA,decoupled,9416042,2021-07-19,2021-07-20,open,651.98999,548.5435267433002
TSLA,decoupled,9416042,2021-07-19,2021-07-20,close,660.5,548.9936390479993
TSLA,decoupled,9416042,2021-07-19,2021-07-20,volatility,0.362878945540016,0.5204979412643087
TSLA,decoupled,9416042,2021-07-19,2021-07-20,sharpe,2.3243332039586524,1.3348720749051581
TSLA,decoupled,9416042,2021-07-20,2021-07-21,open,659.609985,549.3583647975464
TSLA,decoupled,9416042,2021-07-20,2021-07-21,close,655.289978,549.9879784407183
TSLA,decoupled,9416042,2021-07-20,2021-07-21,volatility,0.3650055878879606,0.5171742584620392
TSLA,decoupled,9416042,2021-07-20,2021-07-21,sharpe,1.8783601115574147,1.2419950727119216
TSLA,decoupled,9416042,2021-07-21,2021-07-22,open,656.440002,551.557707292614
TSLA,decoupled,9416042,2021-07-21,2021-07-22,close,649.26001,552.2412959657886
TSLA,decoupled,9416042,2021-07-21,2021-07-22,volatility,0.3153797040575439,0.5161950778806144
TSLA,decoupled,9416042,2021-07-21,2021-07-22,sharpe,-0.2985622615499876,1.1197032987017836
TSLA,decoupled,9416042,2021-07-22,2021-07-23,open,646.359985,553.9577662035495
TSLA,decoupled,9416042,2021-07-22,2021-07-23,close,643.380005,554.4163716424728
TSLA,decoupled,9416042,2021-07-22,2021-07-23,volatility,0.2866507581300239,0.5136772112958768
TSLA,decoupled,9416042,2021-07-22,2021-07-23,sharpe,-2.2831073442268113,0.9195452912339752
TSLA,decoupled,9416042,2021-07-23,2021-07-26,open,650.969971,551.4649808875649
TSLA,decoupled,9416042,2021-07-23,2021-07-26,close,657.619995,552.2260769721086
TSLA,decoupled,9416042,2021-07-23,2021-07-26,volatility,0.29736110994804016,0.513011991751813
TSLA,decoupled,9416042,2021-07-23,2021-07-26,sharpe,-0.7675160380200721,0.9613502354088288
TSLA,decoupled,9416042,2021-07-26,2021-07-27,open,663.400024,549.3888920090852
TSLA,decoupled,9416042,2021-07-26,2021-07-27,close,644.780029,550.2916426876551
TSLA,decoupled,9416042,2021-07-26,2021-07-27,volatility,0.2876574257700144,0.511370733188877
TSLA,decoupled,9416042,2021-07-26,2021-07-27,sharpe,-2.747161377307358,0.9194313125033993
TSLA,decoupled,9416042,2021-07-27,2021-07-28,open,647.0,545.8802183316105
TSLA,decoupled,9416042,2021-07-27,2021-07-28,close,646.97998,546.9744745667572
TSLA,decoupled,9416042,2021-07-27,2021-07-28,volatility,0.2867509974857442,0.5098133279555314
TSLA,decoupled,9416042,2021-07-27,2021-07-28,sharpe,-2.098074512015574,0.8908515587778914
TSLA,decoupled,9416042,2021-07-28,2021-07-29,open,649.789978,544.2768719430703
TSLA,decoupled,9416042,2021-07-28,2021-07-29,close,677.349976,545.8427348549214
TSLA,decoupled,9416042,2021-07-28,2021-07-29,volatility,0.3360513862081847,0.5099444565595794
TSLA,decoupled,9416042,2021-07-28,2021-07-29,sharpe,0.028129539486841174,0.8669136655488525
TSLA,decoupled,9416042,2021-07-29,2021-07-30,open,671.76001,542.5424016412171
TSLA,decoupled,9416042,2021-07-29,2021-07-30,close,687.200012,544.3455723152125
TSLA,decoupled,9416042,2021-07-29,2021-07-30,volatility,0.33975279560433036,0.5116710036653777
TSLA,decoupled,9416042,2021-07-29,2021-07-30,sharpe,0.6642472302287025,0.9151054303097071
TSLA,decoupled,9416042,2021-07-30,2021-08-02,open,700.0,542.9774621044133
TSLA,decoupled,9416042,2021-07-30,2021-08-02,close,709.669983,544.9398764038365
TSLA,decoupled,9416042,2021-07-30,2021-08-02,volatility,0.3580424887995208,0.5120146486729592
TSLA,decoupled,9416042,2021-07-30,2021-08-02,sharpe,1.730123183776711,0.9014955321470663
TSLA,decoupled,9416042,2021-08-02,2021-08-03,open,719.0,539.5540261254072
TSLA,decoupled,9416042,2021-08-02,2021-08-03,close,709.73999,541.4851171300452
TSLA,decoupled,9416042,2021-08-02,2021-08-03,volatility,0.33919107539293963,0.510021611022184
TSLA,decoupled,9416042,2021-08-02,2021-08-03,sharpe,2.887071702720313,0.8485616150460684
TSLA,decoupled,9416042,2021-08-03,2021-08-04,open,711.0,540.7793597773145
TSLA,decoupled,9416042,2021-08-03,2021-08-04,close,710.919983,542.7811170150474
TSLA,decoupled,9416042,2021-08-03,2021-08-04,volatility,0.3246465555631376,0.5091534949801715
TSLA,decoupled,9416042,2021-08-03,2021-08-04,sharpe,3.95946284992679,0.8369660490660289
TSLA,decoupled,9416042,2021-08-04,2021-08-05,open,716.0,538.7482508370865
TSLA,decoupled,9416042,2021-08-04,2021-08-05,close,714.630005,540.93542043669
TSLA,decoupled,9416042,2021-08-04,2021-08-05,volatility,0.3234214175632749,0.5089223605707147
TSLA,decoupled,9416042,2021-08-04,2021-08-05,sharpe,3.6846351360230276,0.7904246160904393
TSLA,decoupled,9416042,2021-08-05,2021-08-06,open,711.900024,538.7968081829404
TSLA,decoupled,9416042,2021-08-05,2021-08-06,close,699.099976,540.8993051444778
TSLA,decoupled,9416042,2021-08-05,2021-08-06,volatility,0.3366460560919966,0.50861543460899
TSLA,decoupled,9416042,2021-08-05,2021-08-06,sharpe,2.489157498213201,0.7641417225706841
TSLA,decoupled,9416042,2021-08-06,2021-08-09,open,710.169983,537.2835170684397
TSLA,decoupled,9416042,2021-08-06,2021-08-09,close,713.76001,539.508508580974
TSLA,decoupled,9416042,2021-08-06,2021-08-09,volatility,0.30891325607994213,0.5093125722839851
TSLA,decoupled,9416042,2021-08-06,2021-08-09,sharpe,1.782939254074431,0.7534549776799422
TSLA,decoupled,9416042,2021-08-09,2021-08-10,open,713.98999,539.2607740995625
TSLA,decoupled,9416042,2021-08-09,2021-08-10,close,709.98999,541.4587343604371
TSLA,decoupled,9416042,2021-08-09,2021-08-10,volatility,0.2934072524980678,0.5097280719489901
TSLA,decoupled,9416042,2021-08-09,2021-08-10,sharpe,2.7250302021051205,0.7402654203327019
TSLA,decoupled,9416042,2021-08-10,2021-08-11,open,712.710022,540.7083363117187
TSLA,decoupled,9416042,2021-08-10,2021-08-11,close,707.820007,543.3567671020135
TSLA,decoupled,9416042,2021-08-10,2021-08-11,volatility,0.27836146303716697,0.5106669400286576
TSLA,decoupled,9416042,2021-08-10,2021-08-11,sharpe,3.7604133019161208,0.7554745014403337
TSLA,decoupled,9416042,2021-08-11,2021-08-12,open,706.340027,543.5238037934221
TSLA,decoupled,9416042,2021-08-11,2021-08-12,close,722.25,546.2237821982496
TSLA,decoupled,9416042,2021-08-11,2021-08-12,volatility,0.2822047698605508,0.5112847975347409
TSLA,decoupled,9416042,2021-08-11,2021-08-12,sharpe,4.80939931623748,0.7337725263732147
TSLA,decoupled,9416042,2021-08-12,2021-08-13,open,723.710022,546.2320921433634
TSLA,decoupled,9416042,2021-08-12,2021-08-13,close,717.169983,548.8971248655087
TSLA,decoupled,9416042,2021-08-12,2021-08-13,volatility,0.28039081081066497,0.5115097717340824
TSLA,decoupled,9416042,2021-08-12,2021-08-13,sharpe,4.965112679700198,0.7776343382714279
TSLA,decoupled,9416042,2021-08-13,2021-08-16,open,705.070007,549.653000087664
TSLA,decoupled,9416042,2021-08-13,2021-08-16,close,686.169983,552.1211661034497
TSLA,decoupled,9416042,2021-08-13,2021-08-16,volatility,0.3296036181306709,0.5117296377310221
TSLA,decoupled,9416042,2021-08-13,2021-08-16,sharpe,2.4526858881113007,0.7395378914996467
TSLA,decoupled,9416042,2021-08-16,2021-08-17,open,672.659973,552.9984485809421
TSLA,decoupled,9416042,2021-08-16,2021-08-17,close,665.710022,555.405224564116
TSLA,decoupled,9416042,2021-08-16,2021-08-17,volatility,0.34144486295651666,0.5129672615406891
TSLA,decoupled,9416042,2021-08-16,2021-08-17,sharpe,0.45184444228404763,0.7872657769859055
TSLA,decoupled,9416042,2021-08-17,2021-08-18,open,669.75,556.1872543200117
TSLA,decoupled,9416042,2021-08-17,2021-08-18,close,688.98999,558.613665140824
TSLA,decoupled,9416042,2021-08-17,2021-08-18,volatility,0.3606451000264444,0.5136782452278562
TSLA,decoupled,9416042,2021-08-17,2021-08-18,sharpe,1.9251402586735116,0.7840507744489139
TSLA,decoupled,9416042,2021-08-18,2021-08-19,open,678.210022,557.7156182452097
TSLA,decoupled,9416042,2021-08-18,2021-08-19,close,673.469971,560.0462065929482
TSLA,decoupled,9416042,2021-08-18,2021-08-19,volatility,0.3694965285572088,0.5142693578780521
TSLA,decoupled,9416042,2021-08-18,2021-08-19,sharpe,1.4246761767774072,0.8979993584765732
TSLA,decoupled,9416042,2021-08-19,2021-08-20,open,682.849976,560.4981735769729
TSLA,decoupled,9416042,2021-08-19,2021-08-20,close,680.26001,562.8182103226841
TSLA,decoupled,9416042,2021-08-19,2021-08-20,volatility,0.36808237118417025,0.514309016038242
TSLA,decoupled,9416042,2021-08-19,2021-08-20,sharpe,2.0852935480534174,0.8853347404381657
TSLA,decoupled,9416042,2021-08-20,2021-08-23,open,685.440002,560.3621843893211
TSLA,decoupled,9416042,2021-08-20,2021-08-23,close,706.299988,562.4270487891988
TSLA,decoupled,9416042,2021-08-20,2021-08-23,volatility,0.3833335781311192,0.5149039824349065
TSLA,decoupled,9416042,2021-08-20,2021-08-23,sharpe,2.53305193709199,0.8963610617125491
TSLA,decoupled,9416042,2021-08-23,2021-08-24,open,710.679993,561.8830119091705
TSLA,decoupled,9416042,2021-08-23,2021-08-24,close,708.48999,563.9720390441557
TSLA,decoupled,9416042,2021-08-23,2021-08-24,volatility,0.37331471845379566,0.5159337569955345
TSLA,decoupled,9416042,2021-08-23,2021-08-24,sharpe,3.364683971669406,0.8576533656511728
TSLA,decoupled,9416042,2021-08-24,2021-08-25,open,707.030029,559.8051104775057
TSLA,decoupled,9416042,2021-08-24,2021-08-25,close,711.200012,561.3944472242813
TSLA,decoupled,9416042,2021-08-24,2021-08-25,volatility,0.37329451721167184,0.5153367588863789
TSLA,decoupled,9416042,2021-08-24,2021-08-25,sharpe,3.3788105446047445,0.8340595914363418
TSLA,decoupled,9416042,2021-08-25,2021-08-26,open,708.309998,559.2902022766283
TSLA,decoupled,9416042,2021-08-25,2021-08-26,close,701.159973,560.6617409392136
TSLA,decoupled,9416042,2021-08-25,2021-08-26,volatility,0.3440948026058063,0.5158083186325201
TSLA,decoupled,9416042,2021-08-25,2021-08-26,sharpe,1.429716535942371,0.7655680495733421
TSLA,decoupled,9416042,2021-08-26,2021-08-27,open,705.0,557.1014489080632
TSLA,decoupled,9416042,2021-08-26,2021-08-27,close,711.919983,558.2289442472972
TSLA,decoupled,9416042,2021-08-26,2021-08-27,volatility,0.34449656126713646,0.5164795899322956
TSLA,decoupled,9416042,2021-08-26,2021-08-27,sharpe,1.4574553510301318,0.7598719448142477
TSLA,decoupled,9416042,2021-08-27,2021-08-30,open,714.719971,556.6871374089599
TSLA,decoupled,9416042,2021-08-27,2021-08-30,close,730.909973,557.8592515136737
TSLA,decoupled,9416042,2021-08-27,2021-08-30,volatility,0.3379776116220924,0.5173381402959251
TSLA,decoupled,9416042,2021-08-27,2021-08-30,sharpe,1.2610062535787976,0.785090977853425
TSLA,decoupled,9416042,2021-08-30,2021-08-31,open,733.0,557.594463374415
TSLA,decoupled,9416042,2021-08-30,2021-08-31,close,735.719971,558.8424271304646
TSLA,decoupled,9416042,2021-08-30,2021-08-31,volatility,0.33835552116080164,0.5178574669764864
TSLA,decoupled,9416042,2021-08-30,2021-08-31,sharpe,1.5009876202528678,0.857862031681218
TSLA,decoupled,9416042,2021-08-31,2021-09-01,open,734.080017,561.1513128075994
TSLA,decoupled,9416042,2021-08-31,2021-09-01,close,734.090027,562.3735199148762
TSLA,decoupled,9416042,2021-08-31,2021-09-01,volatility,0.3386890013419352,0.5184082201280168
TSLA,decoupled,9416042,2021-08-31,2021-09-01,sharpe,1.3552388797096588,0.8547984698281749
TSLA,decoupled,9416042,2021-09-01,2021-09-02,open,734.5,565.0457264221279
TSLA,decoupled,9416042,2021-09-01,2021-09-02,close,732.390015,566.2594203983404
TSLA,decoupled,9416042,2021-09-01,2021-09-02,volatility,0.3387426017023759,0.5190681507123397
TSLA,decoupled,9416042,2021-09-01,2021-09-02,sharpe,1.0747708941232053,0.8814582246993375
TSLA,decoupled,9416042,2021-09-02,2021-09-03,open,732.25,569.2432180087152
TSLA,decoupled,9416042,2021-09-02,2021-09-03,close,733.570007,570.5031342128375
TSLA,decoupled,9416042,2021-09-02,2021-09-03,volatility,0.32750785605679034,0.5196081524173428
TSLA,decoupled,9416042,2021-09-02,2021-09-03,sharpe,2.0096890125598295,0.8780223441254534
TSLA,decoupled,9416042,2021-09-03,2021-09-07,open,740.0,573.4150476581026
TSLA,decoupled,9416042,2021-09-03,2021-09-07,close,752.919983,574.5311104429438
TSLA,decoupled,9416042,2021-09-03,2021-09-07,volatility,0.3320593402507868,0.5200257235614534
TSLA,decoupled,9416042,2021-09-03,2021-09-07,sharpe,2.1873473303390734,0.9102280609662096
TSLA,decoupled,9416042,2021-09-07,2021-09-08,open,761.580017,578.2841855973119
TSLA,decoupled,9416042,2021-09-07,2021-09-08,close,753.869995,579.1409865661983
TSLA,decoupled,9416042,2021-09-07,2021-09-08,volatility,0.3307352399776845,0.5207417539935272
TSLA,decoupled,9416042,2021-09-07,2021-09-08,sharpe,2.445398773552745,0.9056476734703929
TSLA,decoupled,9416042,2021-09-08,2021-09-09,open,753.409973,582.1162092232579
TSLA,decoupled,9416042,2021-09-08,2021-09-09,close,754.859985,582.9570895958889
TSLA,decoupled,9416042,2021-09-08,2021-09-09,volatility,0.3300001706589054,0.5214013447540526
TSLA,decoupled,9416042,2021-09-08,2021-09-09,sharpe,2.6176838069694472,0.9412146419542989
TSLA,decoupled,9416042,2021-09-09,2021-09-10,open,759.599976,585.6898009240206
TSLA,decoupled,9416042,2021-09-09,2021-09-10,close,736.27002,586.602634937787
TSLA,decoupled,9416042,2021-09-09,2021-09-10,volatility,0.3379070491449088,0.5220441106214584
TSLA,decoupled,9416042,2021-09-09,2021-09-10,sharpe,0.8779490403865428,0.949466654851837
TSLA,decoupled,9416042,2021-09-10,2021-09-13,open,740.210022,588.1250138269936
TSLA,decoupled,9416042,2021-09-10,2021-09-13,close,743.0,589.0680164970495
TSLA,decoupled,9416042,2021-09-10,2021-09-13,volatility,0.33757163059683726,0.5216478760736506
TSLA,decoupled,9416042,2021-09-10,2021-09-13,sharpe,1.4825315621166724,0.9983323218069821
TSLA,decoupled,9416042,2021-09-13,2021-09-14,open,742.570007,591.0765658938849
TSLA,decoupled,9416042,2021-09-13,2021-09-14,close,744.48999,591.9803307609945
TSLA,decoupled,9416042,2021-09-13,2021-09-14,volatility,0.29238169921910345,0.5216618739219874
TSLA,decoupled,9416042,2021-09-13,2021-09-14,sharpe,3.660861869328073,0.9882086271256691
TSLA,decoupled,9416042,2021-09-14,2021-09-15,open,745.0,594.0732886941
TSLA,decoupled,9416042,2021-09-14,2021-09-15,close,755.830017,594.7732307892627
TSLA,decoupled,9416042,2021-09-14,2021-09-15,volatility,0.2652367019681842,0.5214018797957762
TSLA,decoupled,9416042,2021-09-14,2021-09-15,sharpe,6.175591671646455,1.000738205146329
TSLA,decoupled,9416042,2021-09-15,2021-09-16,open,752.830017,596.6327568877897
TSLA,decoupled,9416042,2021-09-15,2021-09-16,close,756.98999,597.2971506094823
TSLA,decoupled,9416042,2021-09-15,2021-09-16,volatility,0.2432810775403781,0.5217091311207114
TSLA,decoupled,9416042,2021-09-15,2021-09-16,sharpe,5.001240275547283,1.0029935917249622
TSLA,decoupled,9416042,2021-09-16,2021-09-17,open,757.150024,597.0650508224402
TSLA,decoupled,9416042,2021-09-16,2021-09-17,close,759.48999,597.6381705681789
TSLA,decoupled,9416042,2021-09-16,2021-09-17,volatility,0.22102069832288726,0.5219812070674653
TSLA,decoupled,9416042,2021-09-16,2021-09-17,sharpe,6.977372753022954,1.0333539386421076
TSLA,decoupled,9416042,2021-09-17,2021-09-20,open,734.559998,596.8495477884833
TSLA,decoupled,9416042,2021-09-17,2021-09-20,close,730.169983,597.3709078641192
TSLA,decoupled,9416042,2021-09-17,2021-09-20,volatility,0.271293097952773,0.5218328848253259
TSLA,decoupled,9416042,2021-09-17,2021-09-20,sharpe,3.42318763307622,1.0274289324986265
TSLA,decoupled,9416042,2021-09-20,2021-09-21,open,734.789978,595.7488987162048
TSLA,decoupled,9416042,2021-09-20,2021-09-21,close,739.380005,596.1880724086119
TSLA,decoupled,9416042,2021-09-20,2021-09-21,volatility,0.24155242164750076,0.5226371537600354
TSLA,decoupled,9416042,2021-09-20,2021-09-21,sharpe,2.505860295191382,1.0304076002557592
TSLA,decoupled,9416042,2021-09-21,2021-09-22,open,743.530029,594.8416681482856
TSLA,decoupled,9416042,2021-09-21,2021-09-22,close,751.940002,595.3865228386535
TSLA,decoupled,9416042,2021-09-21,2021-09-22,volatility,0.2470519676292499,0.5232039003209259
TSLA,decoupled,9416042,2021-09-21,2021-09-22,sharpe,3.15831096551914,0.9952963697085506
TSLA,decoupled,9416042,2021-09-22,2021-09-23,open,755.0,593.4997110085465
TSLA,decoupled,9416042,2021-09-22,2021-09-23,close,753.640015,593.8593278333599
TSLA,decoupled,9416042,2021-09-22,2021-09-23,volatility,0.24705316344678424,0.5239618303041939
TSLA,decoupled,9416042,2021-09-22,2021-09-23,sharpe,3.078518044792564,0.955906807100592
TSLA,decoupled,9416042,2021-09-23,2021-09-24,open,745.890015,591.3528848570793
TSLA,decoupled,9416042,2021-09-23,2021-09-24,close,774.390015,591.4164646597304
TSLA,decoupled,9416042,2021-09-23,2021-09-24,volatility,0.25290624433958436,0.5217652020472879
TSLA,decoupled,9416042,2021-09-23,2021-09-24,sharpe,5.082312702071382,0.841510036522112
TSLA,decoupled,9416042,2021-09-24,2021-09-27,open,773.119995,585.8041348709871
TSLA,decoupled,9416042,2021-09-24,2021-09-27,close,791.359985,585.413358842321
TSLA,decoupled,9416042,2021-09-24,2021-09-27,volatility,0.2574686572228511,0.5169329437992466
TSLA,decoupled,9416042,2021-09-24,2021-09-27,sharpe,5.313676087820217,0.6693764314442642
TSLA,decoupled,9416042,2021-09-27,2021-09-28,open,787.200012,583.3499378583383
TSLA,decoupled,9416042,2021-09-27,2021-09-28,close,777.559998,583.283367645347
TSLA,decoupled,9416042,2021-09-27,2021-09-28,volatility,0.2568046336124907,0.5160837964323951
TSLA,decoupled,9416042,2021-09-27,2021-09-28,sharpe,3.163049072234622,0.5875925920894599
TSLA,decoupled,9416042,2021-09-28,2021-09-29,open,779.799988,580.8811450226726
TSLA,decoupled,9416042,2021-09-28,2021-09-29,close,781.309998,580.6741451270092
TSLA,decoupled,9416042,2021-09-28,2021-09-29,volatility,0.25657550199270635,0.5145294821495473
TSLA,decoupled,9416042,2021-09-28,2021-09-29,sharpe,3.0795385557389245,0.5365556067187619
TSLA,decoupled,9416042,2021-09-29,2021-09-30,open,781.0,580.1286492582408
TSLA,decoupled,9416042,2021-09-29,2021-09-30,close,775.47998,580.3168565888616
TSLA,decoupled,9416042,2021-09-29,2021-09-30,volatility,0.2586937832958642,0.5147487444169745
TSLA,decoupled,9416042,2021-09-29,2021-09-30,sharpe,2.7987893065462477,0.5195764335654773
TSLA,decoupled,9416042,2021-09-30,2021-10-01,open,778.400024,579.2927283485255
TSLA,decoupled,9416042,2021-09-30,2021-10-01,close,775.219971,579.6884409626791
TSLA,decoupled,9416042,2021-09-30,2021-10-01,volatility,0.2582620582879162,0.5141844416953082
TSLA,decoupled,9416042,2021-09-30,2021-10-01,sharpe,2.9000928787614932,0.5156091242105226
TSLA,decoupled,9416042,2021-10-01,2021-10-04,open,796.5,729.3663749090063
TSLA,decoupled,9416042,2021-10-01,2021-10-04,close,781.530029,707.4245491383924
TSLA,decoupled,9416042,2021-10-01,2021-10-04,volatility,0.25884479977001307,0.42345630848333426
TSLA,decoupled,9416042,2021-10-01,2021-10-04,sharpe,3.211359298813713,1.3977241939041833
TSLA,decoupled,9416042,2021-10-04,2021-10-05,open,784.799988,731.8219872492418
TSLA,decoupled,9416042,2021-10-04,2021-10-05,close,780.590027,709.2320974176541
TSLA,decoupled,9416042,2021-10-04,2021-10-05,volatility,0.24433640935612774,0.4207834235081036
TSLA,decoupled,9416042,2021-10-04,2021-10-05,sharpe,1.9797631933482513,1.3901509480108547
TSLA,decoupled,9416042,2021-10-05,2021-10-06,open,776.200012,734.9216507758417
TSLA,decoupled,9416042,2021-10-05,2021-10-06,close,782.75,712.3907970019432
TSLA,decoupled,9416042,2021-10-05,2021-10-06,volatility,0.2443410871212193,0.4177773393892623
TSLA,decoupled,9416042,2021-10-05,2021-10-06,sharpe,2.057351177041405,1.3717321254724462
TSLA,decoupled,9416042,2021-10-06,2021-10-07,open,785.460022,738.6615668815432
TSLA,decoupled,9416042,2021-10-06,2021-10-07,close,793.609985,716.0465228477578
TSLA,decoupled,9416042,2021-10-06,2021-10-07,volatility,0.24791822667477129,0.4162598931020119
TSLA,decoupled,9416042,2021-10-06,2021-10-07,sharpe,2.6660531355989754,1.3370700986626
TSLA,decoupled,9416042,2021-10-07,2021-10-08,open,796.210022,743.0504563125977
TSLA,decoupled,9416042,2021-10-07,2021-10-08,close,785.48999,720.0069951132677
TSLA,decoupled,9416042,2021-10-07,2021-10-08,volatility,0.23166566020755372,0.41335115773567854
TSLA,decoupled,9416042,2021-10-07,2021-10-08,sharpe,3.6360337789441037,1.3185808639995749
TSLA,decoupled,9416042,2021-10-08,2021-10-11,open,787.650024,746.6262297833294
TSLA,decoupled,9416042,2021-10-08,2021-10-11,close,791.940002,723.2981279739179
TSLA,decoupled,9416042,2021-10-08,2021-10-11,volatility,0.2313805255681312,0.41203851416160764
TSLA,decoupled,9416042,2021-10-08,2021-10-11,sharpe,3.589914750542199,1.2864939424281812
TSLA,decoupled,9416042,2021-10-11,2021-10-12,open,800.929993,748.609370282164
TSLA,decoupled,9416042,2021-10-11,2021-10-12,close,805.719971,724.6809690524315
TSLA,decoupled,9416042,2021-10-11,2021-10-12,volatility,0.23663486201370515,0.40871011122271816
TSLA,decoupled,9416042,2021-10-11,2021-10-12,sharpe,4.329928725713583,1.2879674761633364
TSLA,decoupled,9416042,2021-10-12,2021-10-13,open,810.469971,750.7972610626249
TSLA,decoupled,9416042,2021-10-12,2021-10-13,close,811.080017,726.5776983496473
TSLA,decoupled,9416042,2021-10-12,2021-10-13,volatility,0.2332001924787938,0.4064113916753297
TSLA,decoupled,9416042,2021-10-12,2021-10-13,sharpe,3.9301470333028674,1.3170961574314228
TSLA,decoupled,9416042,2021-10-13,2021-10-14,open,815.48999,753.8892203716774
TSLA,decoupled,9416042,2021-10-13,2021-10-14,close,818.320007,729.556644117436
TSLA,decoupled,9416042,2021-10-13,2021-10-14,volatility,0.23379169329142058,0.4057003524827265
TSLA,decoupled,9416042,2021-10-13,2021-10-14,sharpe,4.318570521939245,1.3370593913643112
