symbol,variant,seed,feature_end,target_date,target,actual,predicted
TSLA,persistence,,2020-12-31,2021-01-04,open,719.460022,705.669983
TSLA,persistence,,2020-12-31,2021-01-04,close,729.77002,705.669983
TSLA,persistence,,2020-12-31,2021-01-04,volatility,0.6035240414352591,0.6089246933949706
TSLA,persistence,,2020-12-31,2021-01-04,sharpe,4.629545842980718,4.775235062031916
TSLA,persistence,,2021-01-04,2021-01-05,open,723.659973,729.77002
TSLA,persistence,,2021-01-04,2021-01-05,close,735.109985,729.77002
TSLA,persistence,,2021-01-04,2021-01-05,volatility,0.6036511392134518,0.6035240414352591
TSLA,persistence,,2021-01-04,2021-01-05,sharpe,4.582207941303553,4.629545842980718
TSLA,persistence,,2021-01-05,2021-01-06,open,758.48999,735.109985
TSLA,persistence,,2021-01-05,2021-01-06,close,755.97998,735.109985
TSLA,persistence,,2021-01-05,2021-01-06,volatility,0.5647197446686494,0.6036511392134518
TSLA,persistence,,2021-01-05,2021-01-06,sharpe,3.9403872109341407,4.582207941303553
TSLA,persistence,,2021-01-06,2021-01-07,open,777.630005,755.97998
TSLA,persistence,,2021-01-06,2021-01-07,close,816.039978,755.97998
TSLA,persistence,,2021-01-06,2021-01-07,volatility,0.6179764647982084,0.5647197446686494
TSLA,persistence,,2021-01-06,2021-01-07,sharpe,4.962675969979823,3.9403872109341407
TSLA,persistence,,2021-01-07,2021-01-08,open,856.0,816.039978
TSLA,persistence,,2021-01-07,2021-01-08,close,880.02002,816.039978
TSLA,persistence,,2021-01-07,2021-01-08,volatility,0.5798760917468381,0.6179764647982084
TSLA,persistence,,2021-01-07,2021-01-08,sharpe,8.51030118627474,4.962675969979823
TSLA,persistence,,2021-01-08,2021-01-11,open,849.400024,880.02002
TSLA,persistence,,2021-01-08,2021-01-11,close,811.190002,880.02002
TSLA,persistence,,2021-01-08,2021-01-11,volatility,0.670859553924189,0.5798760917468381
TSLA,persistence,,2021-01-08,2021-01-11,sharpe,5.185209274903338,8.51030118627474
TSLA,persistence,,2021-01-11,2021-01-12,open,831.0,811.190002
TSLA,persistence,,2021-01-11,2021-01-12,close,849.440002,811.190002
TSLA,persistence,,2021-01-11,2021-01-12,volatility,0.6624144428318698,0.670859553924189
TSLA,persistence,,2021-01-11,2021-01-12,sharpe,6.6663262647481325,5.185209274903338
TSLA,persistence,,2021-01-12,2021-01-13,open,852.76001,849.440002
TSLA,persistence,,2021-01-12,2021-01-13,close,854.409973,849.440002
TSLA,persistence,,2021-01-12,2021-01-13,volatility,0.6529139398334076,0.6624144428318698
TSLA,persistence,,2021-01-12,2021-01-13,sharpe,5.932196813273854,6.6663262647481325
TSLA,persistence,,2021-01-13,2021-01-14,open,843.390015,854.409973
TSLA,persistence,,2021-01-13,2021-01-14,close,845.0,854.409973
TSLA,persistence,,2021-01-13,2021-01-14,volatility,0.653299075223682,0.6529139398334076
TSLA,persistence,,2021-01-13,2021-01-14,sharpe,5.91463173734984,5.932196813273854
TSLA,persistence,,2021-01-14,2021-01-15,open,852.0,845.0
TSLA,persistence,,2021-01-14,2021-01-15,close,826.159973,845.0
TSLA,persistence,,2021-01-14,2021-01-15,volatility,0.6573246278011057,0.653299075223682
TSLA,persistence,,2021-01-14,2021-01-15,sharpe,5.768259627350183,5.91463173734984
TSLA,persistence,,2021-01-15,2021-01-19,open,837.799988,826.159973
TSLA,persistence,,2021-01-15,2021-01-19,close,844.549988,826.159973
TSLA,persistence,,2021-01-15,2021-01-19,volatility,0.6425152386503272,0.6573246278011057
TSLA,persistence,,2021-01-15,2021-01-19,sharpe,5.294501637314135,5.768259627350183
TSLA,persistence,,2021-01-19,2021-01-20,open,858.73999,844.549988
TSLA,persistence,,2021-01-19,2021-01-20,close,850.450012,844.549988
TSLA,persistence,,2021-01-19,2021-01-20,volatility,0.619151272815504,0.6425152386503272
TSLA,persistence,,2021-01-19,2021-01-20,sharpe,4.423315530620202,5.294501637314135
TSLA,persistence,,2021-01-20,2021-01-21,open,855.0,850.450012
TSLA,persistence,,2021-01-20,2021-01-21,close,844.98999,850.450012
TSLA,persistence,,2021-01-20,2021-01-21,volatility,0.5556977411318651,0.619151272815504
TSLA,persistence,,2021-01-20,2021-01-21,sharpe,6.255510781798651,4.423315530620202
TSLA,persistence,,2021-01-21,2021-01-22,open,834.309998,844.98999
TSLA,persistence,,2021-01-21,2021-01-22,close,846.640015,844.98999
TSLA,persistence,,2021-01-21,2021-01-22,volatility,0.5474912045547466,0.5556977411318651
TSLA,persistence,,2021-01-21,2021-01-22,sharpe,6.731355461636722,6.255510781798651
TSLA,persistence,,2021-01-22,2021-01-25,open,855.0,846.640015
TSLA,persistence,,2021-01-22,2021-01-25,close,880.799988,846.640015
TSLA,persistence,,2021-01-22,2021-01-25,volatility,0.5544494864694571,0.5474912045547466
TSLA,persistence,,2021-01-22,2021-01-25,sharpe,7.3636306858865845,6.731355461636722
TSLA,persistence,,2021-01-25,2021-01-26,open,891.380005,880.799988
TSLA,persistence,,2021-01-25,2021-01-26,close,883.090027,880.799988
TSLA,persistence,,2021-01-25,2021-01-26,volatility,0.5555632295239257,0.5544494864694571
TSLA,persistence,,2021-01-25,2021-01-26,sharpe,6.853462955765756,7.3636306858865845
TSLA,persistence,,2021-01-26,2021-01-27,open,870.349976,883.090027
TSLA,persistence,,2021-01-26,2021-01-27,close,864.159973,883.090027
TSLA,persistence,,2021-01-26,2021-01-27,volatility,0.5692054740251621,0.5555632295239257
TSLA,persistence,,2021-01-26,2021-01-27,sharpe,6.150468444374804,6.853462955765756
TSLA,persistence,,2021-01-27,2021-01-28,open,820.0,864.159973
TSLA,persistence,,2021-01-27,2021-01-28,close,835.429993,864.159973
TSLA,persistence,,2021-01-27,2021-01-28,volatility,0.5925625632886933,0.5692054740251621
TSLA,persistence,,2021-01-27,2021-01-28,sharpe,5.127415136733542,6.150468444374804
TSLA,persistence,,2021-01-28,2021-01-29,open,830.0,835.429993
TSLA,persistence,,2021-01-28,2021-01-29,close,793.530029,835.429993
TSLA,persistence,,2021-01-28,2021-01-29,volatility,0.6195079350276168,0.5925625632886933
TSLA,persistence,,2021-01-28,2021-01-29,sharpe,3.0051142928831966,5.127415136733542
TSLA,persistence,,2021-01-29,2021-02-01,open,814.289978,793.530029
TSLA,persistence,,2021-01-29,2021-02-01,close,839.809998,793.530029
TSLA,persistence,,2021-01-29,2021-02-01,volatility,0.645043743680842,0.6195079350276168
TSLA,persistence,,2021-01-29,2021-02-01,sharpe,3.71920957317905,3.0051142928831966
TSLA,persistence,,2021-02-01,2021-02-02,open,844.679993,839.809998
TSLA,persistence,,2021-02-01,2021-02-02,close,872.789978,839.809998
TSLA,persistence,,2021-02-01,2021-02-02,volatility,0.6478859089358014,0.645043743680842
TSLA,persistence,,2021-02-01,2021-02-02,sharpe,3.8024431949319113,3.71920957317905
TSLA,persistence,,2021-02-02,2021-02-03,open,877.02002,872.789978
TSLA,persistence,,2021-02-02,2021-02-03,close,854.690002,872.789978
TSLA,persistence,,2021-02-02,2021-02-03,volatility,0.6568892042981617,0.6478859089358014
TSLA,persistence,,2021-02-02,2021-02-03,sharpe,3.2121877135190235,3.8024431949319113
TSLA,persistence,,2021-02-03,2021-02-04,open,855.0,854.690002
TSLA,persistence,,2021-02-03,2021-02-04,close,849.98999,854.690002
TSLA,persistence,,2021-02-03,2021-02-04,volatility,0.6542016808198756,0.6568892042981617
TSLA,persistence,,2021-02-03,2021-02-04,sharpe,2.5726701866879247,3.2121877135190235
TSLA,persistence,,2021-02-04,2021-02-05,open,845.0,849.98999
TSLA,persistence,,2021-02-04,2021-02-05,close,852.22998,849.98999
TSLA,persistence,,2021-02-04,2021-02-05,volatility,0.5950240651153874,0.6542016808198756
TSLA,persistence,,2021-02-04,2021-02-05,sharpe,1.2020079112953173,2.5726701866879247
TSLA,persistence,,2021-02-05,2021-02-08,open,869.669983,852.22998
TSLA,persistence,,2021-02-05,2021-02-08,close,863.419983,852.22998
TSLA,persistence,,2021-02-05,2021-02-08,volatility,0.5262127266018454,0.5950240651153874
TSLA,persistence,,2021-02-05,2021-02-08,sharpe,-0.20374608759184296,1.2020079112953173
TSLA,persistence,,2021-02-08,2021-02-09,open,855.119995,863.419983
TSLA,persistence,,2021-02-08,2021-02-09,close,849.460022,863.419983
TSLA,persistence,,2021-02-08,2021-02-09,volatility,0.4442718704338821,0.5262127266018454
TSLA,persistence,,2021-02-08,2021-02-09,sharpe,1.5183607786992825,-0.20374608759184296
TSLA,persistence,,2021-02-09,2021-02-10,open,843.640015,849.460022
TSLA,persistence,,2021-02-09,2021-02-10,close,804.820007,849.460022
TSLA,persistence,,2021-02-09,2021-02-10,volatility,0.45277276479664325,0.4442718704338821
TSLA,persistence,,2021-02-09,2021-02-10,sharpe,-1.2847622935828154,1.5183607786992825
TSLA,persistence,,2021-02-10,2021-02-11,open,812.440002,804.820007
TSLA,persistence,,2021-02-10,2021-02-11,close,811.659973,804.820007
TSLA,persistence,,2021-02-10,2021-02-11,volatility,0.45350260079438925,0.45277276479664325
TSLA,persistence,,2021-02-10,2021-02-11,sharpe,-1.2091268591250008,-1.2847622935828154
TSLA,persistence,,2021-02-11,2021-02-12,open,801.26001,811.659973
TSLA,persistence,,2021-02-11,2021-02-12,close,816.119995,811.659973
TSLA,persistence,,2021-02-11,2021-02-12,volatility,0.4530214790890815,0.45350260079438925
TSLA,persistence,,2021-02-11,2021-02-12,sharpe,-0.7512599529660161,-1.2091268591250008
TSLA,persistence,,2021-02-12,2021-02-16,open,818.0,816.119995
TSLA,persistence,,2021-02-12,2021-02-16,close,796.219971,816.119995
TSLA,persistence,,2021-02-12,2021-02-16,volatility,0.45436040292306706,0.4530214790890815
TSLA,persistence,,2021-02-12,2021-02-16,sharpe,-0.806943743636232,-0.7512599529660161
TSLA,persistence,,2021-02-16,2021-02-17,open,779.090027,796.219971
TSLA,persistence,,2021-02-16,2021-02-17,close,798.150024,796.219971
TSLA,persistence,,2021-02-16,2021-02-17,volatility,0.44600793154398516,0.45436040292306706
TSLA,persistence,,2021-02-16,2021-02-17,sharpe,-1.38242377350872,-0.806943743636232
TSLA,persistence,,2021-02-17,2021-02-18,open,780.900024,798.150024
TSLA,persistence,,2021-02-17,2021-02-18,close,787.380005,798.150024
TSLA,persistence,,2021-02-17,2021-02-18,volatility,0.4461876510799834,0.44600793154398516
TSLA,persistence,,2021-02-17,2021-02-18,sharpe,-1.9601988091704337,-1.38242377350872
TSLA,persistence,,2021-02-18,2021-02-19,open,795.0,787.380005
TSLA,persistence,,2021-02-18,2021-02-19,close,781.299988,787.380005
TSLA,persistence,,2021-02-18,2021-02-19,volatility,0.4463256768255623,0.4461876510799834
TSLA,persistence,,2021-02-18,2021-02-19,sharpe,-1.9963396159677806,-1.9601988091704337
TSLA,persistence,,2021-02-19,2021-02-22,open,762.640015,781.299988
TSLA,persistence,,2021-02-19,2021-02-22,close,714.5,781.299988
TSLA,persistence,,2021-02-19,2021-02-22,volatility,0.5318231422440816,0.4463256768255623
TSLA,persistence,,2021-02-19,2021-02-22,sharpe,-3.7473042512081447,-1.9963396159677806
TSLA,persistence,,2021-02-22,2021-02-23,open,662.130005,714.5
TSLA,persistence,,2021-02-22,2021-02-23,close,698.840027,714.5
TSLA,persistence,,2021-02-22,2021-02-23,volatility,0.5019786612035709,0.5318231422440816
TSLA,persistence,,2021-02-22,2021-02-23,sharpe,-5.532990479458898,-3.7473042512081447
TSLA,persistence,,2021-02-23,2021-02-24,open,711.849976,698.840027
TSLA,persistence,,2021-02-23,2021-02-24,close,742.02002,698.840027
TSLA,persistence,,2021-02-23,2021-02-24,volatility,0.5634800595057151,0.5019786612035709
TSLA,persistence,,2021-02-23,2021-02-24,sharpe,-3.605580274981943,-5.532990479458898
TSLA,persistence,,2021-02-24,2021-02-25,open,726.150024,742.02002
TSLA,persistence,,2021-02-24,2021-02-25,close,682.219971,742.02002
TSLA,persistence,,2021-02-24,2021-02-25,volatility,0.6185358325971941,0.5634800595057151
TSLA,persistence,,2021-02-24,2021-02-25,sharpe,-4.489670655818826,-3.605580274981943
TSLA,persistence,,2021-02-25,2021-02-26,open,700.0,682.219971
TSLA,persistence,,2021-02-25,2021-02-26,close,675.5,682.219971
TSLA,persistence,,2021-02-25,2021-02-26,volatility,0.6129352939280739,0.6185358325971941
TSLA,persistence,,2021-02-25,2021-02-26,sharpe,-4.049746872246363,-4.489670655818826
TSLA,persistence,,2021-02-26,2021-03-01,open,690.109985,675.5
TSLA,persistence,,2021-02-26,2021-03-01,close,718.429993,675.5
TSLA,persistence,,2021-02-26,2021-03-01,volatility,0.6457809985469724,0.6129352939280739
TSLA,persistence,,2021-02-26,2021-03-01,sharpe,-1.6252082003114254,-4.049746872246363
TSLA,persistence,,2021-03-01,2021-03-02,open,718.280029,718.429993
TSLA,persistence,,2021-03-01,2021-03-02,close,686.440002,718.429993
TSLA,persistence,,2021-03-01,2021-03-02,volatility,0.6163110481268377,0.6457809985469724
TSLA,persistence,,2021-03-01,2021-03-02,sharpe,-3.805593672145269,-1.6252082003114254
TSLA,persistence,,2021-03-02,2021-03-03,open,687.98999,686.440002
TSLA,persistence,,2021-03-02,2021-03-03,close,653.200012,686.440002
TSLA,persistence,,2021-03-02,2021-03-03,volatility,0.6031041592205939,0.6163110481268377
TSLA,persistence,,2021-03-02,2021-03-03,sharpe,-5.721035212355957,-3.805593672145269
TSLA,persistence,,2021-03-03,2021-03-04,open,655.799988,653.200012
TSLA,persistence,,2021-03-03,2021-03-04,close,621.440002,653.200012
TSLA,persistence,,2021-03-03,2021-03-04,volatility,0.6154211186387902,0.6031041592205939
TSLA,persistence,,2021-03-03,2021-03-04,sharpe,-6.177428565726399,-5.721035212355957
TSLA,persistence,,2021-03-04,2021-03-05,open,626.059998,621.440002
TSLA,persistence,,2021-03-04,2021-03-05,close,597.950012,621.440002
TSLA,persistence,,2021-03-04,2021-03-05,volatility,0.6194146340891599,0.6154211186387902
TSLA,persistence,,2021-03-04,2021-03-05,sharpe,-6.794645051315523,-6.177428565726399
TSLA,persistence,,2021-03-05,2021-03-08,open,600.549988,597.950012
TSLA,persistence,,2021-03-05,2021-03-08,close,563.0,597.950012
TSLA,persistence,,2021-03-05,2021-03-08,volatility,0.6319475962069472,0.6194146340891599
TSLA,persistence,,2021-03-05,2021-03-08,sharpe,-7.877827298650059,-6.794645051315523
TSLA,persistence,,2021-03-08,2021-03-09,open,608.179993,563.0
TSLA,persistence,,2021-03-08,2021-03-09,close,673.580017,563.0
TSLA,persistence,,2021-03-08,2021-03-09,volatility,0.9912131132214398,0.6319475962069472
TSLA,persistence,,2021-03-08,2021-03-09,sharpe,-2.6926830630931056,-7.877827298650059
TSLA,persistence,,2021-03-09,2021-03-10,open,700.299988,673.580017
TSLA,persistence,,2021-03-09,2021-03-10,close,668.059998,673.580017
TSLA,persistence,,2021-03-09,2021-03-10,volatility,0.9910221680087022,0.9912131132214398
TSLA,persistence,,2021-03-09,2021-03-10,sharpe,-2.591829825264229,-2.6926830630931056
TSLA,persistence,,2021-03-10,2021-03-11,open,699.400024,668.059998
TSLA,persistence,,2021-03-10,2021-03-11,close,699.599976,668.059998
TSLA,persistence,,2021-03-10,2021-03-11,volatility,0.9977137365692226,0.9910221680087022
TSLA,persistence,,2021-03-10,2021-03-11,sharpe,-1.3145607070417948,-2.591829825264229
TSLA,persistence,,2021-03-11,2021-03-12,open,670.0,699.599976
TSLA,persistence,,2021-03-11,2021-03-12,close,693.72998,699.599976
TSLA,persistence,,2021-03-11,2021-03-12,volatility,0.9964374458891415,0.9977137365692226
TSLA,persistence,,2021-03-11,2021-03-12,sharpe,-1.5298099296441396,-1.3145607070417948
TSLA,persistence,,2021-03-12,2021-03-15,open,694.090027,693.72998
TSLA,persistence,,2021-03-12,2021-03-15,close,707.940002,693.72998
TSLA,persistence,,2021-03-12,2021-03-15,volatility,1.0001540149918273,0.9964374458891415
TSLA,persistence,,2021-03-12,2021-03-15,sharpe,-1.335298301979195,-1.5298099296441396
TSLA,persistence,,2021-03-15,2021-03-16,open,703.349976,707.940002
TSLA,persistence,,2021-03-15,2021-03-16,close,676.880005,707.940002
TSLA,persistence,,2021-03-15,2021-03-16,volatility,1.007452624918102,1.0001540149918273
TSLA,persistence,,2021-03-15,2021-03-16,sharpe,-1.5693828387857802,-1.335298301979195
TSLA,persistence,,2021-03-16,2021-03-17,open,656.869995,676.880005
TSLA,persistence,,2021-03-16,2021-03-17,close,701.809998,676.880005
TSLA,persistence,,2021-03-16,2021-03-17,volatility,1.0187323530940577,1.007452624918102
TSLA,persistence,,2021-03-16,2021-03-17,sharpe,-1.126453041809796,-1.5693828387857802
TSLA,persistence,,2021-03-17,2021-03-18,open,684.289978,701.809998
TSLA,persistence,,2021-03-17,2021-03-18,close,653.159973,701.809998
TSLA,persistence,,2021-03-17,2021-03-18,volatility,1.0441860823072184,1.0187323530940577
TSLA,persistence,,2021-03-17,2021-03-18,sharpe,-1.7726487670600939,-1.126453041809796
TSLA,persistence,,2021-03-18,2021-03-19,open,646.599976,653.159973
TSLA,persistence,,2021-03-18,2021-03-19,close,654.869995,653.159973
TSLA,persistence,,2021-03-18,2021-03-19,volatility,1.0447814928487553,1.0441860823072184
TSLA,persistence,,2021-03-18,2021-03-19,sharpe,-1.6469398978923577,-1.7726487670600939
TSLA,persistence,,2021-03-19,2021-03-22,open,684.590027,654.869995
TSLA,persistence,,2021-03-19,2021-03-22,close,670.0,654.869995
TSLA,persistence,,2021-03-19,2021-03-22,volatility,1.0067489746803426,1.0447814928487553
TSLA,persistence,,2021-03-19,2021-03-22,sharpe,-0.3499410475769264,-1.6469398978923577
TSLA,persistence,,2021-03-22,2021-03-23,open,675.77002,670.0
TSLA,persistence,,2021-03-22,2021-03-23,close,662.159973,670.0
TSLA,persistence,,2021-03-22,2021-03-23,volatility,1.0046382234568223,1.0067489746803426
TSLA,persistence,,2021-03-22,2021-03-23,sharpe,-0.2225507882941506,-0.3499410475769264
TSLA,persistence,,2021-03-23,2021-03-24,open,667.909973,662.159973
TSLA,persistence,,2021-03-23,2021-03-24,close,630.27002,662.159973
TSLA,persistence,,2021-03-23,2021-03-24,volatility,0.9893538027667484,1.0046382234568223
TSLA,persistence,,2021-03-23,2021-03-24,sharpe,-1.6262486262901843,-0.2225507882941506
TSLA,persistence,,2021-03-24,2021-03-25,open,613.0,630.27002
TSLA,persistence,,2021-03-24,2021-03-25,close,640.390015,630.27002
TSLA,persistence,,2021-03-24,2021-03-25,volatility,0.9519829899463749,0.9893538027667484
TSLA,persistence,,2021-03-24,2021-03-25,sharpe,-0.41090749156309203,-1.6262486262901843
TSLA,persistence,,2021-03-25,2021-03-26,open,641.869995,640.390015
TSLA,persistence,,2021-03-25,2021-03-26,close,618.710022,640.390015
TSLA,persistence,,2021-03-25,2021-03-26,volatility,0.9585485717183851,0.9519829899463749
TSLA,persistence,,2021-03-25,2021-03-26,sharpe,-0.7236252298592485,-0.41090749156309203
TSLA,persistence,,2021-03-26,2021-03-29,open,615.640015,618.710022
TSLA,persistence,,2021-03-26,2021-03-29,close,611.289978,618.710022
TSLA,persistence,,2021-03-26,2021-03-29,volatility,0.9262034408110805,0.9585485717183851
TSLA,persistence,,2021-03-26,2021-03-29,sharpe,-1.7766134392742143,-0.7236252298592485
TSLA,persistence,,2021-03-29,2021-03-30,open,601.75,611.289978
TSLA,persistence,,2021-03-29,2021-03-30,close,635.619995,611.289978
TSLA,persistence,,2021-03-29,2021-03-30,volatility,0.9286856764201753,0.9262034408110805
TSLA,persistence,,2021-03-29,2021-03-30,sharpe,-0.6277294020769809,-1.7766134392742143
TSLA,persistence,,2021-03-30,2021-03-31,open,646.619995,635.619995
TSLA,persistence,,2021-03-30,2021-03-31,close,667.929993,635.619995
TSLA,persistence,,2021-03-30,2021-03-31,volatility,0.9301533787377118,0.9286856764201753
TSLA,persistence,,2021-03-30,2021-03-31,sharpe,0.7177979614846546,-0.6277294020769809
TSLA,persistence,,2021-03-31,2021-04-01,open,688.369995,667.929993
TSLA,persistence,,2021-03-31,2021-04-01,close,661.75,667.929993
TSLA,persistence,,2021-03-31,2021-04-01,volatility,0.911685415077651,0.9301533787377118
TSLA,persistence,,2021-03-31,2021-04-01,sharpe,1.2764498890076512,0.7177979614846546
TSLA,persistence,,2021-04-01,2021-04-05,open,707.710022,661.75
TSLA,persistence,,2021-04-01,2021-04-05,close,691.049988,661.75
TSLA,persistence,,2021-04-01,2021-04-05,volatility,0.9075791724780875,0.911685415077651
TSLA,persistence,,2021-04-01,2021-04-05,sharpe,2.4216906019687294,1.2764498890076512
TSLA,persistence,,2021-04-05,2021-04-06,open,690.299988,691.049988
TSLA,persistence,,2021-04-05,2021-04-06,close,691.619995,691.049988
TSLA,persistence,,2021-04-05,2021-04-06,volatility,0.8731286543181602,0.9075791724780875
TSLA,persistence,,2021-04-05,2021-04-06,sharpe,3.372624920721298,2.4216906019687294
TSLA,persistence,,2021-04-06,2021-04-07,open,687.0,691.619995
TSLA,persistence,,2021-04-06,2021-04-07,close,670.969971,691.619995
TSLA,persistence,,2021-04-06,2021-04-07,volatility,0.5465344958927829,0.8731286543181602
TSLA,persistence,,2021-04-06,2021-04-07,sharpe,0.17151480545551026,3.372624920721298
TSLA,persistence,,2021-04-07,2021-04-08,open,677.380005,670.969971
TSLA,persistence,,2021-04-07,2021-04-08,close,683.799988,670.969971
TSLA,persistence,,2021-04-07,2021-04-08,volatility,0.5494490977092413,0.5465344958927829
TSLA,persistence,,2021-04-07,2021-04-08,sharpe,0.7970318814827706,0.17151480545551026
TSLA,persistence,,2021-04-08,2021-04-09,open,677.77002,683.799988
TSLA,persistence,,2021-04-08,2021-04-09,close,677.02002,683.799988
TSLA,persistence,,2021-04-08,2021-04-09,volatility,0.523550477566446,0.5494490977092413
TSLA,persistence,,2021-04-08,2021-04-09,sharpe,-0.538371306450802,0.7970318814827706
TSLA,persistence,,2021-04-09,2021-04-12,open,685.700012,677.02002
TSLA,persistence,,2021-04-09,2021-04-12,close,701.97998,677.02002
TSLA,persistence,,2021-04-09,2021-04-12,volatility,0.5396139167547938,0.523550477566446
TSLA,persistence,,2021-04-09,2021-04-12,sharpe,0.5344281771482213,-0.538371306450802
TSLA,persistence,,2021-04-12,2021-04-13,open,712.700012,701.97998
TSLA,persistence,,2021-04-12,2021-04-13,close,762.320007,701.97998
TSLA,persistence,,2021-04-12,2021-04-13,volatility,0.6154543044311345,0.5396139167547938
TSLA,persistence,,2021-04-12,2021-04-13,sharpe,1.808988441342025,0.5344281771482213
TSLA,persistence,,2021-04-13,2021-04-14,open,770.700012,762.320007
TSLA,persistence,,2021-04-13,2021-04-14,close,732.22998,762.320007
TSLA,persistence,,2021-04-13,2021-04-14,volatility,0.6110556727388721,0.6154543044311345
TSLA,persistence,,2021-04-13,2021-04-14,sharpe,1.9127822800356225,1.808988441342025
TSLA,persistence,,2021-04-14,2021-04-15,open,743.099976,732.22998
TSLA,persistence,,2021-04-14,2021-04-15,close,738.849976,732.22998
TSLA,persistence,,2021-04-14,2021-04-15,volatility,0.599490239807876,0.6110556727388721
TSLA,persistence,,2021-04-14,2021-04-15,sharpe,1.3656003336957114,1.9127822800356225
TSLA,persistence,,2021-04-15,2021-04-16,open,728.650024,738.849976
TSLA,persistence,,2021-04-15,2021-04-16,close,739.780029,738.849976
TSLA,persistence,,2021-04-15,2021-04-16,volatility,0.5350602216383167,0.599490239807876
TSLA,persistence,,2021-04-15,2021-04-16,sharpe,3.1921018793597438,1.3656003336957114
TSLA,persistence,,2021-04-16,2021-04-19,open,719.599976,739.780029
TSLA,persistence,,2021-04-16,2021-04-19,close,714.630005,739.780029
TSLA,persistence,,2021-04-16,2021-04-19,volatility,0.554275611324528,0.5350602216383167
TSLA,persistence,,2021-04-16,2021-04-19,sharpe,2.2491004358720845,3.1921018793597438
TSLA,persistence,,2021-04-19,2021-04-20,open,717.419983,714.630005
TSLA,persistence,,2021-04-19,2021-04-20,close,718.98999,714.630005
TSLA,persistence,,2021-04-19,2021-04-20,volatility,0.5501589678241564,0.554275611324528
TSLA,persistence,,2021-04-19,2021-04-20,sharpe,1.8765237034060083,2.2491004358720845
TSLA,persistence,,2021-04-20,2021-04-21,open,704.77002,718.98999
TSLA,persistence,,2021-04-20,2021-04-21,close,744.119995,718.98999
TSLA,persistence,,2021-04-20,2021-04-21,volatility,0.5572684928769751,0.5501589678241564
TSLA,persistence,,2021-04-20,2021-04-21,sharpe,2.907428905721843,1.8765237034060083
TSLA,persistence,,2021-04-21,2021-04-22,open,741.5,744.119995
TSLA,persistence,,2021-04-21,2021-04-22,close,719.690002,744.119995
TSLA,persistence,,2021-04-21,2021-04-22,volatility,0.5397319785616552,0.5572684928769751
TSLA,persistence,,2021-04-21,2021-04-22,sharpe,3.3597671001066693,2.907428905721843
TSLA,persistence,,2021-04-22,2021-04-23,open,719.799988,719.690002
TSLA,persistence,,2021-04-22,2021-04-23,close,729.400024,719.690002
TSLA,persistence,,2021-04-22,2021-04-23,volatility,0.5392501145028054,0.5397319785616552
TSLA,persistence,,2021-04-22,2021-04-23,sharpe,3.3028442405130933,3.3597671001066693
TSLA,persistence,,2021-04-23,2021-04-26,open,741.0,729.400024
TSLA,persistence,,2021-04-23,2021-04-26,close,738.200012,729.400024
TSLA,persistence,,2021-04-23,2021-04-26,volatility,0.5172164764182983,0.5392501145028054
TSLA,persistence,,2021-04-23,2021-04-26,sharpe,4.5621887535527375,3.3028442405130933
TSLA,persistence,,2021-04-26,2021-04-27,open,717.960022,738.200012
TSLA,persistence,,2021-04-26,2021-04-27,close,704.73999,738.200012
TSLA,persistence,,2021-04-26,2021-04-27,volatility,0.5480848579793158,0.5172164764182983
TSLA,persistence,,2021-04-26,2021-04-27,sharpe,3.5389303665878185,4.5621887535527375
TSLA,persistence,,2021-04-27,2021-04-28,open,696.409973,704.73999
TSLA,persistence,,2021-04-27,2021-04-28,close,694.400024,704.73999
TSLA,persistence,,2021-04-27,2021-04-28,volatility,0.5398107979516756,0.5480848579793158
TSLA,persistence,,2021-04-27,2021-04-28,sharpe,2.3216887246466587,3.5389303665878185
TSLA,persistence,,2021-04-28,2021-04-29,open,699.51001,694.400024
TSLA,persistence,,2021-04-28,2021-04-29,close,677.0,694.400024
TSLA,persistence,,2021-04-28,2021-04-29,volatility,0.5211956150217707,0.5398107979516756
TSLA,persistence,,2021-04-28,2021-04-29,sharpe,0.5699587331496858,2.3216887246466587
TSLA,persistence,,2021-04-29,2021-04-30,open,667.590027,677.0
TSLA,persistence,,2021-04-29,2021-04-30,close,709.440002,677.0
TSLA,persistence,,2021-04-29,2021-04-30,volatility,0.5449838592750478,0.5211956150217707
TSLA,persistence,,2021-04-29,2021-04-30,sharpe,1.8668419535683378,0.5699587331496858
TSLA,persistence,,2021-04-30,2021-05-03,open,703.799988,709.440002
TSLA,persistence,,2021-04-30,2021-05-03,close,684.900024,709.440002
TSLA,persistence,,2021-04-30,2021-05-03,volatility,0.5396268025715287,0.5449838592750478
TSLA,persistence,,2021-04-30,2021-05-03,sharpe,0.04386846776296402,1.8668419535683378
TSLA,persistence,,2021-05-03,2021-05-04,open,678.940002,684.900024
TSLA,persistence,,2021-05-03,2021-05-04,close,673.599976,684.900024
TSLA,persistence,,2021-05-03,2021-05-04,volatility,0.5428099043640578,0.5396268025715287
TSLA,persistence,,2021-05-03,2021-05-04,sharpe,-0.35851528149928785,0.04386846776296402
TSLA,persistence,,2021-05-04,2021-05-05,open,681.059998,673.599976
TSLA,persistence,,2021-05-04,2021-05-05,close,670.940002,673.599976
TSLA,persistence,,2021-05-04,2021-05-05,volatility,0.5320820525574935,0.5428099043640578
TSLA,persistence,,2021-05-04,2021-05-05,sharpe,0.2477859229237877,-0.35851528149928785
TSLA,persistence,,2021-05-05,2021-05-06,open,680.76001,670.940002
TSLA,persistence,,2021-05-05,2021-05-06,close,663.539978,670.940002
TSLA,persistence,,2021-05-05,2021-05-06,volatility,0.5288580342573024,0.5320820525574935
TSLA,persistence,,2021-05-05,2021-05-06,sharpe,-0.4690471055055525,0.2477859229237877
TSLA,persistence,,2021-05-06,2021-05-07,open,665.799988,663.539978
TSLA,persistence,,2021-05-06,2021-05-07,close,672.369995,663.539978
TSLA,persistence,,2021-05-06,2021-05-07,volatility,0.5300796254292396,0.5288580342573024
TSLA,persistence,,2021-05-06,2021-05-07,sharpe,0.08403466806459194,-0.4690471055055525
TSLA,persistence,,2021-05-07,2021-05-10,open,664.900024,672.369995
TSLA,persistence,,2021-05-07,2021-05-10,close,629.039978,672.369995
TSLA,persistence,,2021-05-07,2021-05-10,volatility,0.558307517764802,0.5300796254292396
TSLA,persistence,,2021-05-07,2021-05-10,sharpe,-2.2066240113704954,0.08403466806459194
TSLA,persistence,,2021-05-10,2021-05-11,open,599.23999,629.039978
TSLA,persistence,,2021-05-10,2021-05-11,close,617.200012,629.039978
TSLA,persistence,,2021-05-10,2021-05-11,volatility,0.44445649554922,0.558307517764802
TSLA,persistence,,2021-05-10,2021-05-11,sharpe,-5.742277430632972,-2.2066240113704954
TSLA,persistence,,2021-05-11,2021-05-12,open,602.48999,617.200012
TSLA,persistence,,2021-05-11,2021-05-12,close,589.890015,617.200012
TSLA,persistence,,2021-05-11,2021-05-12,volatility,0.4489399302584709,0.44445649554922
TSLA,persistence,,2021-05-11,2021-05-12,sharpe,-5.818990545822302,-5.742277430632972
TSLA,persistence,,2021-05-12,2021-05-13,open,601.539978,589.890015
TSLA,persistence,,2021-05-12,2021-05-13,close,571.690002,589.890015
TSLA,persistence,,2021-05-12,2021-05-13,volatility,0.4484001025726377,0.4489399302584709
TSLA,persistence,,2021-05-12,2021-05-13,sharpe,-6.947016438478933,-5.818990545822302
TSLA,persistence,,2021-05-13,2021-05-14,open,583.409973,571.690002
TSLA,persistence,,2021-05-13,2021-05-14,close,589.73999,571.690002
TSLA,persistence,,2021-05-13,2021-05-14,volatility,0.4728569649903271,0.4484001025726377
TSLA,persistence,,2021-05-13,2021-05-14,sharpe,-5.779936727458113,-6.947016438478933
TSLA,persistence,,2021-05-14,2021-05-17,open,575.549988,589.73999
TSLA,persistence,,2021-05-14,2021-05-17,close,576.830017,589.73999
TSLA,persistence,,2021-05-14,2021-05-17,volatility,0.4669110896193771,0.4728569649903271
TSLA,persistence,,2021-05-14,2021-05-17,sharpe,-5.526859370710294,-5.779936727458113
TSLA,persistence,,2021-05-17,2021-05-18,open,568.0,576.830017
TSLA,persistence,,2021-05-17,2021-05-18,close,577.869995,576.830017
TSLA,persistence,,2021-05-17,2021-05-18,volatility,0.465161916155287,0.4669110896193771
TSLA,persistence,,2021-05-17,2021-05-18,sharpe,-5.664066935959278,-5.526859370710294
TSLA,persistence,,2021-05-18,2021-05-19,open,552.549988,577.869995
TSLA,persistence,,2021-05-18,2021-05-19,close,563.460022,577.869995
TSLA,persistence,,2021-05-18,2021-05-19,volatility,0.4352384881643704,0.465161916155287
TSLA,persistence,,2021-05-18,2021-05-19,sharpe,-7.787223091445908,-5.664066935959278
TSLA,persistence,,2021-05-19,2021-05-20,open,575.0,563.460022
TSLA,persistence,,2021-05-19,2021-05-20,close,586.780029,563.460022
TSLA,persistence,,2021-05-19,2021-05-20,volatility,0.46976686138308094,0.4352384881643704
TSLA,persistence,,2021-05-19,2021-05-20,sharpe,-5.224195713488156,-7.787223091445908
TSLA,persistence,,2021-05-20,2021-05-21,open,596.109985,586.780029
TSLA,persistence,,2021-05-20,2021-05-21,close,580.880005,586.780029
TSLA,persistence,,2021-05-20,2021-05-21,volatility,0.4616891787473611,0.46976686138308094
TSLA,persistence,,2021-05-20,2021-05-21,sharpe,-5.95821750274209,-5.224195713488156
TSLA,persistence,,2021-05-21,2021-05-24,open,581.599976,580.880005
TSLA,persistence,,2021-05-21,2021-05-24,close,606.440002,580.880005
TSLA,persistence,,2021-05-21,2021-05-24,volatility,0.49545723934107727,0.4616891787473611
TSLA,persistence,,2021-05-21,2021-05-24,sharpe,-4.739928710353714,-5.95821750274209
TSLA,persistence,,2021-05-24,2021-05-25,open,607.309998,606.440002
TSLA,persistence,,2021-05-24,2021-05-25,close,604.690002,606.440002
TSLA,persistence,,2021-05-24,2021-05-25,volatility,0.4771124517847452,0.49545723934107727
TSLA,persistence,,2021-05-24,2021-05-25,sharpe,-3.8013634727177794,-4.739928710353714
TSLA,persistence,,2021-05-25,2021-05-26,open,607.559998,604.690002
TSLA,persistence,,2021-05-25,2021-05-26,close,619.130005,604.690002
TSLA,persistence,,2021-05-25,2021-05-26,volatility,0.4885887949573571,0.4771124517847452
TSLA,persistence,,2021-05-25,2021-05-26,sharpe,-2.717872712931198,-3.8013634727177794
TSLA,persistence,,2021-05-26,2021-05-27,open,620.23999,619.130005
TSLA,persistence,,2021-05-26,2021-05-27,close,630.849976,619.130005
TSLA,persistence,,2021-05-26,2021-05-27,volatility,0.48990754250955154,0.4885887949573571
TSLA,persistence,,2021-05-26,2021-05-27,sharpe,-1.5792391657113802,-2.717872712931198
TSLA,persistence,,2021-05-27,2021-05-28,open,628.5,630.849976
TSLA,persistence,,2021-05-27,2021-05-28,close,625.219971,630.849976
TSLA,persistence,,2021-05-27,2021-05-28,volatility,0.45148734061504864,0.48990754250955154
TSLA,persistence,,2021-05-27,2021-05-28,sharpe,-3.2999537858733805,-1.5792391657113802
TSLA,persistence,,2021-05-28,2021-06-01,open,627.799988,625.219971
TSLA,persistence,,2021-05-28,2021-06-01,close,623.900024,625.219971
TSLA,persistence,,2021-05-28,2021-06-01,volatility,0.43866227831843907,0.45148734061504864
TSLA,persistence,,2021-05-28,2021-06-01,sharpe,-2.4635037454983637,-3.2999537858733805
TSLA,persistence,,2021-06-01,2021-06-02,open,620.130005,623.900024
TSLA,persistence,,2021-06-01,2021-06-02,close,605.119995,623.900024
TSLA,persistence,,2021-06-01,2021-06-02,volatility,0.4462752578403487,0.43866227831843907
TSLA,persistence,,2021-06-01,2021-06-02,sharpe,-2.8055192295972353,-2.4635037454983637
TSLA,persistence,,2021-06-02,2021-06-03,open,601.799988,605.119995
TSLA,persistence,,2021-06-02,2021-06-03,close,572.840027,605.119995
TSLA,persistence,,2021-06-02,2021-06-03,volatility,0.478089046300764,0.4462752578403487
TSLA,persistence,,2021-06-02,2021-06-03,sharpe,-3.9206534679464644,-2.8055192295972353
TSLA,persistence,,2021-06-03,2021-06-04,open,579.710022,572.840027
TSLA,persistence,,2021-06-03,2021-06-04,close,599.049988,572.840027
TSLA,persistence,,2021-06-03,2021-06-04,volatility,0.5136022579198802,0.478089046300764
TSLA,persistence,,2021-06-03,2021-06-04,sharpe,-2.2565052196479143,-3.9206534679464644
TSLA,persistence,,2021-06-04,2021-06-07,open,591.830017,599.049988
TSLA,persistence,,2021-06-04,2021-06-07,close,605.130005,599.049988
TSLA,persistence,,2021-06-04,2021-06-07,volatility,0.5122625427765141,0.5136022579198802
TSLA,persistence,,2021-06-04,2021-06-07,sharpe,-2.340083358747454,-2.2565052196479143
TSLA,persistence,,2021-06-07,2021-06-08,open,623.01001,605.130005
TSLA,persistence,,2021-06-07,2021-06-08,close,603.590027,605.130005
TSLA,persistence,,2021-06-07,2021-06-08,volatility,0.46117971442098393,0.5122625427765141
TSLA,persistence,,2021-06-07,2021-06-08,sharpe,-0.9081311921497079,-2.340083358747454
TSLA,persistence,,2021-06-08,2021-06-09,open,602.169983,603.590027
TSLA,persistence,,2021-06-08,2021-06-09,close,598.780029,603.590027
TSLA,persistence,,2021-06-08,2021-06-09,volatility,0.4574172168400468,0.46117971442098393
TSLA,persistence,,2021-06-08,2021-06-09,sharpe,-0.6166364740212829,-0.9081311921497079
TSLA,persistence,,2021-06-09,2021-06-10,open,603.880005,598.780029
TSLA,persistence,,2021-06-09,2021-06-10,close,610.119995,598.780029
TSLA,persistence,,2021-06-09,2021-06-10,volatility,0.4327215021539598,0.4574172168400468
TSLA,persistence,,2021-06-09,2021-06-10,sharpe,1.1880431338047654,-0.6166364740212829
TSLA,persistence,,2021-06-10,2021-06-11,open,610.22998,610.119995
TSLA,persistence,,2021-06-10,2021-06-11,close,609.890015,610.119995
TSLA,persistence,,2021-06-10,2021-06-11,volatility,0.415161567130297,0.4327215021539598
TSLA,persistence,,2021-06-10,2021-06-11,sharpe,2.163237450444685,1.1880431338047654
TSLA,persistence,,2021-06-11,2021-06-14,open,612.22998,609.890015
TSLA,persistence,,2021-06-11,2021-06-14,close,617.690002,609.890015
TSLA,persistence,,2021-06-11,2021-06-14,volatility,0.4035452775397628,0.415161567130297
TSLA,persistence,,2021-06-11,2021-06-14,sharpe,1.6390139987874057,2.163237450444685
TSLA,persistence,,2021-06-14,2021-06-15,open,616.690002,617.690002
TSLA,persistence,,2021-06-14,2021-06-15,close,599.359985,617.690002
TSLA,persistence,,2021-06-14,2021-06-15,volatility,0.4106998503166295,0.4035452775397628
TSLA,persistence,,2021-06-14,2021-06-15,sharpe,1.3716490806649488,1.6390139987874057
TSLA,persistence,,2021-06-15,2021-06-16,open,597.539978,599.359985
TSLA,persistence,,2021-06-15,2021-06-16,close,604.869995,599.359985
TSLA,persistence,,2021-06-15,2021-06-16,volatility,0.4114337493183301,0.4106998503166295
TSLA,persistence,,2021-06-15,2021-06-16,sharpe,1.5955255452293968,1.3716490806649488
TSLA,persistence,,2021-06-16,2021-06-17,open,601.890015,604.869995
TSLA,persistence,,2021-06-16,2021-06-17,close,616.599976,604.869995
TSLA,persistence,,2021-06-16,2021-06-17,volatility,0.4020597229796194,0.4114337493183301
TSLA,persistence,,2021-06-16,2021-06-17,sharpe,3.021932868027401,1.5955255452293968
TSLA,persistence,,2021-06-17,2021-06-18,open,613.369995,616.599976
TSLA,persistence,,2021-06-17,2021-06-18,close,623.309998,616.599976
TSLA,persistence,,2021-06-17,2021-06-18,volatility,0.37919465650066647,0.4020597229796194
TSLA,persistence,,2021-06-17,2021-06-18,sharpe,2.190527293644463,3.021932868027401
TSLA,persistence,,2021-06-18,2021-06-21,open,624.47998,623.309998
TSLA,persistence,,2021-06-18,2021-06-21,close,620.830017,623.309998
TSLA,persistence,,2021-06-18,2021-06-21,volatility,0.3769640118519713,0.37919465650066647
TSLA,persistence,,2021-06-18,2021-06-21,sharpe,2.4065857372874326,2.190527293644463
TSLA,persistence,,2021-06-21,2021-06-22,open,618.25,620.830017
TSLA,persistence,,2021-06-21,2021-06-22,close,623.710022,620.830017
TSLA,persistence,,2021-06-21,2021-06-22,volatility,0.3455990107362553,0.3769640118519713
TSLA,persistence,,2021-06-21,2021-06-22,sharpe,1.1898743636381457,2.4065857372874326
TSLA,persistence,,2021-06-22,2021-06-23,open,632.0,623.710022
TSLA,persistence,,2021-06-22,2021-06-23,close,656.570007,623.710022
TSLA,persistence,,2021-06-22,2021-06-23,volatility,0.38947296422462835,0.3455990107362553
TSLA,persistence,,2021-06-22,2021-06-23,sharpe,2.853616701959557,1.1898743636381457
TSLA,persistence,,2021-06-23,2021-06-24,open,674.98999,656.570007
TSLA,persistence,,2021-06-23,2021-06-24,close,679.820007,656.570007
TSLA,persistence,,2021-06-23,2021-06-24,volatility,0.39914916556045,0.38947296422462835
TSLA,persistence,,2021-06-23,2021-06-24,sharpe,3.1484491824964986,2.853616701959557
TSLA,persistence,,2021-06-24,2021-06-25,open,689.580017,679.820007
TSLA,persistence,,2021-06-24,2021-06-25,close,671.869995,679.820007
TSLA,persistence,,2021-06-24,2021-06-25,volatility,0.3997628938746561,0.39914916556045
TSLA,persistence,,2021-06-24,2021-06-25,sharpe,2.1783864514665026,3.1484491824964986
TSLA,persistence,,2021-06-25,2021-06-28,open,671.640015,671.869995
TSLA,persistence,,2021-06-25,2021-06-28,close,688.719971,671.869995
TSLA,persistence,,2021-06-25,2021-06-28,volatility,0.4039954252639457,0.3997628938746561
TSLA,persistence,,2021-06-25,2021-06-28,sharpe,3.2160875141669534,2.1783864514665026
TSLA,persistence,,2021-06-28,2021-06-29,open,684.650024,688.719971
TSLA,persistence,,2021-06-28,2021-06-29,close,680.76001,688.719971
TSLA,persistence,,2021-06-28,2021-06-29,volatility,0.4076243915011467,0.4039954252639457
TSLA,persistence,,2021-06-28,2021-06-29,sharpe,2.895458354467653,3.2160875141669534
TSLA,persistence,,2021-06-29,2021-06-30,open,679.77002,680.76001
TSLA,persistence,,2021-06-29,2021-06-30,close,679.700012,680.76001
TSLA,persistence,,2021-06-29,2021-06-30,volatility,0.38740919000834223,0.4076243915011467
TSLA,persistence,,2021-06-29,2021-06-30,sharpe,3.9749008752674406,2.895458354467653
TSLA,persistence,,2021-06-30,2021-07-01,open,683.919983,679.700012
TSLA,persistence,,2021-06-30,2021-07-01,close,677.919983,679.700012
TSLA,persistence,,2021-06-30,2021-07-01,volatility,0.32016486056600774,0.38740919000834223
TSLA,persistence,,2021-06-30,2021-07-01,sharpe,6.80605418248709,3.9749008752674406
TSLA,persistence,,2021-07-01,2021-07-02,open,678.97998,677.919983
TSLA,persistence,,2021-07-01,2021-07-02,close,678.900024,677.919983
TSLA,persistence,,2021-07-01,2021-07-02,volatility,0.2891861516668456,0.32016486056600774
TSLA,persistence,,2021-07-01,2021-07-02,sharpe,5.604587343520107,6.80605418248709
TSLA,persistence,,2021-07-02,2021-07-06,open,681.710022,678.900024
TSLA,persistence,,2021-07-02,2021-07-06,close,659.580017,678.900024
TSLA,persistence,,2021-07-02,2021-07-06,volatility,0.31400912877706205,0.2891861516668456
TSLA,persistence,,2021-07-02,2021-07-06,sharpe,3.612372098237032,5.604587343520107
TSLA,persistence,,2021-07-06,2021-07-07,open,664.27002,659.580017
TSLA,persistence,,2021-07-06,2021-07-07,close,644.650024,659.580017
TSLA,persistence,,2021-07-06,2021-07-07,volatility,0.32778450893665373,0.31400912877706205
TSLA,persistence,,2021-07-06,2021-07-07,sharpe,2.6882739786720875,3.612372098237032
TSLA,persistence,,2021-07-07,2021-07-08,open,628.369995,644.650024
TSLA,persistence,,2021-07-07,2021-07-08,close,652.809998,644.650024
TSLA,persistence,,2021-07-07,2021-07-08,volatility,0.32638946555722226,0.32778450893665373
TSLA,persistence,,2021-07-07,2021-07-08,sharpe,3.496051622337514,2.6882739786720875
TSLA,persistence,,2021-07-08,2021-07-09,open,653.179993,652.809998
TSLA,persistence,,2021-07-08,2021-07-09,close,656.950012,652.809998
TSLA,persistence,,2021-07-08,2021-07-09,volatility,0.3220470079063948,0.32638946555722226
TSLA,persistence,,2021-07-08,2021-07-09,sharpe,3.0503530649878554,3.496051622337514
TSLA,persistence,,2021-07-09,2021-07-12,open,662.200012,656.950012
TSLA,persistence,,2021-07-09,2021-07-12,close,685.700012,656.950012
TSLA,persistence,,2021-07-09,2021-07-12,volatility,0.35108039993764706,0.3220470079063948
TSLA,persistence,,2021-07-09,2021-07-12,sharpe,4.382239417228871,3.0503530649878554
TSLA,persistence,,2021-07-12,2021-07-13,open,686.320007,685.700012
TSLA,persistence,,2021-07-12,2021-07-13,close,668.539978,685.700012
TSLA,persistence,,2021-07-12,2021-07-13,volatility,0.3668382639190762,0.35108039993764706
TSLA,persistence,,2021-07-12,2021-07-13,sharpe,2.8951522863245707,4.382239417228871
TSLA,persistence,,2021-07-13,2021-07-14,open,670.75,668.539978
TSLA,persistence,,2021-07-13,2021-07-14,close,653.380005,668.539978
TSLA,persistence,,2021-07-13,2021-07-14,volatility,0.3590205655773483,0.3668382639190762
TSLA,persistence,,2021-07-13,2021-07-14,sharpe,3.2038230530540486,2.8951522863245707
TSLA,persistence,,2021-07-14,2021-07-15,open,658.390015,653.380005
TSLA,persistence,,2021-07-14,2021-07-15,close,650.599976,653.380005
TSLA,persistence,,2021-07-14,2021-07-15,volatility,0.3598934234267255,0.3590205655773483
TSLA,persistence,,2021-07-14,2021-07-15,sharpe,2.7252334066881145,3.2038230530540486
TSLA,persistence,,2021-07-15,2021-07-16,open,654.679993,650.599976
TSLA,persistence,,2021-07-15,2021-07-16,close,644.219971,650.599976
TSLA,persistence,,2021-07-15,2021-07-16,volatility,0.35813400565561365,0.3598934234267255
TSLA,persistence,,2021-07-15,2021-07-16,sharpe,1.711335290632602,2.7252334066881145
TSLA,persistence,,2021-07-16,2021-07-19,open,629.890015,644.219971
TSLA,persistence,,2021-07-16,2021-07-19,close,646.219971,644.219971
TSLA,persistence,,2021-07-16,2021-07-19,volatility,0.35676151521700766,0.35813400565561365
TSLA,persistence,,2021-07-16,2021-07-19,sharpe,1.4432261170021816,1.711335290632602
TSLA,persistence,,2021-07-19,2021-07-20,open,651.98999,646.219971
TSLA,persistence,,2021-07-19,2021-07-20,close,660.5,646.219971
TSLA,persistence,,2021-07-19,2021-07-20,volatility,0.362878945540016,0.35676151521700766
TSLA,persistence,,2021-07-19,2021-07-20,sharpe,2.3243332039586524,1.4432261170021816
TSLA,persistence,,2021-07-20,2021-07-21,open,659.609985,660.5
TSLA,persistence,,2021-07-20,2021-07-21,close,655.289978,660.5
TSLA,persistence,,2021-07-20,2021-07-21,volatility,0.3650055878879606,0.362878945540016
TSLA,persistence,,2021-07-20,2021-07-21,sharpe,1.8783601115574147,2.3243332039586524
TSLA,persistence,,2021-07-21,2021-07-22,open,656.440002,655.289978
TSLA,persistence,,2021-07-21,2021-07-22,close,649.26001,655.289978
TSLA,persistence,,2021-07-21,2021-07-22,volatility,0.3153797040575439,0.3650055878879606
TSLA,persistence,,2021-07-21,2021-07-22,sharpe,-0.2985622615499876,1.8783601115574147
TSLA,persistence,,2021-07-22,2021-07-23,open,646.359985,649.26001
TSLA,persistence,,2021-07-22,2021-07-23,close,643.380005,649.26001
TSLA,persistence,,2021-07-22,2021-07-23,volatility,0.2866507581300239,0.3153797040575439
TSLA,persistence,,2021-07-22,2021-07-23,sharpe,-2.2831073442268113,-0.2985622615499876
TSLA,persistence,,2021-07-23,2021-07-26,open,650.969971,643.380005
TSLA,persistence,,2021-07-23,2021-07-26,close,657.619995,643.380005
TSLA,persistence,,2021-07-23,2021-07-26,volatility,0.29736110994804016,0.2866507581300239
TSLA,persistence,,2021-07-23,2021-07-26,sharpe,-0.7675160380200721,-2.2831073442268113
TSLA,persistence,,2021-07-26,2021-07-27,open,663.400024,657.619995
TSLA,persistence,,2021-07-26,2021-07-27,close,644.780029,657.619995
TSLA,persistence,,2021-07-26,2021-07-27,volatility,0.2876574257700144,0.29736110994804016
TSLA,persistence,,2021-07-26,2021-07-27,sharpe,-2.747161377307358,-0.7675160380200721
TSLA,persistence,,2021-07-27,2021-07-28,open,647.0,644.780029
TSLA,persistence,,2021-07-27,2021-07-28,close,646.97998,644.780029
TSLA,persistence,,2021-07-27,2021-07-28,volatility,0.2867509974857442,0.2876574257700144
TSLA,persistence,,2021-07-27,2021-07-28,sharpe,-2.098074512015574,-2.747161377307358
TSLA,persistence,,2021-07-28,2021-07-29,open,649.789978,646.97998
TSLA,persistence,,2021-07-28,2021-07-29,close,677.349976,646.97998
TSLA,persistence,,2021-07-28,2021-07-29,volatility,0.3360513862081847,0.2867509974857442
TSLA,persistence,,2021-07-28,2021-07-29,sharpe,0.028129539486841174,-2.098074512015574
TSLA,persistence,,2021-07-29,2021-07-30,open,671.76001,677.349976
TSLA,persistence,,2021-07-29,2021-07-30,close,687.200012,677.349976
TSLA,persistence,,2021-07-29,2021-07-30,volatility,0.33975279560433036,0.3360513862081847
TSLA,persistence,,2021-07-29,2021-07-30,sharpe,0.6642472302287025,0.028129539486841174
TSLA,persistence,,2021-07-30,2021-08-02,open,700.0,687.200012
TSLA,persistence,,2021-07-30,2021-08-02,close,709.669983,687.200012
TSLA,persistence,,2021-07-30,2021-08-02,volatility,0.3580424887995208,0.33975279560433036
TSLA,persistence,,2021-07-30,2021-08-02,sharpe,1.730123183776711,0.6642472302287025
TSLA,persistence,,2021-08-02,2021-08-03,open,719.0,709.669983
TSLA,persistence,,2021-08-02,2021-08-03,close,709.73999,709.669983
TSLA,persistence,,2021-08-02,2021-08-03,volatility,0.33919107539293963,0.3580424887995208
TSLA,persistence,,2021-08-02,2021-08-03,sharpe,2.887071702720313,1.730123183776711
TSLA,persistence,,2021-08-03,2021-08-04,open,711.0,709.73999
TSLA,persistence,,2021-08-03,2021-08-04,close,710.919983,709.73999
TSLA,persistence,,2021-08-03,2021-08-04,volatility,0.3246465555631376,0.33919107539293963
TSLA,persistence,,2021-08-03,2021-08-04,sharpe,3.95946284992679,2.887071702720313
TSLA,persistence,,2021-08-04,2021-08-05,open,716.0,710.919983
TSLA,persistence,,2021-08-04,2021-08-05,close,714.630005,710.919983
TSLA,persistence,,2021-08-04,2021-08-05,volatility,0.3234214175632749,0.3246465555631376
TSLA,persistence,,2021-08-04,2021-08-05,sharpe,3.6846351360230276,3.95946284992679
TSLA,persistence,,2021-08-05,2021-08-06,open,711.900024,714.630005
TSLA,persistence,,2021-08-05,2021-08-06,close,699.099976,714.630005
TSLA,persistence,,2021-08-05,2021-08-06,volatility,0.3366460560919966,0.3234214175632749
TSLA,persistence,,2021-08-05,2021-08-06,sharpe,2.489157498213201,3.6846351360230276
TSLA,persistence,,2021-08-06,2021-08-09,open,710.169983,699.099976
TSLA,persistence,,2021-08-06,2021-08-09,close,713.76001,699.099976
TSLA,persistence,,2021-08-06,2021-08-09,volatility,0.30891325607994213,0.3366460560919966
TSLA,persistence,,2021-08-06,2021-08-09,sharpe,1.782939254074431,2.489157498213201
TSLA,persistence,,2021-08-09,2021-08-10,open,713.98999,713.76001
TSLA,persistence,,2021-08-09,2021-08-10,close,709.98999,713.76001
TSLA,persistence,,2021-08-09,2021-08-10,volatility,0.2934072524980678,0.30891325607994213
TSLA,persistence,,2021-08-09,2021-08-10,sharpe,2.7250302021051205,1.782939254074431
TSLA,persistence,,2021-08-10,2021-08-11,open,712.710022,709.98999
TSLA,persistence,,2021-08-10,2021-08-11,close,707.820007,709.98999
TSLA,persistence,,2021-08-10,2021-08-11,volatility,0.27836146303716697,0.2934072524980678
TSLA,persistence,,2021-08-10,2021-08-11,sharpe,3.7604133019161208,2.7250302021051205
TSLA,persistence,,2021-08-11,2021-08-12,open,706.340027,707.820007
TSLA,persistence,,2021-08-11,2021-08-12,close,722.25,707.820007
TSLA,persistence,,2021-08-11,2021-08-12,volatility,0.2822047698605508,0.27836146303716697
TSLA,persistence,,2021-08-11,2021-08-12,sharpe,4.80939931623748,3.7604133019161208
TSLA,persistence,,2021-08-12,2021-08-13,open,723.710022,722.25
TSLA,persistence,,2021-08-12,2021-08-13,close,717.169983,722.25
TSLA,persistence,,2021-08-12,2021-08-13,volatility,0.28039081081066497,0.2822047698605508
TSLA,persistence,,2021-08-12,2021-08-13,sharpe,4.965112679700198,4.80939931623748
TSLA,persistence,,2021-08-13,2021-08-16,open,705.070007,717.169983
TSLA,persistence,,2021-08-13,2021-08-16,close,686.169983,717.169983
TSLA,persistence,,2021-08-13,2021-08-16,volatility,0.3296036181306709,0.28039081081066497
TSLA,persistence,,2021-08-13,2021-08-16,sharpe,2.4526858881113007,4.965112679700198
TSLA,persistence,,2021-08-16,2021-08-17,open,672.659973,686.169983
TSLA,persistence,,2021-08-16,2021-08-17,close,665.710022,686.169983
TSLA,persistence,,2021-08-16,2021-08-17,volatility,0.34144486295651666,0.3296036181306709
TSLA,persistence,,2021-08-16,2021-08-17,sharpe,0.45184444228404763,2.4526858881113007
TSLA,persistence,,2021-08-17,2021-08-18,open,669.75,665.710022
TSLA,persistence,,2021-08-17,2021-08-18,close,688.98999,665.710022
TSLA,persistence,,2021-08-17,2021-08-18,volatility,0.3606451000264444,0.34144486295651666
TSLA,persistence,,2021-08-17,2021-08-18,sharpe,1.9251402586735116,0.45184444228404763
TSLA,persistence,,2021-08-18,2021-08-19,open,678.210022,688.98999
TSLA,persistence,,2021-08-18,2021-08-19,close,673.469971,688.98999
TSLA,persistence,,2021-08-18,2021-08-19,volatility,0.3694965285572088,0.3606451000264444
TSLA,persistence,,2021-08-18,2021-08-19,sharpe,1.4246761767774072,1.9251402586735116
TSLA,persistence,,2021-08-19,2021-08-20,open,682.849976,673.469971
TSLA,persistence,,2021-08-19,2021-08-20,close,680.26001,673.469971
TSLA,persistence,,2021-08-19,2021-08-20,volatility,0.36808237118417025,0.3694965285572088
TSLA,persistence,,2021-08-19,2021-08-20,sharpe,2.0852935480534174,1.4246761767774072
TSLA,persistence,,2021-08-20,2021-08-23,open,685.440002,680.26001
TSLA,persistence,,2021-08-20,2021-08-23,close,706.299988,680.26001
TSLA,persistence,,2021-08-20,2021-08-23,volatility,0.3833335781311192,0.36808237118417025
TSLA,persistence,,2021-08-20,2021-08-23,sharpe,2.53305193709199,2.0852935480534174
TSLA,persistence,,2021-08-23,2021-08-24,open,710.679993,706.299988
TSLA,persistence,,2021-08-23,2021-08-24,close,708.48999,706.299988
TSLA,persistence,,2021-08-23,2021-08-24,volatility,0.37331471845379566,0.3833335781311192
TSLA,persistence,,2021-08-23,2021-08-24,sharpe,3.364683971669406,2.53305193709199
TSLA,persistence,,2021-08-24,2021-08-25,open,707.030029,708.48999
TSLA,persistence,,2021-08-24,2021-08-25,close,711.200012,708.48999
TSLA,persistence,,2021-08-24,2021-08-25,volatility,0.37329451721167184,0.37331471845379566
TSLA,persistence,,2021-08-24,2021-08-25,sharpe,3.3788105446047445,3.364683971669406
TSLA,persistence,,2021-08-25,2021-08-26,open,708.309998,711.200012
TSLA,persistence,,2021-08-25,2021-08-26,close,701.159973,711.200012
TSLA,persistence,,2021-08-25,2021-08-26,volatility,0.3440948026058063,0.37329451721167184
TSLA,persistence,,2021-08-25,2021-08-26,sharpe,1.429716535942371,3.3788105446047445
TSLA,persistence,,2021-08-26,2021-08-27,open,705.0,701.159973
TSLA,persistence,,2021-08-26,2021-08-27,close,711.919983,701.159973
TSLA,persistence,,2021-08-26,2021-08-27,volatility,0.34449656126713646,0.3440948026058063
TSLA,persistence,,2021-08-26,2021-08-27,sharpe,1.4574553510301318,1.429716535942371
TSLA,persistence,,2021-08-27,2021-08-30,open,714.719971,711.919983
TSLA,persistence,,2021-08-27,2021-08-30,close,730.909973,711.919983
TSLA,persistence,,2021-08-27,2021-08-30,volatility,0.3379776116220924,0.34449656126713646
TSLA,persistence,,2021-08-27,2021-08-30,sharpe,1.2610062535787976,1.4574553510301318
TSLA,persistence,,2021-08-30,2021-08-31,open,733.0,730.909973
TSLA,persistence,,2021-08-30,2021-08-31,close,735.719971,730.909973
TSLA,persistence,,2021-08-30,2021-08-31,volatility,0.33835552116080164,0.3379776116220924
TSLA,persistence,,2021-08-30,2021-08-31,sharpe,1.5009876202528678,1.2610062535787976
TSLA,persistence,,2021-08-31,2021-09-01,open,734.080017,735.719971
TSLA,persistence,,2021-08-31,2021-09-01,close,734.090027,735.719971
TSLA,persistence,,2021-08-31,2021-09-01,volatility,0.3386890013419352,0.33835552116080164
TSLA,persistence,,2021-08-31,2021-09-01,sharpe,1.3552388797096588,1.5009876202528678
TSLA,persistence,,2021-09-01,2021-09-02,open,734.5,734.090027
TSLA,persistence,,2021-09-01,2021-09-02,close,732.390015,734.090027
TSLA,persistence,,2021-09-01,2021-09-02,volatility,0.3387426017023759,0.3386890013419352
TSLA,persistence,,2021-09-01,2021-09-02,sharpe,1.0747708941232053,1.3552388797096588
TSLA,persistence,,2021-09-02,2021-09-03,open,732.25,732.390015
TSLA,persistence,,2021-09-02,2021-09-03,close,733.570007,732.390015
TSLA,persistence,,2021-09-02,2021-09-03,volatility,0.32750785605679034,0.3387426017023759
TSLA,persistence,,2021-09-02,2021-09-03,sharpe,2.0096890125598295,1.0747708941232053
TSLA,persistence,,2021-09-03,2021-09-07,open,740.0,733.570007
TSLA,persistence,,2021-09-03,2021-09-07,close,752.919983,733.570007
TSLA,persistence,,2021-09-03,2021-09-07,volatility,0.3320593402507868,0.32750785605679034
TSLA,persistence,,2021-09-03,2021-09-07,sharpe,2.1873473303390734,2.0096890125598295
TSLA,persistence,,2021-09-07,2021-09-08,open,761.580017,752.919983
TSLA,persistence,,2021-09-07,2021-09-08,close,753.869995,752.919983
TSLA,persistence,,2021-09-07,2021-09-08,volatility,0.3307352399776845,0.3320593402507868
TSLA,persistence,,2021-09-07,2021-09-08,sharpe,2.445398773552745,2.1873473303390734
TSLA,persistence,,2021-09-08,2021-09-09,open,753.409973,753.869995
TSLA,persistence,,2021-09-08,2021-09-09,close,754.859985,753.869995
TSLA,persistence,,2021-09-08,2021-09-09,volatility,0.3300001706589054,0.3307352399776845
TSLA,persistence,,2021-09-08,2021-09-09,sharpe,2.6176838069694472,2.445398773552745
TSLA,persistence,,2021-09-09,2021-09-10,open,759.599976,754.859985
TSLA,persistence,,2021-09-09,2021-09-10,close,736.27002,754.859985
TSLA,persistence,,2021-09-09,2021-09-10,volatility,0.3379070491449088,0.3300001706589054
TSLA,persistence,,2021-09-09,2021-09-10,sharpe,0.8779490403865428,2.6176838069694472
TSLA,persistence,,2021-09-10,2021-09-13,open,740.210022,736.27002
TSLA,persistence,,2021-09-10,2021-09-13,close,743.0,736.27002
TSLA,persistence,,2021-09-10,2021-09-13,volatility,0.33757163059683726,0.3379070491449088
TSLA,persistence,,2021-09-10,2021-09-13,sharpe,1.4825315621166724,0.8779490403865428
TSLA,persistence,,2021-09-13,2021-09-14,open,742.570007,743.0
TSLA,persistence,,2021-09-13,2021-09-14,close,744.48999,743.0
TSLA,persistence,,2021-09-13,2021-09-14,volatility,0.29238169921910345,0.33757163059683726
TSLA,persistence,,2021-09-13,2021-09-14,sharpe,3.660861869328073,1.4825315621166724
TSLA,persistence,,2021-09-14,2021-09-15,open,745.0,744.48999
TSLA,persistence,,2021-09-14,2021-09-15,close,755.830017,744.48999
TSLA,persistence,,2021-09-14,2021-09-15,volatility,0.2652367019681842,0.29238169921910345
TSLA,persistence,,2021-09-14,2021-09-15,sharpe,6.175591671646455,3.660861869328073
TSLA,persistence,,2021-09-15,2021-09-16,open,752.830017,755.830017
TSLA,persistence,,2021-09-15,2021-09-16,close,756.98999,755.830017
TSLA,persistence,,2021-09-15,2021-09-16,volatility,0.2432810775403781,0.2652367019681842
TSLA,persistence,,2021-09-15,2021-09-16,sharpe,5.001240275547283,6.175591671646455
TSLA,persistence,,2021-09-16,2021-09-17,open,757.150024,756.98999
TSLA,persistence,,2021-09-16,2021-09-17,close,759.48999,756.98999
TSLA,persistence,,2021-09-16,2021-09-17,volatility,0.22102069832288726,0.2432810775403781
TSLA,persistence,,2021-09-16,2021-09-17,sharpe,6.977372753022954,5.001240275547283
TSLA,persistence,,2021-09-17,2021-09-20,open,734.559998,759.48999
TSLA,persistence,,2021-09-17,2021-09-20,close,730.169983,759.48999
TSLA,persistence,,2021-09-17,2021-09-20,volatility,0.271293097952773,0.22102069832288726
TSLA,persistence,,2021-09-17,2021-09-20,sharpe,3.42318763307622,6.977372753022954
TSLA,persistence,,2021-09-20,2021-09-21,open,734.789978,730.169983
TSLA,persistence,,2021-09-20,2021-09-21,close,739.380005,730.169983
TSLA,persistence,,2021-09-20,2021-09-21,volatility,0.24155242164750076,0.271293097952773
TSLA,persistence,,2021-09-20,2021-09-21,sharpe,2.505860295191382,3.42318763307622
TSLA,persistence,,2021-09-21,2021-09-22,open,743.530029,739.380005
TSLA,persistence,,2021-09-21,2021-09-22,close,751.940002,739.380005
TSLA,persistence,,2021-09-21,2021-09-22,volatility,0.2470519676292499,0.24155242164750076
TSLA,persistence,,2021-09-21,2021-09-22,sharpe,3.15831096551914,2.505860295191382
TSLA,persistence,,2021-09-22,2021-09-23,open,755.0,751.940002
TSLA,persistence,,2021-09-22,2021-09-23,close,753.640015,751.940002
TSLA,persistence,,2021-09-22,2021-09-23,volatility,0.24705316344678424,0.2470519676292499
TSLA,persistence,,2021-09-22,2021-09-23,sharpe,3.078518044792564,3.15831096551914
TSLA,persistence,,2021-09-23,2021-09-24,open,745.890015,753.640015
TSLA,persistence,,2021-09-23,2021-09-24,close,774.390015,753.640015
TSLA,persistence,,2021-09-23,2021-09-24,volatility,0.25290624433958436,0.24705316344678424
TSLA,persistence,,2021-09-23,2021-09-24,sharpe,5.082312702071382,3.078518044792564
TSLA,persistence,,2021-09-24,2021-09-27,open,773.119995,774.390015
TSLA,persistence,,2021-09-24,2021-09-27,close,791.359985,774.390015
TSLA,persistence,,2021-09-24,2021-09-27,volatility,0.2574686572228511,0.25290624433958436
TSLA,persistence,,2021-09-24,2021-09-27,sharpe,5.313676087820217,5.082312702071382
TSLA,persistence,,2021-09-27,2021-09-28,open,787.200012,791.359985
TSLA,persistence,,2021-09-27,2021-09-28,close,777.559998,791.359985
TSLA,persistence,,2021-09-27,2021-09-28,volatility,0.2568046336124907,0.2574686572228511
TSLA,persistence,,2021-09-27,2021-09-28,sharpe,3.163049072234622,5.313676087820217
TSLA,persistence,,2021-09-28,2021-09-29,open,779.799988,777.559998
TSLA,persistence,,2021-09-28,2021-09-29,close,781.309998,777.559998
TSLA,persistence,,2021-09-28,2021-09-29,volatility,0.25657550199270635,0.2568046336124907
TSLA,persistence,,2021-09-28,2021-09-29,sharpe,3.0795385557389245,3.163049072234622
TSLA,persistence,,2021-09-29,2021-09-30,open,781.0,781.309998
TSLA,persistence,,2021-09-29,2021-09-30,close,775.47998,781.309998
TSLA,persistence,,2021-09-29,2021-09-30,volatility,0.2586937832958642,0.25657550199270635
TSLA,persistence,,2021-09-29,2021-09-30,sharpe,2.7987893065462477,3.0795385557389245
TSLA,persistence,,2021-09-30,2021-10-01,open,778.400024,775.47998
TSLA,persistence,,2021-09-30,2021-10-01,close,775.219971,775.47998
TSLA,persistence,,2021-09-30,2021-10-01,volatility,0.2582620582879162,0.2586937832958642
TSLA,persistence,,2021-09-30,2021-10-01,sharpe,2.9000928787614932,2.7987893065462477
TSLA,persistence,,2021-10-01,2021-10-04,open,796.5,775.219971
TSLA,persistence,,2021-10-01,2021-10-04,close,781.530029,775.219971
TSLA,persistence,,2021-10-01,2021-10-04,volatility,0.25884479977001307,0.2582620582879162
TSLA,persistence,,2021-10-01,2021-10-04,sharpe,3.211359298813713,2.9000928787614932
TSLA,persistence,,2021-10-04,2021-10-05,open,784.799988,781.530029
TSLA,persistence,,2021-10-04,2021-10-05,close,780.590027,781.530029
TSLA,persistence,,2021-10-04,2021-10-05,volatility,0.24433640935612774,0.25884479977001307
TSLA,persistence,,2021-10-04,2021-10-05,sharpe,1.9797631933482513,3.211359298813713
TSLA,persistence,,2021-10-05,2021-10-06,open,776.200012,780.590027
TSLA,persistence,,2021-10-05,2021-10-06,close,782.75,780.590027
TSLA,persistence,,2021-10-05,2021-10-06,volatility,0.2443410871212193,0.24433640935612774
TSLA,persistence,,2021-10-05,2021-10-06,sharpe,2.057351177041405,1.9797631933482513
TSLA,persistence,,2021-10-06,2021-10-07,open,785.460022,782.75
TSLA,persistence,,2021-10-06,2021-10-07,close,793.609985,782.75
TSLA,persistence,,2021-10-06,2021-10-07,volatility,0.24791822667477129,0.2443410871212193
TSLA,persistence,,2021-10-06,2021-10-07,sharpe,2.6660531355989754,2.057351177041405
TSLA,persistence,,2021-10-07,2021-10-08,open,796.210022,793.609985
TSLA,persistence,,2021-10-07,2021-10-08,close,785.48999,793.609985
TSLA,persistence,,2021-10-07,2021-10-08,volatility,0.23166566020755372,0.24791822667477129
TSLA,persistence,,2021-10-07,2021-10-08,sharpe,3.6360337789441037,2.6660531355989754
TSLA,persistence,,2021-10-08,2021-10-11,open,787.650024,785.48999
TSLA,persistence,,2021-10-08,2021-10-11,close,791.940002,785.48999
TSLA,persistence,,2021-10-08,2021-10-11,volatility,0.2313805255681312,0.23166566020755372
TSLA,persistence,,2021-10-08,2021-10-11,sharpe,3.589914750542199,3.6360337789441037
TSLA,persistence,,2021-10-11,2021-10-12,open,800.929993,791.940002
TSLA,persistence,,2021-10-11,2021-10-12,close,805.719971,791.940002
TSLA,persistence,,2021-10-11,2021-10-12,volatility,0.23663486201370515,0.2313805255681312
TSLA,persistence,,2021-10-11,2021-10-12,sharpe,4.329928725713583,3.589914750542199
TSLA,persistence,,2021-10-12,2021-10-13,open,810.469971,805.719971
TSLA,persistence,,2021-10-12,2021-10-13,close,811.080017,805.719971
TSLA,persistence,,2021-10-12,2021-10-13,volatility,0.2332001924787938,0.23663486201370515
TSLA,persistence,,2021-10-12,2021-10-13,sharpe,3.9301470333028674,4.329928725713583
TSLA,persistence,,2021-10-13,2021-10-14,open,815.48999,811.080017
TSLA,persistence,,2021-10-13,2021-10-14,close,818.320007,811.080017
TSLA,persistence,,2021-10-13,2021-10-14,volatility,0.23379169329142058,0.2332001924787938
TSLA,persistence,,2021-10-13,2021-10-14,sharpe,4.318570521939245,3.9301470333028674
TSLA,decoupled,9416042,2020-12-31,2021-01-04,open,719.460022,707.2870047678934
TSLA,decoupled,9416042,2020-12-31,2021-01-04,close,729.77002,707.9089294432491
TSLA,decoupled,9416042,2020-12-31,2021-01-04,volatility,0.6035240414352591,0.598125288204115
TSLA,decoupled,9416042,2020-12-31,2021-01-04,sharpe,4.629545842980718,1.8509507638692115
TSLA,decoupled,9416042,2021-01-04,2021-01-05,open,723.659973,731.4146175744855
TSLA,decoupled,9416042,2021-01-04,2021-01-05,close,735.109985,732.0506496162534
TSLA,decoupled,9416042,2021-01-04,2021-01-05,volatility,0.6036511392134518,0.5991794075552658
TSLA,decoupled,9416042,2021-01-04,2021-01-05,sharpe,4.582207941303553,1.8537709323576683
TSLA,decoupled,9416042,2021-01-05,2021-01-06,open,758.48999,736.6978398100605
TSLA,decoupled,9416042,2021-01-05,2021-01-06,close,755.97998,737.3307533212454
TSLA,decoupled,9416042,2021-01-05,2021-01-06,volatility,0.5647197446686494,0.5975920491880081
TSLA,decoupled,9416042,2021-01-05,2021-01-06,sharpe,3.9403872109341407,1.827507477096138
TSLA,decoupled,9416042,2021-01-06,2021-01-07,open,777.630005,757.590448713732
TSLA,decoupled,9416042,2021-01-06,2021-01-07,close,816.039978,758.2291445871961
TSLA,decoupled,9416042,2021-01-06,2021-01-07,volatility,0.6179764647982084,0.5989463351305246
TSLA,decoupled,9416042,2021-01-06,2021-01-07,sharpe,4.962675969979823,1.8194658659596792
TSLA,decoupled,9416042,2021-01-07,2021-01-08,open,856.0,817.6415562330977
TSLA,decoupled,9416042,2021-01-07,2021-01-08,close,880.02002,818.2797618472927
TSLA,decoupled,9416042,2021-01-07,2021-01-08,volatility,0.5798760917468381,0.599531132104005
TSLA,decoupled,9416042,2021-01-07,2021-01-08,sharpe,8.51030118627474,1.8178189921972288
TSLA,decoupled,9416042,2021-01-08,2021-01-11,open,849.400024,881.6529296215876
TSLA,decoupled,9416042,2021-01-08,2021-01-11,close,811.190002,882.2985475485805
TSLA,decoupled,9416042,2021-01-08,2021-01-11,volatility,0.670859553924189,0.6015606940369319
TSLA,decoupled,9416042,2021-01-08,2021-01-11,sharpe,5.185209274903338,1.8211871914126878
TSLA,decoupled,9416042,2021-01-11,2021-01-12,open,831.0,812.8454669938685
TSLA,decoupled,9416042,2021-01-11,2021-01-12,close,849.440002,813.4941170776494
TSLA,decoupled,9416042,2021-01-11,2021-01-12,volatility,0.6624144428318698,0.6031997275054594
TSLA,decoupled,9416042,2021-01-11,2021-01-12,sharpe,6.6663262647481325,1.8162428416225505
TSLA,decoupled,9416042,2021-01-12,2021-01-13,open,852.76001,851.1274332017877
TSLA,decoupled,9416042,2021-01-12,2021-01-13,close,854.409973,851.778820165238
TSLA,decoupled,9416042,2021-01-12,2021-01-13,volatility,0.6529139398334076,0.6054722605223676
TSLA,decoupled,9416042,2021-01-12,2021-01-13,sharpe,5.932196813273854,1.8169659936153408
TSLA,decoupled,9416042,2021-01-13,2021-01-14,open,843.390015,856.1349200881351
TSLA,decoupled,9416042,2021-01-13,2021-01-14,close,845.0,856.7928075632491
TSLA,decoupled,9416042,2021-01-13,2021-01-14,volatility,0.653299075223682,0.6073572229582587
TSLA,decoupled,9416042,2021-01-13,2021-01-14,sharpe,5.91463173734984,1.8176531034145305
TSLA,decoupled,9416042,2021-01-14,2021-01-15,open,852.0,846.7443003283739
TSLA,decoupled,9416042,2021-01-14,2021-01-15,close,826.159973,847.4088571877456
TSLA,decoupled,9416042,2021-01-14,2021-01-15,volatility,0.6573246278011057,0.6092177462487774
TSLA,decoupled,9416042,2021-01-14,2021-01-15,sharpe,5.768259627350183,1.812793680632303
TSLA,decoupled,9416042,2021-01-15,2021-01-19,open,837.799988,827.9323023429773
TSLA,decoupled,9416042,2021-01-15,2021-01-19,close,844.549988,828.6066274018235
TSLA,decoupled,9416042,2021-01-15,2021-01-19,volatility,0.6425152386503272,0.6109189245543094
TSLA,decoupled,9416042,2021-01-15,2021-01-19,sharpe,5.294501637314135,1.8198609688898593
TSLA,decoupled,9416042,2021-01-19,2021-01-20,open,858.73999,846.3066805725388
TSLA,decoupled,9416042,2021-01-19,2021-01-20,close,850.450012,846.9747958686072
TSLA,decoupled,9416042,2021-01-19,2021-01-20,volatility,0.619151272815504,0.6122994653725915
TSLA,decoupled,9416042,2021-01-19,2021-01-20,sharpe,4.423315530620202,1.8195519174366837
TSLA,decoupled,9416042,2021-01-20,2021-01-21,open,855.0,852.218138843825
TSLA,decoupled,9416042,2021-01-20,2021-01-21,close,844.98999,852.8836679774729
TSLA,decoupled,9416042,2021-01-20,2021-01-21,volatility,0.5556977411318651,0.6133848621440631
TSLA,decoupled,9416042,2021-01-20,2021-01-21,sharpe,6.255510781798651,1.8206995861038573
TSLA,decoupled,9416042,2021-01-21,2021-01-22,open,834.309998,846.7730910334502
TSLA,decoupled,9416042,2021-01-21,2021-01-22,close,846.640015,847.4400072152049
TSLA,decoupled,9416042,2021-01-21,2021-01-22,volatility,0.5474912045547466,0.6147610686381808
TSLA,decoupled,9416042,2021-01-21,2021-01-22,sharpe,6.731355461636722,1.8186126898300397
TSLA,decoupled,9416042,2021-01-22,2021-01-25,open,855.0,848.420948730926
TSLA,decoupled,9416042,2021-01-22,2021-01-25,close,880.799988,849.0881837813594
TSLA,decoupled,9416042,2021-01-22,2021-01-25,volatility,0.5544494864694571,0.6169675471405444
TSLA,decoupled,9416042,2021-01-22,2021-01-25,sharpe,7.3636306858865845,1.8162215950749268
TSLA,decoupled,9416042,2021-01-25,2021-01-26,open,891.380005,882.5904373213432
TSLA,decoupled,9416042,2021-01-25,2021-01-26,close,883.090027,883.2615348316258
TSLA,decoupled,9416042,2021-01-25,2021-01-26,volatility,0.5555632295239257,0.6193103957812263
TSLA,decoupled,9416042,2021-01-25,2021-01-26,sharpe,6.853462955765756,1.8155618868120875
TSLA,decoupled,9416042,2021-01-26,2021-01-27,open,870.349976,884.9275173709988
TSLA,decoupled,9416042,2021-01-26,2021-01-27,close,864.159973,885.6020104647748
TSLA,decoupled,9416042,2021-01-26,2021-01-27,volatility,0.5692054740251621,0.6213601650362707
TSLA,decoupled,9416042,2021-01-26,2021-01-27,sharpe,6.150468444374804,1.8191672898238558
TSLA,decoupled,9416042,2021-01-27,2021-01-28,open,820.0,866.0054839493517
TSLA,decoupled,9416042,2021-01-27,2021-01-28,close,835.429993,866.6835788740595
TSLA,decoupled,9416042,2021-01-27,2021-01-28,volatility,0.5925625632886933,0.6237540444867926
TSLA,decoupled,9416042,2021-01-27,2021-01-28,sharpe,5.127415136733542,1.8150943443992023
TSLA,decoupled,9416042,2021-01-28,2021-01-29,open,830.0,837.2806155996385
TSLA,decoupled,9416042,2021-01-28,2021-01-29,close,793.530029,837.9647375232147
TSLA,decoupled,9416042,2021-01-28,2021-01-29,volatility,0.6195079350276168,0.6256831701716012
TSLA,decoupled,9416042,2021-01-28,2021-01-29,sharpe,3.0051142928831966,1.8141038646748924
TSLA,decoupled,9416042,2021-01-29,2021-02-01,open,814.289978,795.4125270018488
TSLA,decoupled,9416042,2021-01-29,2021-02-01,close,839.809998,796.1001944151558
TSLA,decoupled,9416042,2021-01-29,2021-02-01,volatility,0.645043743680842,0.6284160933440843
TSLA,decoupled,9416042,2021-01-29,2021-02-01,sharpe,3.71920957317905,1.8125006676593671
TSLA,decoupled,9416042,2021-02-01,2021-02-02,open,844.679993,841.674816786736
TSLA,decoupled,9416042,2021-02-01,2021-02-02,close,872.789978,842.3555062892004
TSLA,decoupled,9416042,2021-02-01,2021-02-02,volatility,0.6478859089358014,0.629276925266286
TSLA,decoupled,9416042,2021-02-01,2021-02-02,sharpe,3.8024431949319113,1.8059027564747976
TSLA,decoupled,9416042,2021-02-02,2021-02-03,open,877.02002,874.6867417975394
TSLA,decoupled,9416042,2021-02-02,2021-02-03,close,854.690002,875.3718021167605
TSLA,decoupled,9416042,2021-02-02,2021-02-03,volatility,0.6568892042981617,0.6321873653706744
TSLA,decoupled,9416042,2021-02-02,2021-02-03,sharpe,3.2121877135190235,1.7983115839844743
TSLA,decoupled,9416042,2021-02-03,2021-02-04,open,855.0,856.5811080821984
TSLA,decoupled,9416042,2021-02-03,2021-02-04,close,849.98999,857.2579457477918
TSLA,decoupled,9416042,2021-02-03,2021-02-04,volatility,0.6542016808198756,0.6323859974898938
TSLA,decoupled,9416042,2021-02-03,2021-02-04,sharpe,2.5726701866879247,1.7938370847279947
TSLA,decoupled,9416042,2021-02-04,2021-02-05,open,845.0,851.9240397977471
TSLA,decoupled,9416042,2021-02-04,2021-02-05,close,852.22998,852.6099045562878
TSLA,decoupled,9416042,2021-02-04,2021-02-05,volatility,0.5950240651153874,0.635109461292748
TSLA,decoupled,9416042,2021-02-04,2021-02-05,sharpe,1.2020079112953173,1.7797744150523327
TSLA,decoupled,9416042,2021-02-05,2021-02-08,open,869.669983,854.2340167936367
TSLA,decoupled,9416042,2021-02-05,2021-02-08,close,863.419983,854.9315108288864
TSLA,decoupled,9416042,2021-02-05,2021-02-08,volatility,0.5262127266018454,0.6379927679421484
TSLA,decoupled,9416042,2021-02-05,2021-02-08,sharpe,-0.20374608759184296,1.7901439139442885
TSLA,decoupled,9416042,2021-02-08,2021-02-09,open,855.119995,865.4438323958883
TSLA,decoupled,9416042,2021-02-08,2021-02-09,close,849.460022,866.1433129346391
TSLA,decoupled,9416042,2021-02-08,2021-02-09,volatility,0.4442718704338821,0.6398611105877473
TSLA,decoupled,9416042,2021-02-08,2021-02-09,sharpe,1.5183607786992825,1.7882644526270737
TSLA,decoupled,9416042,2021-02-09,2021-02-10,open,843.640015,851.5492794044977
TSLA,decoupled,9416042,2021-02-09,2021-02-10,close,804.820007,852.2625362093827
TSLA,decoupled,9416042,2021-02-09,2021-02-10,volatility,0.45277276479664325,0.6430958635691332
TSLA,decoupled,9416042,2021-02-09,2021-02-10,sharpe,-1.2847622935828154,1.7929867493623826
TSLA,decoupled,9416042,2021-02-10,2021-02-11,open,812.440002,806.9297025267989
TSLA,decoupled,9416042,2021-02-10,2021-02-11,close,811.659973,807.6396066438645
TSLA,decoupled,9416042,2021-02-10,2021-02-11,volatility,0.45350260079438925,0.6451787259748915
TSLA,decoupled,9416042,2021-02-10,2021-02-11,sharpe,-1.2091268591250008,1.799008458910009
TSLA,decoupled,9416042,2021-02-11,2021-02-12,open,801.26001,813.827484685817
TSLA,decoupled,9416042,2021-02-11,2021-02-12,close,816.119995,814.5336228373333
TSLA,decoupled,9416042,2021-02-11,2021-02-12,volatility,0.4530214790890815,0.6468489636488046
TSLA,decoupled,9416042,2021-02-11,2021-02-12,sharpe,-0.7512599529660161,1.8036592630839552
TSLA,decoupled,9416042,2021-02-12,2021-02-16,open,818.0,818.3157964933225
TSLA,decoupled,9416042,2021-02-12,2021-02-16,close,796.219971,819.0240794531904
TSLA,decoupled,9416042,2021-02-12,2021-02-16,volatility,0.45436040292306706,0.6480805999318606
TSLA,decoupled,9416042,2021-02-12,2021-02-16,sharpe,-0.806943743636232,1.8007583695510458
TSLA,decoupled,9416042,2021-02-16,2021-02-17,open,779.090027,798.472397237677
TSLA,decoupled,9416042,2021-02-16,2021-02-17,close,798.150024,799.1893867844118
TSLA,decoupled,9416042,2021-02-16,2021-02-17,volatility,0.44600793154398516,0.6509390720752385
TSLA,decoupled,9416042,2021-02-16,2021-02-17,sharpe,-1.38242377350872,1.7934707445335947
TSLA,decoupled,9416042,2021-02-17,2021-02-18,open,780.900024,800.4401808302943
TSLA,decoupled,9416042,2021-02-17,2021-02-18,close,787.380005,801.1550815233685
TSLA,decoupled,9416042,2021-02-17,2021-02-18,volatility,0.4461876510799834,0.653112457426888
TSLA,decoupled,9416042,2021-02-17,2021-02-18,sharpe,-1.9601988091704337,1.7789849785655636
TSLA,decoupled,9416042,2021-02-18,2021-02-19,open,795.0,789.7127111427334
TSLA,decoupled,9416042,2021-02-18,2021-02-19,close,781.299988,790.4276004217509
TSLA,decoupled,9416042,2021-02-18,2021-02-19,volatility,0.4463256768255623,0.6552790777185242
TSLA,decoupled,9416042,2021-02-18,2021-02-19,sharpe,-1.9963396159677806,1.7695261812748073
TSLA,decoupled,9416042,2021-02-19,2021-02-22,open,762.640015,783.6739325161269
TSLA,decoupled,9416042,2021-02-19,2021-02-22,close,714.5,784.3960435669026
TSLA,decoupled,9416042,2021-02-19,2021-02-22,volatility,0.5318231422440816,0.6575329262839674
TSLA,decoupled,9416042,2021-02-19,2021-02-22,sharpe,-3.7473042512081447,1.7652581700535879
TSLA,decoupled,9416042,2021-02-22,2021-02-23,open,662.130005,716.978906616335
TSLA,decoupled,9416042,2021-02-22,2021-02-23,close,698.840027,717.7087465199118
TSLA,decoupled,9416042,2021-02-22,2021-02-23,volatility,0.5019786612035709,0.6595791519361477
TSLA,decoupled,9416042,2021-02-22,2021-02-23,sharpe,-5.532990479458898,1.7548274763698695
TSLA,decoupled,9416042,2021-02-23,2021-02-24,open,711.849976,701.3828985800028
TSLA,decoupled,9416042,2021-02-23,2021-02-24,close,742.02002,702.1402386208598
TSLA,decoupled,9416042,2021-02-23,2021-02-24,volatility,0.5634800595057151,0.6622471481040884
TSLA,decoupled,9416042,2021-02-23,2021-02-24,sharpe,-3.605580274981943,1.7442015985244177
TSLA,decoupled,9416042,2021-02-24,2021-02-25,open,726.150024,744.620835195227
TSLA,decoupled,9416042,2021-02-24,2021-02-25,close,682.219971,745.3692221287794
TSLA,decoupled,9416042,2021-02-24,2021-02-25,volatility,0.6185358325971941,0.664626106350815
TSLA,decoupled,9416042,2021-02-24,2021-02-25,sharpe,-4.489670655818826,1.7547890076903285
TSLA,decoupled,9416042,2021-02-25,2021-02-26,open,700.0,684.8729909990476
TSLA,decoupled,9416042,2021-02-25,2021-02-26,close,675.5,685.5957238477737
TSLA,decoupled,9416042,2021-02-25,2021-02-26,volatility,0.6129352939280739,0.6665554663234162
TSLA,decoupled,9416042,2021-02-25,2021-02-26,sharpe,-4.049746872246363,1.755968102309558
TSLA,decoupled,9416042,2021-02-26,2021-03-01,open,690.109985,678.244047799105
TSLA,decoupled,9416042,2021-02-26,2021-03-01,close,718.429993,678.9420836612405
TSLA,decoupled,9416042,2021-02-26,2021-03-01,volatility,0.6457809985469724,0.669039429430218
TSLA,decoupled,9416042,2021-02-26,2021-03-01,sharpe,-1.6252082003114254,1.7633443828377056
TSLA,decoupled,9416042,2021-03-01,2021-03-02,open,718.280029,721.2559598566131
TSLA,decoupled,9416042,2021-03-01,2021-03-02,close,686.440002,721.9320101284759
TSLA,decoupled,9416042,2021-03-01,2021-03-02,volatility,0.6163110481268377,0.671360782165923
TSLA,decoupled,9416042,2021-03-01,2021-03-02,sharpe,-3.805593672145269,1.7646082860996775
TSLA,decoupled,9416042,2021-03-02,2021-03-03,open,687.98999,689.2949965972598
TSLA,decoupled,9416042,2021-03-02,2021-03-03,close,653.200012,689.9631309484179
TSLA,decoupled,9416042,2021-03-02,2021-03-03,volatility,0.6031041592205939,0.6741167680429966
TSLA,decoupled,9416042,2021-03-02,2021-03-03,sharpe,-5.721035212355957,1.7819244591431818
TSLA,decoupled,9416042,2021-03-03,2021-03-04,open,655.799988,656.0947023676453
TSLA,decoupled,9416042,2021-03-03,2021-03-04,close,621.440002,656.7462715286617
TSLA,decoupled,9416042,2021-03-03,2021-03-04,volatility,0.6154211186387902,0.6759679637507698
TSLA,decoupled,9416042,2021-03-03,2021-03-04,sharpe,-6.177428565726399,1.7877927082507308
TSLA,decoupled,9416042,2021-03-04,2021-03-05,open,626.059998,624.3523313766159
TSLA,decoupled,9416042,2021-03-04,2021-03-05,close,597.950012,624.9777361327555
TSLA,decoupled,9416042,2021-03-04,2021-03-05,volatility,0.6194146340891599,0.6754256021537359
TSLA,decoupled,9416042,2021-03-04,2021-03-05,sharpe,-6.794645051315523,1.799085632999427
TSLA,decoupled,9416042,2021-03-05,2021-03-08,open,600.549988,600.9498012234392
TSLA,decoupled,9416042,2021-03-05,2021-03-08,close,563.0,601.5315666347208
TSLA,decoupled,9416042,2021-03-05,2021-03-08,volatility,0.6319475962069472,0.6773409048587773
TSLA,decoupled,9416042,2021-03-05,2021-03-08,sharpe,-7.877827298650059,1.8002070837819286
TSLA,decoupled,9416042,2021-03-08,2021-03-09,open,608.179993,565.9871642212672
TSLA,decoupled,9416042,2021-03-08,2021-03-09,close,673.580017,566.5673956809545
TSLA,decoupled,9416042,2021-03-08,2021-03-09,volatility,0.9912131132214398,0.6785849437518576
TSLA,decoupled,9416042,2021-03-08,2021-03-09,sharpe,-2.6926830630931056,1.7969758922482204
TSLA,decoupled,9416042,2021-03-09,2021-03-10,open,700.299988,676.6634090157199
TSLA,decoupled,9416042,2021-03-09,2021-03-10,close,668.059998,677.2218692623946
TSLA,decoupled,9416042,2021-03-09,2021-03-10,volatility,0.9910221680087022,0.6811411407137357
TSLA,decoupled,9416042,2021-03-09,2021-03-10,sharpe,-2.591829825264229,1.803480117402461
TSLA,decoupled,9416042,2021-03-10,2021-03-11,open,699.400024,671.1392906302792
TSLA,decoupled,9416042,2021-03-10,2021-03-11,close,699.599976,671.7005717829388
TSLA,decoupled,9416042,2021-03-10,2021-03-11,volatility,0.9977137365692226,0.683607693308945
TSLA,decoupled,9416042,2021-03-10,2021-03-11,sharpe,-1.3145607070417948,1.7982165367547158
TSLA,decoupled,9416042,2021-03-11,2021-03-12,open,670.0,702.7374239431502
TSLA,decoupled,9416042,2021-03-11,2021-03-12,close,693.72998,703.2733864967283
TSLA,decoupled,9416042,2021-03-11,2021-03-12,volatility,0.9964374458891415,0.6849440708783097
TSLA,decoupled,9416042,2021-03-11,2021-03-12,sharpe,-1.5298099296441396,1.8043547768100598
TSLA,decoupled,9416042,2021-03-12,2021-03-15,open,694.090027,696.8698810648486
TSLA,decoupled,9416042,2021-03-12,2021-03-15,close,707.940002,697.3961056383068
TSLA,decoupled,9416042,2021-03-12,2021-03-15,volatility,1.0001540149918273,0.6872332383284971
TSLA,decoupled,9416042,2021-03-12,2021-03-15,sharpe,-1.335298301979195,1.8255211912149663
TSLA,decoupled,9416042,2021-03-15,2021-03-16,open,703.349976,711.0291771359332
TSLA,decoupled,9416042,2021-03-15,2021-03-16,close,676.880005,711.5440987020023
TSLA,decoupled,9416042,2021-03-15,2021-03-16,volatility,1.007452624918102,0.6861453961781896
TSLA,decoupled,9416042,2021-03-15,2021-03-16,sharpe,-1.5693828387857802,1.8291072415217964
TSLA,decoupled,9416042,2021-03-16,2021-03-17,open,656.869995,680.0038799512573
TSLA,decoupled,9416042,2021-03-16,2021-03-17,close,701.809998,680.5193737129485
TSLA,decoupled,9416042,2021-03-16,2021-03-17,volatility,1.0187323530940577,0.6882452005199551
TSLA,decoupled,9416042,2021-03-16,2021-03-17,sharpe,-1.126453041809796,1.8389210159508416
TSLA,decoupled,9416042,2021-03-17,2021-03-18,open,684.289978,704.9100405553161
TSLA,decoupled,9416042,2021-03-17,2021-03-18,close,653.159973,705.4269331102145
TSLA,decoupled,9416042,2021-03-17,2021-03-18,volatility,1.0441860823072184,0.6892640595583096
TSLA,decoupled,9416042,2021-03-17,2021-03-18,sharpe,-1.7726487670600939,1.838842835757497
TSLA,decoupled,9416042,2021-03-18,2021-03-19,open,646.599976,656.2976145890598
TSLA,decoupled,9416042,2021-03-18,2021-03-19,close,654.869995,656.8068971141195
TSLA,decoupled,9416042,2021-03-18,2021-03-19,volatility,1.0447814928487553,0.6913076348298354
TSLA,decoupled,9416042,2021-03-18,2021-03-19,sharpe,-1.6469398978923577,1.8401017084998368
TSLA,decoupled,9416042,2021-03-19,2021-03-22,open,684.590027,658.0068885360054
TSLA,decoupled,9416042,2021-03-19,2021-03-22,close,670.0,658.5153968987416
TSLA,decoupled,9416042,2021-03-19,2021-03-22,volatility,1.0067489746803426,0.6938059627069251
TSLA,decoupled,9416042,2021-03-19,2021-03-22,sharpe,-0.3499410475769264,1.8596580607094846
TSLA,decoupled,9416042,2021-03-22,2021-03-23,open,675.77002,673.1562540242902
TSLA,decoupled,9416042,2021-03-22,2021-03-23,close,662.159973,673.6605180624488
TSLA,decoupled,9416042,2021-03-22,2021-03-23,volatility,1.0046382234568223,0.6948166363155234
TSLA,decoupled,9416042,2021-03-22,2021-03-23,sharpe,-0.2225507882941506,1.8705211423512458
TSLA,decoupled,9416042,2021-03-23,2021-03-24,open,667.909973,665.330958335995
TSLA,decoupled,9416042,2021-03-23,2021-03-24,close,630.27002,665.8461703533496
TSLA,decoupled,9416042,2021-03-23,2021-03-24,volatility,0.9893538027667484,0.6968894829181452
TSLA,decoupled,9416042,2021-03-23,2021-03-24,sharpe,-1.6262486262901843,1.8718420384415224
TSLA,decoupled,9416042,2021-03-24,2021-03-25,open,613.0,633.4712709882045
TSLA,decoupled,9416042,2021-03-24,2021-03-25,close,640.390015,633.9637121298496
TSLA,decoupled,9416042,2021-03-24,2021-03-25,volatility,0.9519829899463749,0.6976363484722021
TSLA,decoupled,9416042,2021-03-24,2021-03-25,sharpe,-0.41090749156309203,1.910620420444313
TSLA,decoupled,9416042,2021-03-25,2021-03-26,open,641.869995,643.5500399228135
TSLA,decoupled,9416042,2021-03-25,2021-03-26,close,618.710022,644.0451184957473
TSLA,decoupled,9416042,2021-03-25,2021-03-26,volatility,0.9585485717183851,0.6981463783538481
TSLA,decoupled,9416042,2021-03-25,2021-03-26,sharpe,-0.7236252298592485,1.9245660269690021
TSLA,decoupled,9416042,2021-03-26,2021-03-29,open,615.640015,621.8777473563401
TSLA,decoupled,9416042,2021-03-26,2021-03-29,close,611.289978,622.3733440565842
TSLA,decoupled,9416042,2021-03-26,2021-03-29,volatility,0.9262034408110805,0.6985125116018363
TSLA,decoupled,9416042,2021-03-26,2021-03-29,sharpe,-1.7766134392742143,1.9365373616770531
TSLA,decoupled,9416042,2021-03-29,2021-03-30,open,601.75,614.4873880708211
TSLA,decoupled,9416042,2021-03-29,2021-03-30,close,635.619995,614.974000288624
TSLA,decoupled,9416042,2021-03-29,2021-03-30,volatility,0.9286856764201753,0.7000100206006066
TSLA,decoupled,9416042,2021-03-29,2021-03-30,sharpe,-0.6277294020769809,1.9398839592493853
TSLA,decoupled,9416042,2021-03-30,2021-03-31,open,646.619995,638.8419729383029
TSLA,decoupled,9416042,2021-03-30,2021-03-31,close,667.929993,639.3275829642955
TSLA,decoupled,9416042,2021-03-30,2021-03-31,volatility,0.9301533787377118,0.7016365636011875
TSLA,decoupled,9416042,2021-03-30,2021-03-31,sharpe,0.7177979614846546,1.9365490206460834
TSLA,decoupled,9416042,2021-03-31,2021-04-01,open,688.369995,671.1972947480673
TSLA,decoupled,9416042,2021-03-31,2021-04-01,close,661.75,671.6667187483305
TSLA,decoupled,9416042,2021-03-31,2021-04-01,volatility,0.911685415077651,0.7024315899396242
TSLA,decoupled,9416042,2021-03-31,2021-04-01,sharpe,1.2764498890076512,1.9368422111667711
TSLA,decoupled,9416042,2021-04-01,2021-04-05,open,707.710022,665.0271210726405
TSLA,decoupled,9416042,2021-04-01,2021-04-05,close,691.049988,665.487308075102
TSLA,decoupled,9416042,2021-04-01,2021-04-05,volatility,0.9075791724780875,0.7040632286996956
TSLA,decoupled,9416042,2021-04-01,2021-04-05,sharpe,2.4216906019687294,1.9303861014532488
TSLA,decoupled,9416042,2021-04-05,2021-04-06,open,690.299988,693.4175176853815
TSLA,decoupled,9416042,2021-04-05,2021-04-06,close,691.619995,693.6058253065777
TSLA,decoupled,9416042,2021-04-05,2021-04-06,volatility,0.8731286543181602,0.6170384797978721
TSLA,decoupled,9416042,2021-04-05,2021-04-06,sharpe,3.372624920721298,1.2706672499558742
TSLA,decoupled,9416042,2021-04-06,2021-04-07,open,687.0,693.9988572423908
TSLA,decoupled,9416042,2021-04-06,2021-04-07,close,670.969971,694.1808245440391
TSLA,decoupled,9416042,2021-04-06,2021-04-07,volatility,0.5465344958927829,0.6178627441674772
TSLA,decoupled,9416042,2021-04-06,2021-04-07,sharpe,0.17151480545551026,1.2706245842690018
TSLA,decoupled,9416042,2021-04-07,2021-04-08,open,677.380005,673.385140999355
TSLA,decoupled,9416042,2021-04-07,2021-04-08,close,683.799988,673.5611336012705
TSLA,decoupled,9416042,2021-04-07,2021-04-08,volatility,0.5494490977092413,0.6185738078165954
TSLA,decoupled,9416042,2021-04-07,2021-04-08,sharpe,0.7970318814827706,1.272949346056761
TSLA,decoupled,9416042,2021-04-08,2021-04-09,open,677.77002,686.2235861759261
TSLA,decoupled,9416042,2021-04-08,2021-04-09,close,677.02002,686.385006200451
TSLA,decoupled,9416042,2021-04-08,2021-04-09,volatility,0.523550477566446,0.6197066541996488
TSLA,decoupled,9416042,2021-04-08,2021-04-09,sharpe,-0.538371306450802,1.272835028071324
TSLA,decoupled,9416042,2021-04-09,2021-04-12,open,685.700012,679.4755861352509
TSLA,decoupled,9416042,2021-04-09,2021-04-12,close,701.97998,679.6415594079681
TSLA,decoupled,9416042,2021-04-09,2021-04-12,volatility,0.5396139167547938,0.6203191806628888
TSLA,decoupled,9416042,2021-04-09,2021-04-12,sharpe,0.5344281771482213,1.2780394424432862
TSLA,decoupled,9416042,2021-04-12,2021-04-13,open,712.700012,704.5044126148799
TSLA,decoupled,9416042,2021-04-12,2021-04-13,close,762.320007,704.6885622166561
TSLA,decoupled,9416042,2021-04-12,2021-04-13,volatility,0.6154543044311345,0.620260055406877
TSLA,decoupled,9416042,2021-04-12,2021-04-13,sharpe,1.808988441342025,1.271572763281078
TSLA,decoupled,9416042,2021-04-13,2021-04-14,open,770.700012,764.8738086392473
TSLA,decoupled,9416042,2021-04-13,2021-04-14,close,732.22998,765.1087368272358
TSLA,decoupled,9416042,2021-04-13,2021-04-14,volatility,0.6110556727388721,0.618806952127901
TSLA,decoupled,9416042,2021-04-13,2021-04-14,sharpe,1.9127822800356225,1.2974768753237482
TSLA,decoupled,9416042,2021-04-14,2021-04-15,open,743.099976,734.6609371167566
TSLA,decoupled,9416042,2021-04-14,2021-04-15,close,738.849976,734.885655846202
TSLA,decoupled,9416042,2021-04-14,2021-04-15,volatility,0.599490239807876,0.616425806110389
TSLA,decoupled,9416042,2021-04-14,2021-04-15,sharpe,1.3656003336957114,1.3022069929309572
TSLA,decoupled,9416042,2021-04-15,2021-04-16,open,728.650024,741.3440282658227
TSLA,decoupled,9416042,2021-04-15,2021-04-16,close,739.780029,741.5712514891654
TSLA,decoupled,9416042,2021-04-15,2021-04-16,volatility,0.5350602216383167,0.6157694509899907
TSLA,decoupled,9416042,2021-04-15,2021-04-16,sharpe,3.1921018793597438,1.3190803394247776
TSLA,decoupled,9416042,2021-04-16,2021-04-19,open,719.599976,742.2907331647068
TSLA,decoupled,9416042,2021-04-16,2021-04-19,close,714.630005,742.506576440955
TSLA,decoupled,9416042,2021-04-16,2021-04-19,volatility,0.554275611324528,0.615226856042203
TSLA,decoupled,9416042,2021-04-16,2021-04-19,sharpe,2.2491004358720845,1.33498732735639
TSLA,decoupled,9416042,2021-04-19,2021-04-20,open,717.419983,717.0974492567315
TSLA,decoupled,9416042,2021-04-19,2021-04-20,close,718.98999,717.3389400349309
TSLA,decoupled,9416042,2021-04-19,2021-04-20,volatility,0.5501589678241564,0.6155163577937509
TSLA,decoupled,9416042,2021-04-19,2021-04-20,sharpe,1.8765237034060083,1.3443700478114522
TSLA,decoupled,9416042,2021-04-20,2021-04-21,open,704.77002,721.4285264020727
TSLA,decoupled,9416042,2021-04-20,2021-04-21,close,744.119995,721.6718655667805
TSLA,decoupled,9416042,2021-04-20,2021-04-21,volatility,0.5572684928769751,0.6144811652511175
TSLA,decoupled,9416042,2021-04-20,2021-04-21,sharpe,2.907428905721843,1.3469279756534238
TSLA,decoupled,9416042,2021-04-21,2021-04-22,open,741.5,746.5972710700494
TSLA,decoupled,9416042,2021-04-21,2021-04-22,close,719.690002,746.8273621105177
TSLA,decoupled,9416042,2021-04-21,2021-04-22,volatility,0.5397319785616552,0.6143294801134955
TSLA,decoupled,9416042,2021-04-21,2021-04-22,sharpe,3.3597671001066693,1.3572477423667357
TSLA,decoupled,9416042,2021-04-22,2021-04-23,open,719.799988,722.1945647684054
TSLA,decoupled,9416042,2021-04-22,2021-04-23,close,729.400024,722.4091340475824
TSLA,decoupled,9416042,2021-04-22,2021-04-23,volatility,0.5392501145028054,0.6149134009063095
TSLA,decoupled,9416042,2021-04-22,2021-04-23,sharpe,3.3028442405130933,1.3591241739458746
TSLA,decoupled,9416042,2021-04-23,2021-04-26,open,741.0,731.8913032445971
TSLA,decoupled,9416042,2021-04-23,2021-04-26,close,738.200012,732.1062403584326
TSLA,decoupled,9416042,2021-04-23,2021-04-26,volatility,0.5172164764182983,0.6156405414427697
TSLA,decoupled,9416042,2021-04-23,2021-04-26,sharpe,4.5621887535527375,1.3608372560493192
TSLA,decoupled,9416042,2021-04-26,2021-04-27,open,717.960022,740.6684855903458
TSLA,decoupled,9416042,2021-04-26,2021-04-27,close,704.73999,740.9109990260173
TSLA,decoupled,9416042,2021-04-26,2021-04-27,volatility,0.5480848579793158,0.6173580741847009
TSLA,decoupled,9416042,2021-04-26,2021-04-27,sharpe,3.5389303665878185,1.3522083059317986
TSLA,decoupled,9416042,2021-04-27,2021-04-28,open,696.409973,707.2514851449113
TSLA,decoupled,9416042,2021-04-27,2021-04-28,close,694.400024,707.4721249534095
TSLA,decoupled,9416042,2021-04-27,2021-04-28,volatility,0.5398107979516756,0.6164761273566659
TSLA,decoupled,9416042,2021-04-27,2021-04-28,sharpe,2.3216887246466587,1.366982684203501
TSLA,decoupled,9416042,2021-04-28,2021-04-29,open,699.51001,696.9327407200568
TSLA,decoupled,9416042,2021-04-28,2021-04-29,close,677.0,697.1477125942365
TSLA,decoupled,9416042,2021-04-28,2021-04-29,volatility,0.5211956150217707,0.615718275843104
TSLA,decoupled,9416042,2021-04-28,2021-04-29,sharpe,0.5699587331496858,1.3787118397862188
TSLA,decoupled,9416042,2021-04-29,2021-04-30,open,667.590027,679.4894610494754
TSLA,decoupled,9416042,2021-04-29,2021-04-30,close,709.440002,679.723835820822
TSLA,decoupled,9416042,2021-04-29,2021-04-30,volatility,0.5449838592750478,0.6156580611276936
TSLA,decoupled,9416042,2021-04-29,2021-04-30,sharpe,1.8668419535683378,1.3902049869094917
TSLA,decoupled,9416042,2021-04-30,2021-05-03,open,703.799988,711.867484806832
TSLA,decoupled,9416042,2021-04-30,2021-05-03,close,684.900024,712.132817755846
TSLA,decoupled,9416042,2021-04-30,2021-05-03,volatility,0.5396268025715287,0.6151634318382938
TSLA,decoupled,9416042,2021-04-30,2021-05-03,sharpe,0.04386846776296402,1.3888880650352995
TSLA,decoupled,9416042,2021-05-03,2021-05-04,open,678.940002,687.2843365903619
TSLA,decoupled,9416042,2021-05-03,2021-05-04,close,673.599976,687.5541497038299
TSLA,decoupled,9416042,2021-05-03,2021-05-04,volatility,0.5428099043640578,0.6127910751080923
TSLA,decoupled,9416042,2021-05-03,2021-05-04,sharpe,-0.35851528149928785,1.3970715569578198
TSLA,decoupled,9416042,2021-05-04,2021-05-05,open,681.059998,676.0277501276661
TSLA,decoupled,9416042,2021-05-04,2021-05-05,close,670.940002,676.2867740873506
TSLA,decoupled,9416042,2021-05-04,2021-05-05,volatility,0.5320820525574935,0.6135074388299606
TSLA,decoupled,9416042,2021-05-04,2021-05-05,sharpe,0.2477859229237877,1.3967243690020488
TSLA,decoupled,9416042,2021-05-05,2021-05-06,open,680.76001,673.3820338989673
TSLA,decoupled,9416042,2021-05-05,2021-05-06,close,663.539978,673.6467732710153
TSLA,decoupled,9416042,2021-05-05,2021-05-06,volatility,0.5288580342573024,0.6138536219150856
TSLA,decoupled,9416042,2021-05-05,2021-05-06,sharpe,-0.4690471055055525,1.4000572371788653
TSLA,decoupled,9416042,2021-05-06,2021-05-07,open,665.799988,665.9486005194664
TSLA,decoupled,9416042,2021-05-06,2021-05-07,close,672.369995,666.2209932546992
TSLA,decoupled,9416042,2021-05-06,2021-05-07,volatility,0.5300796254292396,0.6137592364528616
TSLA,decoupled,9416042,2021-05-06,2021-05-07,sharpe,0.08403466806459194,1.3975523675678967
TSLA,decoupled,9416042,2021-05-07,2021-05-10,open,664.900024,674.7604775890727
TSLA,decoupled,9416042,2021-05-07,2021-05-10,close,629.039978,675.0311606985582
TSLA,decoupled,9416042,2021-05-07,2021-05-10,volatility,0.558307517764802,0.6139104946401787
TSLA,decoupled,9416042,2021-05-07,2021-05-10,sharpe,-2.2066240113704954,1.3930664303351754
TSLA,decoupled,9416042,2021-05-10,2021-05-11,open,599.23999,631.4324373333515
TSLA,decoupled,9416042,2021-05-10,2021-05-11,close,617.200012,631.7132185511954
TSLA,decoupled,9416042,2021-05-10,2021-05-11,volatility,0.44445649554922,0.6138563750084308
TSLA,decoupled,9416042,2021-05-10,2021-05-11,sharpe,-5.742277430632972,1.40113175518184
TSLA,decoupled,9416042,2021-05-11,2021-05-12,open,602.48999,619.6208025493166
TSLA,decoupled,9416042,2021-05-11,2021-05-12,close,589.890015,619.8822779249198
TSLA,decoupled,9416042,2021-05-11,2021-05-12,volatility,0.4489399302584709,0.6131193557252614
TSLA,decoupled,9416042,2021-05-11,2021-05-12,sharpe,-5.818990545822302,1.4059035910075108
TSLA,decoupled,9416042,2021-05-12,2021-05-13,open,601.539978,592.2536480485261
TSLA,decoupled,9416042,2021-05-12,2021-05-13,close,571.690002,592.5365291434963
TSLA,decoupled,9416042,2021-05-12,2021-05-13,volatility,0.4484001025726377,0.613222574642069
TSLA,decoupled,9416042,2021-05-12,2021-05-13,sharpe,-6.947016438478933,1.4085720765696639
TSLA,decoupled,9416042,2021-05-13,2021-05-14,open,583.409973,573.9761112199363
TSLA,decoupled,9416042,2021-05-13,2021-05-14,close,589.73999,574.2507347307045
TSLA,decoupled,9416042,2021-05-13,2021-05-14,volatility,0.4728569649903271,0.6109070170248388
TSLA,decoupled,9416042,2021-05-13,2021-05-14,sharpe,-5.779936727458113,1.4164115930464933
TSLA,decoupled,9416042,2021-05-14,2021-05-17,open,575.549988,592.0208166021425
TSLA,decoupled,9416042,2021-05-14,2021-05-17,close,576.830017,592.3018379187075
TSLA,decoupled,9416042,2021-05-14,2021-05-17,volatility,0.4669110896193771,0.6111597716053198
TSLA,decoupled,9416042,2021-05-14,2021-05-17,sharpe,-5.526859370710294,1.4134058679468824
TSLA,decoupled,9416042,2021-05-17,2021-05-18,open,568.0,579.0871028962923
TSLA,decoupled,9416042,2021-05-17,2021-05-18,close,577.869995,579.3620376617547
TSLA,decoupled,9416042,2021-05-17,2021-05-18,volatility,0.465161916155287,0.6109051031096792
TSLA,decoupled,9416042,2021-05-17,2021-05-18,sharpe,-5.664066935959278,1.4169504064883423
TSLA,decoupled,9416042,2021-05-18,2021-05-19,open,552.549988,580.0804370761299
TSLA,decoupled,9416042,2021-05-18,2021-05-19,close,563.460022,580.3533425460892
TSLA,decoupled,9416042,2021-05-18,2021-05-19,volatility,0.4352384881643704,0.6113234849635995
TSLA,decoupled,9416042,2021-05-18,2021-05-19,sharpe,-7.787223091445908,1.405667227247412
TSLA,decoupled,9416042,2021-05-19,2021-05-20,open,575.0,565.6365370283346
TSLA,decoupled,9416042,2021-05-19,2021-05-20,close,586.780029,565.9156685131877
TSLA,decoupled,9416042,2021-05-19,2021-05-20,volatility,0.46976686138308094,0.611585661895636
TSLA,decoupled,9416042,2021-05-19,2021-05-20,sharpe,-5.224195713488156,1.401999428987389
TSLA,decoupled,9416042,2021-05-20,2021-05-21,open,596.109985,588.9026549707461
TSLA,decoupled,9416042,2021-05-20,2021-05-21,close,580.880005,589.1783730270296
TSLA,decoupled,9416042,2021-05-20,2021-05-21,volatility,0.4616891787473611,0.6117378475956843
TSLA,decoupled,9416042,2021-05-20,2021-05-21,sharpe,-5.95821750274209,1.4025743646623983
TSLA,decoupled,9416042,2021-05-21,2021-05-24,open,581.599976,582.9833430597075
TSLA,decoupled,9416042,2021-05-21,2021-05-24,close,606.440002,583.2562611917531
TSLA,decoupled,9416042,2021-05-21,2021-05-24,volatility,0.49545723934107727,0.61152132490142
TSLA,decoupled,9416042,2021-05-21,2021-05-24,sharpe,-4.739928710353714,1.4368441194295585
TSLA,decoupled,9416042,2021-05-24,2021-05-25,open,607.309998,608.4441504358396
TSLA,decoupled,9416042,2021-05-24,2021-05-25,close,604.690002,608.6950349131105
TSLA,decoupled,9416042,2021-05-24,2021-05-25,volatility,0.4771124517847452,0.6101099008056535
TSLA,decoupled,9416042,2021-05-24,2021-05-25,sharpe,-3.8013634727177794,1.431381016573069
TSLA,decoupled,9416042,2021-05-25,2021-05-26,open,607.559998,606.6181128731785
TSLA,decoupled,9416042,2021-05-25,2021-05-26,close,619.130005,606.8651977826125
TSLA,decoupled,9416042,2021-05-25,2021-05-26,volatility,0.4885887949573571,0.6074921654295482
TSLA,decoupled,9416042,2021-05-25,2021-05-26,sharpe,-2.717872712931198,1.4228654665809624
TSLA,decoupled,9416042,2021-05-26,2021-05-27,open,620.23999,621.1048638626088
TSLA,decoupled,9416042,2021-05-26,2021-05-27,close,630.849976,621.3642109092208
TSLA,decoupled,9416042,2021-05-26,2021-05-27,volatility,0.48990754250955154,0.6081405409959728
TSLA,decoupled,9416042,2021-05-26,2021-05-27,sharpe,-1.5792391657113802,1.4265488536571813
TSLA,decoupled,9416042,2021-05-27,2021-05-28,open,628.5,632.7525495122925
TSLA,decoupled,9416042,2021-05-27,2021-05-28,close,625.219971,632.9898219317678
TSLA,decoupled,9416042,2021-05-27,2021-05-28,volatility,0.45148734061504864,0.6054630914668835
TSLA,decoupled,9416042,2021-05-27,2021-05-28,sharpe,-3.2999537858733805,1.4217259729708804
TSLA,decoupled,9416042,2021-05-28,2021-06-01,open,627.799988,627.1345349247129
TSLA,decoupled,9416042,2021-05-28,2021-06-01,close,623.900024,627.3611124804729
TSLA,decoupled,9416042,2021-05-28,2021-06-01,volatility,0.43866227831843907,0.6053780252992449
TSLA,decoupled,9416042,2021-05-28,2021-06-01,sharpe,-2.4635037454983637,1.4021828233416482
TSLA,decoupled,9416042,2021-06-01,2021-06-02,open,620.130005,625.8682813559473
TSLA,decoupled,9416042,2021-06-01,2021-06-02,close,605.119995,626.120700316273
TSLA,decoupled,9416042,2021-06-01,2021-06-02,volatility,0.4462752578403487,0.6062274355695643
TSLA,decoupled,9416042,2021-06-01,2021-06-02,sharpe,-2.8055192295972353,1.4063124236267572
TSLA,decoupled,9416042,2021-06-02,2021-06-03,open,601.799988,607.0461559657281
TSLA,decoupled,9416042,2021-06-02,2021-06-03,close,572.840027,607.2837490270877
TSLA,decoupled,9416042,2021-06-02,2021-06-03,volatility,0.478089046300764,0.6051179536738841
TSLA,decoupled,9416042,2021-06-02,2021-06-03,sharpe,-3.9206534679464644,1.4120200917667765
TSLA,decoupled,9416042,2021-06-03,2021-06-04,open,579.710022,574.7194385638329
TSLA,decoupled,9416042,2021-06-03,2021-06-04,close,599.049988,574.9401749485043
TSLA,decoupled,9416042,2021-06-03,2021-06-04,volatility,0.5136022579198802,0.6042547337695661
TSLA,decoupled,9416042,2021-06-03,2021-06-04,sharpe,-2.2565052196479143,1.4214577949980511
TSLA,decoupled,9416042,2021-06-04,2021-06-07,open,591.830017,600.8967568878004
TSLA,decoupled,9416042,2021-06-04,2021-06-07,close,605.130005,601.0761259646332
TSLA,decoupled,9416042,2021-06-04,2021-06-07,volatility,0.5122625427765141,0.6032376350864045
TSLA,decoupled,9416042,2021-06-04,2021-06-07,sharpe,-2.340083358747454,1.4252325239507457
TSLA,decoupled,9416042,2021-06-07,2021-06-08,open,623.01001,606.9928222228834
TSLA,decoupled,9416042,2021-06-07,2021-06-08,close,603.590027,607.144668749827
TSLA,decoupled,9416042,2021-06-07,2021-06-08,volatility,0.46117971442098393,0.6013087913884131
TSLA,decoupled,9416042,2021-06-07,2021-06-08,sharpe,-0.9081311921497079,1.4327221729127053
TSLA,decoupled,9416042,2021-06-08,2021-06-09,open,602.169983,605.4093677664213
TSLA,decoupled,9416042,2021-06-08,2021-06-09,close,598.780029,605.5128132017555
TSLA,decoupled,9416042,2021-06-08,2021-06-09,volatility,0.4574172168400468,0.5990745162757749
TSLA,decoupled,9416042,2021-06-08,2021-06-09,sharpe,-0.6166364740212829,1.408162740607824
TSLA,decoupled,9416042,2021-06-09,2021-06-10,open,603.880005,600.675744996413
TSLA,decoupled,9416042,2021-06-09,2021-06-10,close,610.119995,600.8591097459332
TSLA,decoupled,9416042,2021-06-09,2021-06-10,volatility,0.4327215021539598,0.5982387242479384
TSLA,decoupled,9416042,2021-06-09,2021-06-10,sharpe,1.1880431338047654,1.4290235671251383
TSLA,decoupled,9416042,2021-06-10,2021-06-11,open,610.22998,612.0690195310301
TSLA,decoupled,9416042,2021-06-10,2021-06-11,close,609.890015,612.2408737035685
TSLA,decoupled,9416042,2021-06-10,2021-06-11,volatility,0.415161567130297,0.5962536997787964
TSLA,decoupled,9416042,2021-06-10,2021-06-11,sharpe,2.163237450444685,1.4282700188505053
TSLA,decoupled,9416042,2021-06-11,2021-06-14,open,612.22998,611.8947259498866
TSLA,decoupled,9416042,2021-06-11,2021-06-14,close,617.690002,612.0756536390377
TSLA,decoupled,9416042,2021-06-11,2021-06-14,volatility,0.4035452775397628,0.5962966450904962
TSLA,decoupled,9416042,2021-06-11,2021-06-14,sharpe,1.6390139987874057,1.4332184687096208
TSLA,decoupled,9416042,2021-06-14,2021-06-15,open,616.690002,619.6674145986974
TSLA,decoupled,9416042,2021-06-14,2021-06-15,close,599.359985,619.8551627841131
TSLA,decoupled,9416042,2021-06-14,2021-06-15,volatility,0.4106998503166295,0.5960374273657452
TSLA,decoupled,9416042,2021-06-14,2021-06-15,sharpe,1.3716490806649488,1.4290376459135545
TSLA,decoupled,9416042,2021-06-15,2021-06-16,open,597.539978,601.3651345201607
TSLA,decoupled,9416042,2021-06-15,2021-06-16,close,604.869995,601.5857650443091
TSLA,decoupled,9416042,2021-06-15,2021-06-16,volatility,0.4114337493183301,0.5955300484568966
TSLA,decoupled,9416042,2021-06-15,2021-06-16,sharpe,1.5955255452293968,1.4513013030423685
TSLA,decoupled,9416042,2021-06-16,2021-06-17,open,601.890015,606.8458899054301
TSLA,decoupled,9416042,2021-06-16,2021-06-17,close,616.599976,607.0527981091268
TSLA,decoupled,9416042,2021-06-16,2021-06-17,volatility,0.4020597229796194,0.5945159531482934
TSLA,decoupled,9416042,2021-06-16,2021-06-17,sharpe,3.021932868027401,1.4435174355304776
TSLA,decoupled,9416042,2021-06-17,2021-06-18,open,613.369995,618.5879252318759
TSLA,decoupled,9416042,2021-06-17,2021-06-18,close,623.309998,618.8228124108787
TSLA,decoupled,9416042,2021-06-17,2021-06-18,volatility,0.37919465650066647,0.5944621721323046
TSLA,decoupled,9416042,2021-06-17,2021-06-18,sharpe,2.190527293644463,1.4471532863400252
TSLA,decoupled,9416042,2021-06-18,2021-06-21,open,624.47998,625.2242638946715
TSLA,decoupled,9416042,2021-06-18,2021-06-21,close,620.830017,625.4477035949855
TSLA,decoupled,9416042,2021-06-18,2021-06-21,volatility,0.3769640118519713,0.5928731219872895
TSLA,decoupled,9416042,2021-06-18,2021-06-21,sharpe,2.4065857372874326,1.4376362178251547
TSLA,decoupled,9416042,2021-06-21,2021-06-22,open,618.25,622.73789396394
TSLA,decoupled,9416042,2021-06-21,2021-06-22,close,623.710022,622.9656483057842
TSLA,decoupled,9416042,2021-06-21,2021-06-22,volatility,0.3455990107362553,0.5932315982967098
TSLA,decoupled,9416042,2021-06-21,2021-06-22,sharpe,1.1898743636381457,1.4211200225096123
TSLA,decoupled,9416042,2021-06-22,2021-06-23,open,632.0,625.6665530744166
TSLA,decoupled,9416042,2021-06-22,2021-06-23,close,656.570007,625.8930198648144
TSLA,decoupled,9416042,2021-06-22,2021-06-23,volatility,0.38947296422462835,0.593048569117741
TSLA,decoupled,9416042,2021-06-22,2021-06-23,sharpe,2.853616701959557,1.4266290627798304
TSLA,decoupled,9416042,2021-06-23,2021-06-24,open,674.98999,658.5320378586505
TSLA,decoupled,9416042,2021-06-23,2021-06-24,close,679.820007,658.7544553713059
TSLA,decoupled,9416042,2021-06-23,2021-06-24,volatility,0.39914916556045,0.5927524422752554
TSLA,decoupled,9416042,2021-06-23,2021-06-24,sharpe,3.1484491824964986,1.4272820609693706
TSLA,decoupled,9416042,2021-06-24,2021-06-25,open,689.580017,681.7600122380026
TSLA,decoupled,9416042,2021-06-24,2021-06-25,close,671.869995,681.9762620863474
TSLA,decoupled,9416042,2021-06-24,2021-06-25,volatility,0.3997628938746561,0.5912526836336547
TSLA,decoupled,9416042,2021-06-24,2021-06-25,sharpe,2.1783864514665026,1.4257157476444315
TSLA,decoupled,9416042,2021-06-25,2021-06-28,open,671.640015,673.802172358908
TSLA,decoupled,9416042,2021-06-25,2021-06-28,close,688.719971,674.0216575214279
TSLA,decoupled,9416042,2021-06-25,2021-06-28,volatility,0.4039954252639457,0.591274369764657
TSLA,decoupled,9416042,2021-06-25,2021-06-28,sharpe,3.2160875141669534,1.4199530819240058
TSLA,decoupled,9416042,2021-06-28,2021-06-29,open,684.650024,690.6456753865297
TSLA,decoupled,9416042,2021-06-28,2021-06-29,close,680.76001,690.8617441663122
TSLA,decoupled,9416042,2021-06-28,2021-06-29,volatility,0.4076243915011467,0.5901890473672626
TSLA,decoupled,9416042,2021-06-28,2021-06-29,sharpe,2.895458354467653,1.42192920494499
TSLA,decoupled,9416042,2021-06-29,2021-06-30,open,679.77002,682.6826468664243
TSLA,decoupled,9416042,2021-06-29,2021-06-30,close,679.700012,682.8936079435027
TSLA,decoupled,9416042,2021-06-29,2021-06-30,volatility,0.38740919000834223,0.5910297566848172
TSLA,decoupled,9416042,2021-06-29,2021-06-30,sharpe,3.9749008752674406,1.3943533589124892
TSLA,decoupled,9416042,2021-06-30,2021-07-01,open,683.919983,681.6298485518655
TSLA,decoupled,9416042,2021-06-30,2021-07-01,close,677.919983,681.8473410662493
TSLA,decoupled,9416042,2021-06-30,2021-07-01,volatility,0.32016486056600774,0.5914364636562631
TSLA,decoupled,9416042,2021-06-30,2021-07-01,sharpe,6.80605418248709,1.369961258411466
TSLA,decoupled,9416042,2021-07-01,2021-07-02,open,678.97998,679.8819397042563
TSLA,decoupled,9416042,2021-07-01,2021-07-02,close,678.900024,680.1106852869179
TSLA,decoupled,9416042,2021-07-01,2021-07-02,volatility,0.2891861516668456,0.5921611897151371
TSLA,decoupled,9416042,2021-07-01,2021-07-02,sharpe,5.604587343520107,1.3711416560093441
TSLA,decoupled,9416042,2021-07-02,2021-07-06,open,681.710022,679.7815981158531
TSLA,decoupled,9416042,2021-07-02,2021-07-06,close,659.580017,679.9420491596142
TSLA,decoupled,9416042,2021-07-02,2021-07-06,volatility,0.31400912877706205,0.5659266565887113
TSLA,decoupled,9416042,2021-07-02,2021-07-06,sharpe,3.612372098237032,1.300428109591997
TSLA,decoupled,9416042,2021-07-06,2021-07-07,open,664.27002,660.5200620140665
TSLA,decoupled,9416042,2021-07-06,2021-07-07,close,644.650024,660.6976730363842
TSLA,decoupled,9416042,2021-07-06,2021-07-07,volatility,0.32778450893665373,0.5652296490590002
TSLA,decoupled,9416042,2021-07-06,2021-07-07,sharpe,2.6882739786720875,1.3021293542367272
TSLA,decoupled,9416042,2021-07-07,2021-07-08,open,628.369995,645.5938077630659
TSLA,decoupled,9416042,2021-07-07,2021-07-08,close,652.809998,645.7799092921158
TSLA,decoupled,9416042,2021-07-07,2021-07-08,volatility,0.32638946555722226,0.5653510023061519
TSLA,decoupled,9416042,2021-07-07,2021-07-08,sharpe,3.496051622337514,1.3082229981655868
TSLA,decoupled,9416042,2021-07-08,2021-07-09,open,653.179993,653.7297124609854
TSLA,decoupled,9416042,2021-07-08,2021-07-09,close,656.950012,653.9015329327812
TSLA,decoupled,9416042,2021-07-08,2021-07-09,volatility,0.3220470079063948,0.5646751939971659
TSLA,decoupled,9416042,2021-07-08,2021-07-09,sharpe,3.0503530649878554,1.3138998999863776
TSLA,decoupled,9416042,2021-07-09,2021-07-12,open,662.200012,657.8990961987358
TSLA,decoupled,9416042,2021-07-09,2021-07-12,close,685.700012,658.0761443499296
TSLA,decoupled,9416042,2021-07-09,2021-07-12,volatility,0.35108039993764706,0.5651572159780919
TSLA,decoupled,9416042,2021-07-09,2021-07-12,sharpe,4.382239417228871,1.3136783730022614
TSLA,decoupled,9416042,2021-07-12,2021-07-13,open,686.320007,686.6412301479882
TSLA,decoupled,9416042,2021-07-12,2021-07-13,close,668.539978,686.8068690123135
TSLA,decoupled,9416042,2021-07-12,2021-07-13,volatility,0.3668382639190762,0.5660193778733558
TSLA,decoupled,9416042,2021-07-12,2021-07-13,sharpe,2.8951522863245707,1.3094051440264982
TSLA,decoupled,9416042,2021-07-13,2021-07-14,open,670.75,669.4961233381225
TSLA,decoupled,9416042,2021-07-13,2021-07-14,close,653.380005,669.6612161734972
TSLA,decoupled,9416042,2021-07-13,2021-07-14,volatility,0.3590205655773483,0.5670893311753101
TSLA,decoupled,9416042,2021-07-13,2021-07-14,sharpe,3.2038230530540486,1.3042058673624068
TSLA,decoupled,9416042,2021-07-14,2021-07-15,open,658.390015,654.3938052937966
TSLA,decoupled,9416042,2021-07-14,2021-07-15,close,650.599976,654.5920102712251
TSLA,decoupled,9416042,2021-07-14,2021-07-15,volatility,0.3598934234267255,0.5667778790498152
TSLA,decoupled,9416042,2021-07-14,2021-07-15,sharpe,2.7252334066881145,1.2876579196393214
TSLA,decoupled,9416042,2021-07-15,2021-07-16,open,654.679993,651.5931916589436
TSLA,decoupled,9416042,2021-07-15,2021-07-16,close,644.219971,651.790199153044
TSLA,decoupled,9416042,2021-07-15,2021-07-16,volatility,0.35813400565561365,0.5641544754850938
TSLA,decoupled,9416042,2021-07-15,2021-07-16,sharpe,1.711335290632602,1.305455503734591
TSLA,decoupled,9416042,2021-07-16,2021-07-19,open,629.890015,645.2432346774197
TSLA,decoupled,9416042,2021-07-16,2021-07-19,close,646.219971,645.439212384932
TSLA,decoupled,9416042,2021-07-16,2021-07-19,volatility,0.35676151521700766,0.5637862510945468
TSLA,decoupled,9416042,2021-07-16,2021-07-19,sharpe,1.4432261170021816,1.3054066557072013
TSLA,decoupled,9416042,2021-07-19,2021-07-20,open,651.98999,647.2385488880739
TSLA,decoupled,9416042,2021-07-19,2021-07-20,close,660.5,647.4343645613598
TSLA,decoupled,9416042,2021-07-19,2021-07-20,volatility,0.362878945540016,0.5635373265477797
TSLA,decoupled,9416042,2021-07-19,2021-07-20,sharpe,2.3243332039586524,1.315756066031984
TSLA,decoupled,9416042,2021-07-20,2021-07-21,open,659.609985,661.4835443239315
TSLA,decoupled,9416042,2021-07-20,2021-07-21,close,655.289978,661.6739452507063
TSLA,decoupled,9416042,2021-07-20,2021-07-21,volatility,0.3650055878879606,0.5619274149225837
TSLA,decoupled,9416042,2021-07-20,2021-07-21,sharpe,1.8783601115574147,1.3290280396766438
TSLA,decoupled,9416042,2021-07-21,2021-07-22,open,656.440002,656.2670334383237
TSLA,decoupled,9416042,2021-07-21,2021-07-22,close,649.26001,656.4519981949352
TSLA,decoupled,9416042,2021-07-21,2021-07-22,volatility,0.3153797040575439,0.5624111143316162
TSLA,decoupled,9416042,2021-07-21,2021-07-22,sharpe,-0.2985622615499876,1.315377552814916
TSLA,decoupled,9416042,2021-07-22,2021-07-23,open,646.359985,650.2584468706955
TSLA,decoupled,9416042,2021-07-22,2021-07-23,close,643.380005,650.4695785416063
TSLA,decoupled,9416042,2021-07-22,2021-07-23,volatility,0.2866507581300239,0.5619215728453852
TSLA,decoupled,9416042,2021-07-22,2021-07-23,sharpe,-2.2831073442268113,1.3187269759200326
TSLA,decoupled,9416042,2021-07-23,2021-07-26,open,650.969971,644.3461641866678
TSLA,decoupled,9416042,2021-07-23,2021-07-26,close,657.619995,644.5469104286935
TSLA,decoupled,9416042,2021-07-23,2021-07-26,volatility,0.29736110994804016,0.5606509065941381
TSLA,decoupled,9416042,2021-07-23,2021-07-26,sharpe,-0.7675160380200721,1.3296597603013889
TSLA,decoupled,9416042,2021-07-26,2021-07-27,open,663.400024,658.6031719218719
TSLA,decoupled,9416042,2021-07-26,2021-07-27,close,644.780029,658.8101627084653
TSLA,decoupled,9416042,2021-07-26,2021-07-27,volatility,0.2876574257700144,0.5607212718110876
TSLA,decoupled,9416042,2021-07-26,2021-07-27,sharpe,-2.747161377307358,1.3268830036236539
TSLA,decoupled,9416042,2021-07-27,2021-07-28,open,647.0,645.7648461031264
TSLA,decoupled,9416042,2021-07-27,2021-07-28,close,646.97998,645.9666667369507
TSLA,decoupled,9416042,2021-07-27,2021-07-28,volatility,0.2867509974857442,0.5607310327073969
TSLA,decoupled,9416042,2021-07-27,2021-07-28,sharpe,-2.098074512015574,1.3358225171095806
TSLA,decoupled,9416042,2021-07-28,2021-07-29,open,649.789978,647.9082847405078
TSLA,decoupled,9416042,2021-07-28,2021-07-29,close,677.349976,648.0970683256302
TSLA,decoupled,9416042,2021-07-28,2021-07-29,volatility,0.3360513862081847,0.5599536243132717
TSLA,decoupled,9416042,2021-07-28,2021-07-29,sharpe,0.028129539486841174,1.3453383252278217
TSLA,decoupled,9416042,2021-07-29,2021-07-30,open,671.76001,678.2495481672723
TSLA,decoupled,9416042,2021-07-29,2021-07-30,close,687.200012,678.4300608820438
TSLA,decoupled,9416042,2021-07-29,2021-07-30,volatility,0.33975279560433036,0.5601228927158615
TSLA,decoupled,9416042,2021-07-29,2021-07-30,sharpe,0.6642472302287025,1.3451756164602604
TSLA,decoupled,9416042,2021-07-30,2021-08-02,open,700.0,688.0885604644802
TSLA,decoupled,9416042,2021-07-30,2021-08-02,close,709.669983,688.260764758448
TSLA,decoupled,9416042,2021-07-30,2021-08-02,volatility,0.3580424887995208,0.5596969199706314
TSLA,decoupled,9416042,2021-07-30,2021-08-02,sharpe,1.730123183776711,1.3402889553724224
TSLA,decoupled,9416042,2021-08-02,2021-08-03,open,719.0,710.5787668394595
TSLA,decoupled,9416042,2021-08-02,2021-08-03,close,709.73999,710.7799665201865
TSLA,decoupled,9416042,2021-08-02,2021-08-03,volatility,0.33919107539293963,0.5593205687301203
TSLA,decoupled,9416042,2021-08-02,2021-08-03,sharpe,2.887071702720313,1.3507488342132525
TSLA,decoupled,9416042,2021-08-03,2021-08-04,open,711.0,710.6128939742451
TSLA,decoupled,9416042,2021-08-03,2021-08-04,close,710.919983,710.8076918123196
TSLA,decoupled,9416042,2021-08-03,2021-08-04,volatility,0.3246465555631376,0.5587481102373155
TSLA,decoupled,9416042,2021-08-03,2021-08-04,sharpe,3.95946284992679,1.3504496400454906
TSLA,decoupled,9416042,2021-08-04,2021-08-05,open,716.0,711.7719375811687
TSLA,decoupled,9416042,2021-08-04,2021-08-05,close,714.630005,711.9677921321089
TSLA,decoupled,9416042,2021-08-04,2021-08-05,volatility,0.3234214175632749,0.5584193921707935
TSLA,decoupled,9416042,2021-08-04,2021-08-05,sharpe,3.6846351360230276,1.3496743250986845
TSLA,decoupled,9416042,2021-08-05,2021-08-06,open,711.900024,715.4770879939575
TSLA,decoupled,9416042,2021-08-05,2021-08-06,close,699.099976,715.6661649578305
TSLA,decoupled,9416042,2021-08-05,2021-08-06,volatility,0.3366460560919966,0.5586573049804651
TSLA,decoupled,9416042,2021-08-05,2021-08-06,sharpe,2.489157498213201,1.3495014986539524
TSLA,decoupled,9416042,2021-08-06,2021-08-09,open,710.169983,699.9577780174237
TSLA,decoupled,9416042,2021-08-06,2021-08-09,close,713.76001,700.1445882752006
TSLA,decoupled,9416042,2021-08-06,2021-08-09,volatility,0.30891325607994213,0.5583436620760207
TSLA,decoupled,9416042,2021-08-06,2021-08-09,sharpe,1.782939254074431,1.3575377071019838
TSLA,decoupled,9416042,2021-08-09,2021-08-10,open,713.98999,714.6337881723468
TSLA,decoupled,9416042,2021-08-09,2021-08-10,close,709.98999,714.8311332793897
TSLA,decoupled,9416042,2021-08-09,2021-08-10,volatility,0.2934072524980678,0.5588782266002648
TSLA,decoupled,9416042,2021-08-09,2021-08-10,sharpe,2.7250302021051205,1.3690038523572816
TSLA,decoupled,9416042,2021-08-10,2021-08-11,open,712.710022,710.8280050005908
TSLA,decoupled,9416042,2021-08-10,2021-08-11,close,707.820007,711.0188779243831
TSLA,decoupled,9416042,2021-08-10,2021-08-11,volatility,0.27836146303716697,0.557107043277159
TSLA,decoupled,9416042,2021-08-10,2021-08-11,sharpe,3.7604133019161208,1.3786633580391876
TSLA,decoupled,9416042,2021-08-11,2021-08-12,open,706.340027,708.618973999154
TSLA,decoupled,9416042,2021-08-11,2021-08-12,close,722.25,708.8151974383277
TSLA,decoupled,9416042,2021-08-11,2021-08-12,volatility,0.2822047698605508,0.5563308857238201
TSLA,decoupled,9416042,2021-08-11,2021-08-12,sharpe,4.80939931623748,1.3709057396845632
TSLA,decoupled,9416042,2021-08-12,2021-08-13,open,723.710022,723.0083524792083
TSLA,decoupled,9416042,2021-08-12,2021-08-13,close,717.169983,723.2031622552686
TSLA,decoupled,9416042,2021-08-12,2021-08-13,volatility,0.28039081081066497,0.554667802519766
TSLA,decoupled,9416042,2021-08-12,2021-08-13,sharpe,4.965112679700198,1.368157477689472
TSLA,decoupled,9416042,2021-08-13,2021-08-16,open,705.070007,717.9398168391567
TSLA,decoupled,9416042,2021-08-13,2021-08-16,close,686.169983,718.1399457078567
TSLA,decoupled,9416042,2021-08-13,2021-08-16,volatility,0.3296036181306709,0.5529529359532179
TSLA,decoupled,9416042,2021-08-13,2021-08-16,sharpe,2.4526858881113007,1.373926308784031
TSLA,decoupled,9416042,2021-08-16,2021-08-17,open,672.659973,686.9705071274864
TSLA,decoupled,9416042,2021-08-16,2021-08-17,close,665.710022,687.185383285376
TSLA,decoupled,9416042,2021-08-16,2021-08-17,volatility,0.34144486295651666,0.5538364995174265
TSLA,decoupled,9416042,2021-08-16,2021-08-17,sharpe,0.45184444228404763,1.374531688051011
TSLA,decoupled,9416042,2021-08-17,2021-08-18,open,669.75,666.4928029783397
TSLA,decoupled,9416042,2021-08-17,2021-08-18,close,688.98999,666.7161736228868
TSLA,decoupled,9416042,2021-08-17,2021-08-18,volatility,0.3606451000264444,0.5528787892927353
TSLA,decoupled,9416042,2021-08-17,2021-08-18,sharpe,1.9251402586735116,1.3680067154503484
TSLA,decoupled,9416042,2021-08-18,2021-08-19,open,678.210022,689.7894792023793
TSLA,decoupled,9416042,2021-08-18,2021-08-19,close,673.469971,690.0269647844759
TSLA,decoupled,9416042,2021-08-18,2021-08-19,volatility,0.3694965285572088,0.5530329680726603
TSLA,decoupled,9416042,2021-08-18,2021-08-19,sharpe,1.4246761767774072,1.3652753998270781
TSLA,decoupled,9416042,2021-08-19,2021-08-20,open,682.849976,674.2157833084606
TSLA,decoupled,9416042,2021-08-19,2021-08-20,close,680.26001,674.4498120836397
TSLA,decoupled,9416042,2021-08-19,2021-08-20,volatility,0.36808237118417025,0.5516583446605726
TSLA,decoupled,9416042,2021-08-19,2021-08-20,sharpe,2.0852935480534174,1.3408522710602613
TSLA,decoupled,9416042,2021-08-20,2021-08-23,open,685.440002,681.0380699074561
TSLA,decoupled,9416042,2021-08-20,2021-08-23,close,706.299988,681.2865398902953
TSLA,decoupled,9416042,2021-08-20,2021-08-23,volatility,0.3833335781311192,0.5524978901975732
TSLA,decoupled,9416042,2021-08-20,2021-08-23,sharpe,2.53305193709199,1.346321273788635
TSLA,decoupled,9416042,2021-08-23,2021-08-24,open,710.679993,707.080253960816
TSLA,decoupled,9416042,2021-08-23,2021-08-24,close,708.48999,707.3228780729353
TSLA,decoupled,9416042,2021-08-23,2021-08-24,volatility,0.37331471845379566,0.5524475528937917
TSLA,decoupled,9416042,2021-08-23,2021-08-24,sharpe,3.364683971669406,1.3378086200879475
TSLA,decoupled,9416042,2021-08-24,2021-08-25,open,707.030029,709.3156860004129
TSLA,decoupled,9416042,2021-08-24,2021-08-25,close,711.200012,709.5880428007218
TSLA,decoupled,9416042,2021-08-24,2021-08-25,volatility,0.37329451721167184,0.5522834758419797
TSLA,decoupled,9416042,2021-08-24,2021-08-25,sharpe,3.3788105446047445,1.3340903294813167
TSLA,decoupled,9416042,2021-08-25,2021-08-26,open,708.309998,712.0324956395071
TSLA,decoupled,9416042,2021-08-25,2021-08-26,close,701.159973,712.3037185082654
TSLA,decoupled,9416042,2021-08-25,2021-08-26,volatility,0.3440948026058063,0.5522856449300484
TSLA,decoupled,9416042,2021-08-25,2021-08-26,sharpe,1.429716535942371,1.331542444690367
TSLA,decoupled,9416042,2021-08-26,2021-08-27,open,705.0,702.0170860701868
TSLA,decoupled,9416042,2021-08-26,2021-08-27,close,711.919983,702.2975960898337
TSLA,decoupled,9416042,2021-08-26,2021-08-27,volatility,0.34449656126713646,0.5527501768308468
TSLA,decoupled,9416042,2021-08-26,2021-08-27,sharpe,1.4574553510301318,1.329371155772415
TSLA,decoupled,9416042,2021-08-27,2021-08-30,open,714.719971,712.7986375913966
TSLA,decoupled,9416042,2021-08-27,2021-08-30,close,730.909973,713.0931177463533
TSLA,decoupled,9416042,2021-08-27,2021-08-30,volatility,0.3379776116220924,0.5532205508088438
TSLA,decoupled,9416042,2021-08-27,2021-08-30,sharpe,1.2610062535787976,1.3343791994887002
TSLA,decoupled,9416042,2021-08-30,2021-08-31,open,733.0,731.7859667070503
TSLA,decoupled,9416042,2021-08-30,2021-08-31,close,735.719971,732.0781140081505
TSLA,decoupled,9416042,2021-08-30,2021-08-31,volatility,0.33835552116080164,0.5532207677176507
TSLA,decoupled,9416042,2021-08-30,2021-08-31,sharpe,1.5009876202528678,1.3374803707831213
TSLA,decoupled,9416042,2021-08-31,2021-09-01,open,734.080017,736.607750563991
TSLA,decoupled,9416042,2021-08-31,2021-09-01,close,734.090027,736.8976581635945
TSLA,decoupled,9416042,2021-08-31,2021-09-01,volatility,0.3386890013419352,0.5536375290688822
TSLA,decoupled,9416042,2021-08-31,2021-09-01,sharpe,1.3552388797096588,1.3353996984956893
TSLA,decoupled,9416042,2021-09-01,2021-09-02,open,734.5,734.9699457097488
TSLA,decoupled,9416042,2021-09-01,2021-09-02,close,732.390015,735.2530748572217
TSLA,decoupled,9416042,2021-09-01,2021-09-02,volatility,0.3387426017023759,0.5534487750251417
TSLA,decoupled,9416042,2021-09-01,2021-09-02,sharpe,1.0747708941232053,1.338198932345448
TSLA,decoupled,9416042,2021-09-02,2021-09-03,open,732.25,733.2354414938521
TSLA,decoupled,9416042,2021-09-02,2021-09-03,close,733.570007,733.4996616794659
TSLA,decoupled,9416042,2021-09-02,2021-09-03,volatility,0.32750785605679034,0.5515407800872476
TSLA,decoupled,9416042,2021-09-02,2021-09-03,sharpe,2.0096890125598295,1.337635174193593
TSLA,decoupled,9416042,2021-09-03,2021-09-07,open,740.0,734.4420510893253
TSLA,decoupled,9416042,2021-09-03,2021-09-07,close,752.919983,734.7264743905632
TSLA,decoupled,9416042,2021-09-03,2021-09-07,volatility,0.3320593402507868,0.5522373899508127
TSLA,decoupled,9416042,2021-09-03,2021-09-07,sharpe,2.1873473303390734,1.3376217232875
TSLA,decoupled,9416042,2021-09-07,2021-09-08,open,761.580017,753.803049789283
TSLA,decoupled,9416042,2021-09-07,2021-09-08,close,753.869995,754.1035538469044
TSLA,decoupled,9416042,2021-09-07,2021-09-08,volatility,0.3307352399776845,0.5520381085996453
TSLA,decoupled,9416042,2021-09-07,2021-09-08,sharpe,2.445398773552745,1.3267534796573084
TSLA,decoupled,9416042,2021-09-08,2021-09-09,open,753.409973,754.7839684163441
TSLA,decoupled,9416042,2021-09-08,2021-09-09,close,754.859985,755.0788765951991
TSLA,decoupled,9416042,2021-09-08,2021-09-09,volatility,0.3300001706589054,0.5518641477365334
TSLA,decoupled,9416042,2021-09-08,2021-09-09,sharpe,2.6176838069694472,1.3280414629108976
TSLA,decoupled,9416042,2021-09-09,2021-09-10,open,759.599976,755.7726179914104
TSLA,decoupled,9416042,2021-09-09,2021-09-10,close,736.27002,756.0670342412976
TSLA,decoupled,9416042,2021-09-09,2021-09-10,volatility,0.3379070491449088,0.5522231679633754
TSLA,decoupled,9416042,2021-09-09,2021-09-10,sharpe,0.8779490403865428,1.318911276931585
TSLA,decoupled,9416042,2021-09-10,2021-09-13,open,740.210022,737.210432507293
TSLA,decoupled,9416042,2021-09-10,2021-09-13,close,743.0,737.5134872378266
TSLA,decoupled,9416042,2021-09-10,2021-09-13,volatility,0.33757163059683726,0.5526175804772057
TSLA,decoupled,9416042,2021-09-10,2021-09-13,sharpe,1.4825315621166724,1.3228026889589588
TSLA,decoupled,9416042,2021-09-13,2021-09-14,open,742.570007,743.9429308068202
TSLA,decoupled,9416042,2021-09-13,2021-09-14,close,744.48999,744.2443455574573
TSLA,decoupled,9416042,2021-09-13,2021-09-14,volatility,0.29238169921910345,0.5532994333116098
TSLA,decoupled,9416042,2021-09-13,2021-09-14,sharpe,3.660861869328073,1.316518520024719
TSLA,decoupled,9416042,2021-09-14,2021-09-15,open,745.0,745.449807170717
TSLA,decoupled,9416042,2021-09-14,2021-09-15,close,755.830017,745.7574625047627
TSLA,decoupled,9416042,2021-09-14,2021-09-15,volatility,0.2652367019681842,0.5537330484771354
TSLA,decoupled,9416042,2021-09-14,2021-09-15,sharpe,6.175591671646455,1.3152643410219682
TSLA,decoupled,9416042,2021-09-15,2021-09-16,open,752.830017,756.7738065065721
TSLA,decoupled,9416042,2021-09-15,2021-09-16,close,756.98999,757.0706924840501
TSLA,decoupled,9416042,2021-09-15,2021-09-16,volatility,0.2432810775403781,0.5534708201902134
TSLA,decoupled,9416042,2021-09-15,2021-09-16,sharpe,5.001240275547283,1.318753818737016
TSLA,decoupled,9416042,2021-09-16,2021-09-17,open,757.150024,757.937077281933
TSLA,decoupled,9416042,2021-09-16,2021-09-17,close,759.48999,758.2360070922714
TSLA,decoupled,9416042,2021-09-16,2021-09-17,volatility,0.22102069832288726,0.5542546563153157
TSLA,decoupled,9416042,2021-09-16,2021-09-17,sharpe,6.977372753022954,1.3120274512649748
TSLA,decoupled,9416042,2021-09-17,2021-09-20,open,734.559998,760.4448885414555
TSLA,decoupled,9416042,2021-09-17,2021-09-20,close,730.169983,760.7504793196852
TSLA,decoupled,9416042,2021-09-17,2021-09-20,volatility,0.271293097952773,0.5549713591646908
TSLA,decoupled,9416042,2021-09-17,2021-09-20,sharpe,3.42318763307622,1.3065159424934434
TSLA,decoupled,9416042,2021-09-20,2021-09-21,open,734.789978,731.1238622058651
TSLA,decoupled,9416042,2021-09-20,2021-09-21,close,739.380005,731.4342792160045
TSLA,decoupled,9416042,2021-09-20,2021-09-21,volatility,0.24155242164750076,0.5554424417114567
TSLA,decoupled,9416042,2021-09-20,2021-09-21,sharpe,2.505860295191382,1.3023926203263727
TSLA,decoupled,9416042,2021-09-21,2021-09-22,open,743.530029,740.3355987791991
TSLA,decoupled,9416042,2021-09-21,2021-09-22,close,751.940002,740.6413893323074
TSLA,decoupled,9416042,2021-09-21,2021-09-22,volatility,0.2470519676292499,0.5555291980039123
TSLA,decoupled,9416042,2021-09-21,2021-09-22,sharpe,3.15831096551914,1.3017557376214386
TSLA,decoupled,9416042,2021-09-22,2021-09-23,open,755.0,752.881501670956
TSLA,decoupled,9416042,2021-09-22,2021-09-23,close,753.640015,753.180536935024
TSLA,decoupled,9416042,2021-09-22,2021-09-23,volatility,0.24705316344678424,0.5564248361583702
TSLA,decoupled,9416042,2021-09-22,2021-09-23,sharpe,3.078518044792564,1.289803899615546
TSLA,decoupled,9416042,2021-09-23,2021-09-24,open,745.890015,754.6128768583377
TSLA,decoupled,9416042,2021-09-23,2021-09-24,close,774.390015,754.9362765061071
TSLA,decoupled,9416042,2021-09-23,2021-09-24,volatility,0.25290624433958436,0.5566420197163983
TSLA,decoupled,9416042,2021-09-23,2021-09-24,sharpe,5.082312702071382,1.286794760836497
TSLA,decoupled,9416042,2021-09-24,2021-09-27,open,773.119995,775.4086485909668
TSLA,decoupled,9416042,2021-09-24,2021-09-27,close,791.359985,775.7458357582196
TSLA,decoupled,9416042,2021-09-24,2021-09-27,volatility,0.2574686572228511,0.5559244492317956
TSLA,decoupled,9416042,2021-09-24,2021-09-27,sharpe,5.313676087820217,1.2973213927485727
TSLA,decoupled,9416042,2021-09-27,2021-09-28,open,787.200012,792.3824065700189
TSLA,decoupled,9416042,2021-09-27,2021-09-28,close,777.559998,792.7038941164597
TSLA,decoupled,9416042,2021-09-27,2021-09-28,volatility,0.2568046336124907,0.555405986571315
TSLA,decoupled,9416042,2021-09-27,2021-09-28,sharpe,3.163049072234622,1.3016053588511292
TSLA,decoupled,9416042,2021-09-28,2021-09-29,open,779.799988,778.61739287293
TSLA,decoupled,9416042,2021-09-28,2021-09-29,close,781.309998,778.9597429372101
TSLA,decoupled,9416042,2021-09-28,2021-09-29,volatility,0.25657550199270635,0.555343842198146
TSLA,decoupled,9416042,2021-09-28,2021-09-29,sharpe,3.0795385557389245,1.3087593235484367
TSLA,decoupled,9416042,2021-09-29,2021-09-30,open,781.0,782.3664960654708
TSLA,decoupled,9416042,2021-09-29,2021-09-30,close,775.47998,782.7079448635591
TSLA,decoupled,9416042,2021-09-29,2021-09-30,volatility,0.2586937832958642,0.5554476041410603
TSLA,decoupled,9416042,2021-09-29,2021-09-30,sharpe,2.7987893065462477,1.31223803463909
TSLA,decoupled,9416042,2021-09-30,2021-10-01,open,778.400024,776.5303543027535
TSLA,decoupled,9416042,2021-09-30,2021-10-01,close,775.219971,776.8725733317725
TSLA,decoupled,9416042,2021-09-30,2021-10-01,volatility,0.2582620582879162,0.5555381274164619
TSLA,decoupled,9416042,2021-09-30,2021-10-01,sharpe,2.9000928787614932,1.311862117210917
TSLA,decoupled,9416042,2021-10-01,2021-10-04,open,796.5,776.2501292814399
TSLA,decoupled,9416042,2021-10-01,2021-10-04,close,781.530029,776.6407652973636
TSLA,decoupled,9416042,2021-10-01,2021-10-04,volatility,0.25884479977001307,0.5273084586130486
TSLA,decoupled,9416042,2021-10-01,2021-10-04,sharpe,3.211359298813713,1.465503501526324
TSLA,decoupled,9416042,2021-10-04,2021-10-05,open,784.799988,782.5503103132563
TSLA,decoupled,9416042,2021-10-04,2021-10-05,close,780.590027,782.9405406652012
TSLA,decoupled,9416042,2021-10-04,2021-10-05,volatility,0.24433640935612774,0.5272216098033982
TSLA,decoupled,9416042,2021-10-04,2021-10-05,sharpe,1.9797631933482513,1.4707067829599643
TSLA,decoupled,9416042,2021-10-05,2021-10-06,open,776.200012,781.5690466889042
TSLA,decoupled,9416042,2021-10-05,2021-10-06,close,782.75,781.9461430172872
TSLA,decoupled,9416042,2021-10-05,2021-10-06,volatility,0.2443410871212193,0.5257053548972238
TSLA,decoupled,9416042,2021-10-05,2021-10-06,sharpe,2.057351177041405,1.4850078346205966
TSLA,decoupled,9416042,2021-10-06,2021-10-07,open,785.460022,783.7136056020178
TSLA,decoupled,9416042,2021-10-06,2021-10-07,close,793.609985,784.0919329302136
TSLA,decoupled,9416042,2021-10-06,2021-10-07,volatility,0.24791822667477129,0.525765218207801
TSLA,decoupled,9416042,2021-10-06,2021-10-07,sharpe,2.6660531355989754,1.4867205368120935
TSLA,decoupled,9416042,2021-10-07,2021-10-08,open,796.210022,794.5808334681885
TSLA,decoupled,9416042,2021-10-07,2021-10-08,close,785.48999,794.95469423787
TSLA,decoupled,9416042,2021-10-07,2021-10-08,volatility,0.23166566020755372,0.5251870897751282
TSLA,decoupled,9416042,2021-10-07,2021-10-08,sharpe,3.6360337789441037,1.4767484342112485
TSLA,decoupled,9416042,2021-10-08,2021-10-11,open,787.650024,786.461515280987
TSLA,decoupled,9416042,2021-10-08,2021-10-11,close,791.940002,786.840479225816
TSLA,decoupled,9416042,2021-10-08,2021-10-11,volatility,0.2313805255681312,0.5263957961158003
TSLA,decoupled,9416042,2021-10-08,2021-10-11,sharpe,3.589914750542199,1.463413978084452
TSLA,decoupled,9416042,2021-10-11,2021-10-12,open,800.929993,792.938121854465
TSLA,decoupled,9416042,2021-10-11,2021-10-12,close,805.719971,793.3341024171465
TSLA,decoupled,9416042,2021-10-11,2021-10-12,volatility,0.23663486201370515,0.526506802688717
TSLA,decoupled,9416042,2021-10-11,2021-10-12,sharpe,4.329928725713583,1.4699556427082707
TSLA,decoupled,9416042,2021-10-12,2021-10-13,open,810.469971,806.6881968871716
TSLA,decoupled,9416042,2021-10-12,2021-10-13,close,811.080017,807.0743385792595
TSLA,decoupled,9416042,2021-10-12,2021-10-13,volatility,0.2332001924787938,0.5256936922812679
TSLA,decoupled,9416042,2021-10-12,2021-10-13,sharpe,3.9301470333028674,1.4800557091620345
TSLA,decoupled,9416042,2021-10-13,2021-10-14,open,815.48999,812.0219540772708
TSLA,decoupled,9416042,2021-10-13,2021-10-14,close,818.320007,812.3993411884051
TSLA,decoupled,9416042,2021-10-13,2021-10-14,volatility,0.23379169329142058,0.5250020883895931
TSLA,decoupled,9416042,2021-10-13,2021-10-14,sharpe,4.318570521939245,1.4898749708989913
