symbol,variant,seed,feature_end,target_date,target,actual,predicted
SYNTHETIC,persistence,,2017-03-16,2017-03-17,open,62.14574869322754,62.297058910834934
SYNTHETIC,persistence,,2017-03-16,2017-03-17,close,61.13461383615121,62.297058910834934
SYNTHETIC,persistence,,2017-03-16,2017-03-17,volatility,0.1410760593356886,0.13387435877827436
SYNTHETIC,persistence,,2017-03-16,2017-03-17,sharpe,-1.0618686379435445,-0.6750221117765626
SYNTHETIC,persistence,,2017-03-17,2017-03-20,open,60.860472767474135,61.13461383615121
SYNTHETIC,persistence,,2017-03-17,2017-03-20,close,61.67406672432166,61.13461383615121
SYNTHETIC,persistence,,2017-03-17,2017-03-20,volatility,0.1440932956408077,0.1410760593356886
SYNTHETIC,persistence,,2017-03-17,2017-03-20,sharpe,-0.6331670365419388,-1.0618686379435445
SYNTHETIC,persistence,,2017-03-20,2017-03-21,open,61.78272517710395,61.67406672432166
SYNTHETIC,persistence,,2017-03-20,2017-03-21,close,62.68088389663312,61.67406672432166
SYNTHETIC,persistence,,2017-03-20,2017-03-21,volatility,0.1539925925536921,0.1440932956408077
SYNTHETIC,persistence,,2017-03-20,2017-03-21,sharpe,1.2297003566534872,-0.6331670365419388
SYNTHETIC,persistence,,2017-03-21,2017-03-22,open,62.628642849637124,62.68088389663312
SYNTHETIC,persistence,,2017-03-21,2017-03-22,close,62.90049087641083,62.68088389663312
SYNTHETIC,persistence,,2017-03-21,2017-03-22,volatility,0.14826135006958246,0.1539925925536921
SYNTHETIC,persistence,,2017-03-21,2017-03-22,sharpe,2.4736502800298408,1.2297003566534872
SYNTHETIC,persistence,,2017-03-22,2017-03-23,open,62.59532750248797,62.90049087641083
SYNTHETIC,persistence,,2017-03-22,2017-03-23,close,63.46605058088946,62.90049087641083
SYNTHETIC,persistence,,2017-03-22,2017-03-23,volatility,0.15006535777760927,0.14826135006958246
SYNTHETIC,persistence,,2017-03-22,2017-03-23,sharpe,2.7453575575882097,2.4736502800298408
SYNTHETIC,persistence,,2017-03-23,2017-03-24,open,63.635729286122896,63.46605058088946
SYNTHETIC,persistence,,2017-03-23,2017-03-24,close,62.81728809096633,63.46605058088946
SYNTHETIC,persistence,,2017-03-23,2017-03-24,volatility,0.15454431497156695,0.15006535777760927
SYNTHETIC,persistence,,2017-03-23,2017-03-24,sharpe,1.3019171085877912,2.7453575575882097
SYNTHETIC,persistence,,2017-03-24,2017-03-27,open,62.80298439091001,62.81728809096633
SYNTHETIC,persistence,,2017-03-24,2017-03-27,close,62.0066788327715,62.81728809096633
SYNTHETIC,persistence,,2017-03-24,2017-03-27,volatility,0.16062203521632068,0.15454431497156695
SYNTHETIC,persistence,,2017-03-24,2017-03-27,sharpe,-0.22006875029224,1.3019171085877912
SYNTHETIC,persistence,,2017-03-27,2017-03-28,open,62.13677974721369,62.0066788327715
SYNTHETIC,persistence,,2017-03-27,2017-03-28,close,62.30196687279867,62.0066788327715
SYNTHETIC,persistence,,2017-03-27,2017-03-28,volatility,0.15928401272883191,0.16062203521632068
SYNTHETIC,persistence,,2017-03-27,2017-03-28,sharpe,-0.42593820900769885,-0.22006875029224
SYNTHETIC,persistence,,2017-03-28,2017-03-29,open,62.559838588582174,62.30196687279867
SYNTHETIC,persistence,,2017-03-28,2017-03-29,close,62.374512173732064,62.30196687279867
SYNTHETIC,persistence,,2017-03-28,2017-03-29,volatility,0.15891927025540878,0.15928401272883191
SYNTHETIC,persistence,,2017-03-28,2017-03-29,sharpe,-0.5718576897972618,-0.42593820900769885
SYNTHETIC,persistence,,2017-03-29,2017-03-30,open,62.24105462291542,62.374512173732064
SYNTHETIC,persistence,,2017-03-29,2017-03-30,close,61.66556845498005,62.374512173732064
SYNTHETIC,persistence,,2017-03-29,2017-03-30,volatility,0.16196342481796588,0.15891927025540878
SYNTHETIC,persistence,,2017-03-29,2017-03-30,sharpe,-0.8862391481359831,-0.5718576897972618
SYNTHETIC,persistence,,2017-03-30,2017-03-31,open,61.793060081177195,61.66556845498005
SYNTHETIC,persistence,,2017-03-30,2017-03-31,close,61.824534893967666,61.66556845498005
SYNTHETIC,persistence,,2017-03-30,2017-03-31,volatility,0.16230191244487793,0.16196342481796588
SYNTHETIC,persistence,,2017-03-30,2017-03-31,sharpe,-0.5701035650693733,-0.8862391481359831
SYNTHETIC,persistence,,2017-03-31,2017-04-03,open,62.105344809506484,61.824534893967666
SYNTHETIC,persistence,,2017-03-31,2017-04-03,close,62.22245804545226,61.824534893967666
SYNTHETIC,persistence,,2017-03-31,2017-04-03,volatility,0.15795185769096753,0.16230191244487793
SYNTHETIC,persistence,,2017-03-31,2017-04-03,sharpe,0.8817234187604266,-0.5701035650693733
SYNTHETIC,persistence,,2017-04-03,2017-04-04,open,62.04069323810967,62.22245804545226
SYNTHETIC,persistence,,2017-04-03,2017-04-04,close,61.65912532926912,62.22245804545226
SYNTHETIC,persistence,,2017-04-03,2017-04-04,volatility,0.15448485027083345,0.15795185769096753
SYNTHETIC,persistence,,2017-04-03,2017-04-04,sharpe,-0.8811188618567111,0.8817234187604266
SYNTHETIC,persistence,,2017-04-04,2017-04-05,open,61.90820414301495,61.65912532926912
SYNTHETIC,persistence,,2017-04-04,2017-04-05,close,61.73067899895814,61.65912532926912
SYNTHETIC,persistence,,2017-04-04,2017-04-05,volatility,0.14646124269916913,0.15448485027083345
SYNTHETIC,persistence,,2017-04-04,2017-04-05,sharpe,-1.931403775721595,-0.8811188618567111
SYNTHETIC,persistence,,2017-04-05,2017-04-06,open,61.48206461527924,61.73067899895814
SYNTHETIC,persistence,,2017-04-05,2017-04-06,close,60.96743873766739,61.73067899895814
SYNTHETIC,persistence,,2017-04-05,2017-04-06,volatility,0.14854494567131532,0.14646124269916913
SYNTHETIC,persistence,,2017-04-05,2017-04-06,sharpe,-3.5245636273021437,-1.931403775721595
SYNTHETIC,persistence,,2017-04-06,2017-04-07,open,60.72156009727457,60.96743873766739
SYNTHETIC,persistence,,2017-04-06,2017-04-07,close,60.43841499708744,60.96743873766739
SYNTHETIC,persistence,,2017-04-06,2017-04-07,volatility,0.14538145778938452,0.14854494567131532
SYNTHETIC,persistence,,2017-04-06,2017-04-07,sharpe,-3.2525393892244194,-3.5245636273021437
SYNTHETIC,persistence,,2017-04-07,2017-04-10,open,60.15406010770085,60.43841499708744
SYNTHETIC,persistence,,2017-04-07,2017-04-10,close,59.1056311469176,60.43841499708744
SYNTHETIC,persistence,,2017-04-07,2017-04-10,volatility,0.1602433497131388,0.14538145778938452
SYNTHETIC,persistence,,2017-04-07,2017-04-10,sharpe,-3.945828226567272,-3.2525393892244194
SYNTHETIC,persistence,,2017-04-10,2017-04-11,open,58.96187540011791,59.1056311469176
SYNTHETIC,persistence,,2017-04-10,2017-04-11,close,59.9807934690439,59.1056311469176
SYNTHETIC,persistence,,2017-04-10,2017-04-11,volatility,0.17098199421169888,0.1602433497131388
SYNTHETIC,persistence,,2017-04-10,2017-04-11,sharpe,-2.782552039025076,-3.945828226567272
SYNTHETIC,persistence,,2017-04-11,2017-04-12,open,60.046030232985636,59.9807934690439
SYNTHETIC,persistence,,2017-04-11,2017-04-12,close,61.1513381219161,59.9807934690439
SYNTHETIC,persistence,,2017-04-11,2017-04-12,volatility,0.18713729088869197,0.17098199421169888
SYNTHETIC,persistence,,2017-04-11,2017-04-12,sharpe,-1.1880168529454327,-2.782552039025076
SYNTHETIC,persistence,,2017-04-12,2017-04-13,open,60.9599105398329,61.1513381219161
SYNTHETIC,persistence,,2017-04-12,2017-04-13,close,60.21231019866447,61.1513381219161
SYNTHETIC,persistence,,2017-04-12,2017-04-13,volatility,0.19403039535615063,0.18713729088869197
SYNTHETIC,persistence,,2017-04-12,2017-04-13,sharpe,-2.1161704560834154,-1.1880168529454327
SYNTHETIC,persistence,,2017-04-13,2017-04-14,open,60.09042814891499,60.21231019866447
SYNTHETIC,persistence,,2017-04-13,2017-04-14,close,59.77443076638834,60.21231019866447
SYNTHETIC,persistence,,2017-04-13,2017-04-14,volatility,0.18476304079673786,0.19403039535615063
SYNTHETIC,persistence,,2017-04-13,2017-04-14,sharpe,-1.4457409061051967,-2.1161704560834154
SYNTHETIC,persistence,,2017-04-14,2017-04-17,open,59.10590656015541,59.77443076638834
SYNTHETIC,persistence,,2017-04-14,2017-04-17,close,58.58674235797592,59.77443076638834
SYNTHETIC,persistence,,2017-04-14,2017-04-17,volatility,0.1923230012777236,0.18476304079673786
SYNTHETIC,persistence,,2017-04-14,2017-04-17,sharpe,-3.268760754165303,-1.4457409061051967
SYNTHETIC,persistence,,2017-04-17,2017-04-18,open,58.36057280275027,58.58674235797592
SYNTHETIC,persistence,,2017-04-17,2017-04-18,close,57.6941084221859,58.58674235797592
SYNTHETIC,persistence,,2017-04-17,2017-04-18,volatility,0.18380238512307356,0.1923230012777236
SYNTHETIC,persistence,,2017-04-17,2017-04-18,sharpe,-5.5838524313137645,-3.268760754165303
SYNTHETIC,persistence,,2017-04-18,2017-04-19,open,57.76591581742588,57.6941084221859
SYNTHETIC,persistence,,2017-04-18,2017-04-19,close,57.6770798895428,57.6941084221859
SYNTHETIC,persistence,,2017-04-18,2017-04-19,volatility,0.18221334984541931,0.18380238512307356
SYNTHETIC,persistence,,2017-04-18,2017-04-19,sharpe,-5.895228404550771,-5.5838524313137645
SYNTHETIC,persistence,,2017-04-19,2017-04-20,open,57.65836802312869,57.6770798895428
SYNTHETIC,persistence,,2017-04-19,2017-04-20,close,57.24504241243176,57.6770798895428
SYNTHETIC,persistence,,2017-04-19,2017-04-20,volatility,0.17558427050054995,0.18221334984541931
SYNTHETIC,persistence,,2017-04-19,2017-04-20,sharpe,-7.300552002645455,-5.895228404550771
SYNTHETIC,persistence,,2017-04-20,2017-04-21,open,57.10409049692494,57.24504241243176
SYNTHETIC,persistence,,2017-04-20,2017-04-21,close,57.17906704012482,57.24504241243176
SYNTHETIC,persistence,,2017-04-20,2017-04-21,volatility,0.1750165419552037,0.17558427050054995
SYNTHETIC,persistence,,2017-04-20,2017-04-21,sharpe,-6.671278041817694,-7.300552002645455
SYNTHETIC,persistence,,2017-04-21,2017-04-24,open,57.3692224160544,57.17906704012482
SYNTHETIC,persistence,,2017-04-21,2017-04-24,close,57.59328783397311,57.17906704012482
SYNTHETIC,persistence,,2017-04-21,2017-04-24,volatility,0.17698974017522484,0.1750165419552037
SYNTHETIC,persistence,,2017-04-21,2017-04-24,sharpe,-5.16251825915362,-6.671278041817694
SYNTHETIC,persistence,,2017-04-24,2017-04-25,open,57.73927081120945,57.59328783397311
SYNTHETIC,persistence,,2017-04-24,2017-04-25,close,59.160052335914784,57.59328783397311
SYNTHETIC,persistence,,2017-04-24,2017-04-25,volatility,0.2065538793160258,0.17698974017522484
SYNTHETIC,persistence,,2017-04-24,2017-04-25,sharpe,-3.054635312280358,-5.16251825915362
SYNTHETIC,persistence,,2017-04-25,2017-04-26,open,59.292931914460794,59.160052335914784
SYNTHETIC,persistence,,2017-04-25,2017-04-26,close,58.84558906430088,59.160052335914784
SYNTHETIC,persistence,,2017-04-25,2017-04-26,volatility,0.20630814896039945,0.2065538793160258
SYNTHETIC,persistence,,2017-04-25,2017-04-26,sharpe,-3.454023868038524,-3.054635312280358
SYNTHETIC,persistence,,2017-04-26,2017-04-27,open,58.919269811135806,58.84558906430088
SYNTHETIC,persistence,,2017-04-26,2017-04-27,close,60.96714363389763,58.84558906430088
SYNTHETIC,persistence,,2017-04-26,2017-04-27,volatility,0.2452651897277174,0.20630814896039945
SYNTHETIC,persistence,,2017-04-26,2017-04-27,sharpe,-0.469353379146229,-3.454023868038524
SYNTHETIC,persistence,,2017-04-27,2017-04-28,open,60.92039968585204,60.96714363389763
SYNTHETIC,persistence,,2017-04-27,2017-04-28,close,61.906523236629575,60.96714363389763
SYNTHETIC,persistence,,2017-04-27,2017-04-28,volatility,0.2515192310804749,0.2452651897277174
SYNTHETIC,persistence,,2017-04-27,2017-04-28,sharpe,0.18504756846875328,-0.469353379146229
SYNTHETIC,persistence,,2017-04-28,2017-05-01,open,61.76994877744675,61.906523236629575
SYNTHETIC,persistence,,2017-04-28,2017-05-01,close,63.78727624868715,61.906523236629575
SYNTHETIC,persistence,,2017-04-28,2017-05-01,volatility,0.27286727599098265,0.2515192310804749
SYNTHETIC,persistence,,2017-04-28,2017-05-01,sharpe,1.2762246310773426,0.18504756846875328
SYNTHETIC,persistence,,2017-05-01,2017-05-02,open,63.88910248990862,63.78727624868715
SYNTHETIC,persistence,,2017-05-01,2017-05-02,close,63.177185523966564,63.78727624868715
SYNTHETIC,persistence,,2017-05-01,2017-05-02,volatility,0.27313233443478807,0.27286727599098265
SYNTHETIC,persistence,,2017-05-01,2017-05-02,sharpe,1.2514161357139157,1.2762246310773426
SYNTHETIC,persistence,,2017-05-02,2017-05-03,open,63.50457469005281,63.177185523966564
SYNTHETIC,persistence,,2017-05-02,2017-05-03,close,65.28785163391485,63.177185523966564
SYNTHETIC,persistence,,2017-05-02,2017-05-03,volatility,0.2958665812700981,0.27313233443478807
SYNTHETIC,persistence,,2017-05-02,2017-05-03,sharpe,2.5286045459104733,1.2514161357139157
SYNTHETIC,persistence,,2017-05-03,2017-05-04,open,65.21101246561399,65.28785163391485
SYNTHETIC,persistence,,2017-05-03,2017-05-04,close,66.76328801120691,65.28785163391485
SYNTHETIC,persistence,,2017-05-03,2017-05-04,volatility,0.2978576134068155,0.2958665812700981
SYNTHETIC,persistence,,2017-05-03,2017-05-04,sharpe,3.9907091075849337,2.5286045459104733
SYNTHETIC,persistence,,2017-05-04,2017-05-05,open,66.39896478300794,66.76328801120691
SYNTHETIC,persistence,,2017-05-04,2017-05-05,close,67.86895178712845,66.76328801120691
SYNTHETIC,persistence,,2017-05-04,2017-05-05,volatility,0.2962733510277079,0.2978576134068155
SYNTHETIC,persistence,,2017-05-04,2017-05-05,sharpe,5.085382228946306,3.9907091075849337
SYNTHETIC,persistence,,2017-05-05,2017-05-08,open,67.74268502562491,67.86895178712845
SYNTHETIC,persistence,,2017-05-05,2017-05-08,close,68.76715393744648,67.86895178712845
SYNTHETIC,persistence,,2017-05-05,2017-05-08,volatility,0.277901465926641,0.2962733510277079
SYNTHETIC,persistence,,2017-05-05,2017-05-08,sharpe,7.021447387694577,5.085382228946306
SYNTHETIC,persistence,,2017-05-08,2017-05-09,open,68.59864196212297,68.76715393744648
SYNTHETIC,persistence,,2017-05-08,2017-05-09,close,68.73844212777394,68.76715393744648
SYNTHETIC,persistence,,2017-05-08,2017-05-09,volatility,0.27802344622345143,0.277901465926641
SYNTHETIC,persistence,,2017-05-08,2017-05-09,sharpe,6.328403999598374,7.021447387694577
SYNTHETIC,persistence,,2017-05-09,2017-05-10,open,68.62107025823283,68.73844212777394
SYNTHETIC,persistence,,2017-05-09,2017-05-10,close,68.3397784275233,68.73844212777394
SYNTHETIC,persistence,,2017-05-09,2017-05-10,volatility,0.2774083632567106,0.27802344622345143
SYNTHETIC,persistence,,2017-05-09,2017-05-10,sharpe,5.192616090123128,6.328403999598374
SYNTHETIC,persistence,,2017-05-10,2017-05-11,open,68.40824481524946,68.3397784275233
SYNTHETIC,persistence,,2017-05-10,2017-05-11,close,68.05704379806608,68.3397784275233
SYNTHETIC,persistence,,2017-05-10,2017-05-11,volatility,0.2688315919879854,0.2774083632567106
SYNTHETIC,persistence,,2017-05-10,2017-05-11,sharpe,5.884091414226732,5.192616090123128
SYNTHETIC,persistence,,2017-05-11,2017-05-12,open,68.14738016661333,68.05704379806608
SYNTHETIC,persistence,,2017-05-11,2017-05-12,close,67.27541071909953,68.05704379806608
SYNTHETIC,persistence,,2017-05-11,2017-05-12,volatility,0.27204438324935354,0.2688315919879854
SYNTHETIC,persistence,,2017-05-11,2017-05-12,sharpe,5.619485589935247,5.884091414226732
SYNTHETIC,persistence,,2017-05-12,2017-05-15,open,67.27807347801382,67.27541071909953
SYNTHETIC,persistence,,2017-05-12,2017-05-15,close,67.1344823940998,67.27541071909953
SYNTHETIC,persistence,,2017-05-12,2017-05-15,volatility,0.2564376079881213,0.27204438324935354
SYNTHETIC,persistence,,2017-05-12,2017-05-15,sharpe,6.834843137140886,5.619485589935247
SYNTHETIC,persistence,,2017-05-15,2017-05-16,open,67.19268843620321,67.1344823940998
SYNTHETIC,persistence,,2017-05-15,2017-05-16,close,67.8442789784387,67.1344823940998
SYNTHETIC,persistence,,2017-05-15,2017-05-16,volatility,0.24281802211709497,0.2564376079881213
SYNTHETIC,persistence,,2017-05-15,2017-05-16,sharpe,8.55744771036645,6.834843137140886
SYNTHETIC,persistence,,2017-05-16,2017-05-17,open,67.68895026025807,67.8442789784387
SYNTHETIC,persistence,,2017-05-16,2017-05-17,close,67.08162258409236,67.8442789784387
SYNTHETIC,persistence,,2017-05-16,2017-05-17,volatility,0.25089879172014606,0.24281802211709497
SYNTHETIC,persistence,,2017-05-16,2017-05-17,sharpe,7.732127077752926,8.55744771036645
SYNTHETIC,persistence,,2017-05-17,2017-05-18,open,66.81130193112357,67.08162258409236
SYNTHETIC,persistence,,2017-05-17,2017-05-18,close,65.70897147989811,67.08162258409236
SYNTHETIC,persistence,,2017-05-17,2017-05-18,volatility,0.2651354180186175,0.25089879172014606
SYNTHETIC,persistence,,2017-05-17,2017-05-18,sharpe,6.700489096384829,7.732127077752926
SYNTHETIC,persistence,,2017-05-18,2017-05-19,open,65.82055476952429,65.70897147989811
SYNTHETIC,persistence,,2017-05-18,2017-05-19,close,66.8805440116283,65.70897147989811
SYNTHETIC,persistence,,2017-05-18,2017-05-19,volatility,0.2659075276584204,0.2651354180186175
SYNTHETIC,persistence,,2017-05-18,2017-05-19,sharpe,7.580503879341763,6.700489096384829
SYNTHETIC,persistence,,2017-05-19,2017-05-22,open,66.65315379861003,66.8805440116283
SYNTHETIC,persistence,,2017-05-19,2017-05-22,close,65.03060301411351,66.8805440116283
SYNTHETIC,persistence,,2017-05-19,2017-05-22,volatility,0.29454455577565813,0.2659075276584204
SYNTHETIC,persistence,,2017-05-19,2017-05-22,sharpe,5.350343203300052,7.580503879341763
SYNTHETIC,persistence,,2017-05-22,2017-05-23,open,64.94892919314492,65.03060301411351
SYNTHETIC,persistence,,2017-05-22,2017-05-23,close,66.1724857221551,65.03060301411351
SYNTHETIC,persistence,,2017-05-22,2017-05-23,volatility,0.2873475775318095,0.29454455577565813
SYNTHETIC,persistence,,2017-05-22,2017-05-23,sharpe,5.061431879426129,5.350343203300052
SYNTHETIC,persistence,,2017-05-23,2017-05-24,open,66.00357872919457,66.1724857221551
SYNTHETIC,persistence,,2017-05-23,2017-05-24,close,66.5875622342459,66.1724857221551
SYNTHETIC,persistence,,2017-05-23,2017-05-24,volatility,0.2843459604359226,0.2873475775318095
SYNTHETIC,persistence,,2017-05-23,2017-05-24,sharpe,5.628356354742491,5.061431879426129
SYNTHETIC,persistence,,2017-05-24,2017-05-25,open,66.67459410241493,66.5875622342459
SYNTHETIC,persistence,,2017-05-24,2017-05-25,close,64.54971858637897,66.5875622342459
SYNTHETIC,persistence,,2017-05-24,2017-05-25,volatility,0.2903757073031983,0.2843459604359226
SYNTHETIC,persistence,,2017-05-24,2017-05-25,sharpe,2.61910256425512,5.628356354742491
SYNTHETIC,persistence,,2017-05-25,2017-05-26,open,64.55013799734384,64.54971858637897
SYNTHETIC,persistence,,2017-05-25,2017-05-26,close,65.1520431525353,64.54971858637897
SYNTHETIC,persistence,,2017-05-25,2017-05-26,volatility,0.28772578890732414,0.2903757073031983
SYNTHETIC,persistence,,2017-05-25,2017-05-26,sharpe,2.3771111400458467,2.61910256425512
SYNTHETIC,persistence,,2017-05-26,2017-05-29,open,64.9572720664831,65.1520431525353
SYNTHETIC,persistence,,2017-05-26,2017-05-29,close,64.36418216535489,65.1520431525353
SYNTHETIC,persistence,,2017-05-26,2017-05-29,volatility,0.2726638984176322,0.28772578890732414
SYNTHETIC,persistence,,2017-05-26,2017-05-29,sharpe,0.5457050973520534,2.3771111400458467
SYNTHETIC,persistence,,2017-05-29,2017-05-30,open,64.5023610164954,64.36418216535489
SYNTHETIC,persistence,,2017-05-29,2017-05-30,close,64.96268767706059,64.36418216535489
SYNTHETIC,persistence,,2017-05-29,2017-05-30,volatility,0.2715652983893232,0.2726638984176322
SYNTHETIC,persistence,,2017-05-29,2017-05-30,sharpe,1.4231211455695405,0.5457050973520534
SYNTHETIC,persistence,,2017-05-30,2017-05-31,open,64.70003222775243,64.96268767706059
SYNTHETIC,persistence,,2017-05-30,2017-05-31,close,65.97459987296278,64.96268767706059
SYNTHETIC,persistence,,2017-05-30,2017-05-31,volatility,0.2503534792898585,0.2715652983893232
SYNTHETIC,persistence,,2017-05-30,2017-05-31,sharpe,0.6462420885064433,1.4231211455695405
SYNTHETIC,persistence,,2017-05-31,2017-06-01,open,66.0031527595436,65.97459987296278
SYNTHETIC,persistence,,2017-05-31,2017-06-01,close,67.14781894266562,65.97459987296278
SYNTHETIC,persistence,,2017-05-31,2017-06-01,volatility,0.24528365268038604,0.2503534792898585
SYNTHETIC,persistence,,2017-05-31,2017-06-01,sharpe,0.4122031834782254,0.6462420885064433
SYNTHETIC,persistence,,2017-06-01,2017-06-02,open,67.30638456864162,67.14781894266562
SYNTHETIC,persistence,,2017-06-01,2017-06-02,close,67.85250283800886,67.14781894266562
SYNTHETIC,persistence,,2017-06-01,2017-06-02,volatility,0.24088865130249584,0.24528365268038604
SYNTHETIC,persistence,,2017-06-01,2017-06-02,sharpe,0.10241073487964168,0.4122031834782254
SYNTHETIC,persistence,,2017-06-02,2017-06-05,open,67.62304826506683,67.85250283800886
SYNTHETIC,persistence,,2017-06-02,2017-06-05,close,67.97901447708134,67.85250283800886
SYNTHETIC,persistence,,2017-06-02,2017-06-05,volatility,0.2359962444084572,0.24088865130249584
SYNTHETIC,persistence,,2017-06-02,2017-06-05,sharpe,-0.502510258248657,0.10241073487964168
SYNTHETIC,persistence,,2017-06-05,2017-06-06,open,67.83008330832791,67.97901447708134
SYNTHETIC,persistence,,2017-06-05,2017-06-06,close,67.12594673684147,67.97901447708134
SYNTHETIC,persistence,,2017-06-05,2017-06-06,volatility,0.2398572913603607,0.2359962444084572
SYNTHETIC,persistence,,2017-06-05,2017-06-06,sharpe,-1.1317020384334715,-0.502510258248657
SYNTHETIC,persistence,,2017-06-06,2017-06-07,open,66.98566994152763,67.12594673684147
SYNTHETIC,persistence,,2017-06-06,2017-06-07,close,67.36017321996086,67.12594673684147
SYNTHETIC,persistence,,2017-06-06,2017-06-07,volatility,0.23969788536252798,0.2398572913603607
SYNTHETIC,persistence,,2017-06-06,2017-06-07,sharpe,-0.644163386040812,-1.1317020384334715
SYNTHETIC,persistence,,2017-06-07,2017-06-08,open,67.412297050308,67.36017321996086
SYNTHETIC,persistence,,2017-06-07,2017-06-08,close,66.81975175290479,67.36017321996086
SYNTHETIC,persistence,,2017-06-07,2017-06-08,volatility,0.2408497321229481,0.23969788536252798
SYNTHETIC,persistence,,2017-06-07,2017-06-08,sharpe,-0.844360870452939,-0.644163386040812
SYNTHETIC,persistence,,2017-06-08,2017-06-09,open,66.60843041690107,66.81975175290479
SYNTHETIC,persistence,,2017-06-08,2017-06-09,close,66.45302027632191,66.81975175290479
SYNTHETIC,persistence,,2017-06-08,2017-06-09,volatility,0.2382502034214412,0.2408497321229481
SYNTHETIC,persistence,,2017-06-08,2017-06-09,sharpe,-0.5364399456054292,-0.844360870452939
SYNTHETIC,persistence,,2017-06-09,2017-06-12,open,66.27382120418025,66.45302027632191
SYNTHETIC,persistence,,2017-06-09,2017-06-12,close,65.91655641283641,66.45302027632191
SYNTHETIC,persistence,,2017-06-09,2017-06-12,volatility,0.23971900653320152,0.2382502034214412
SYNTHETIC,persistence,,2017-06-09,2017-06-12,sharpe,-0.847367640463747,-0.5364399456054292
SYNTHETIC,persistence,,2017-06-12,2017-06-13,open,65.82698593755693,65.91655641283641
SYNTHETIC,persistence,,2017-06-12,2017-06-13,close,66.01419214650804,65.91655641283641
SYNTHETIC,persistence,,2017-06-12,2017-06-13,volatility,0.23614083045058742,0.23971900653320152
SYNTHETIC,persistence,,2017-06-12,2017-06-13,sharpe,-1.3453146775373954,-0.847367640463747
SYNTHETIC,persistence,,2017-06-13,2017-06-14,open,65.69011726333235,66.01419214650804
SYNTHETIC,persistence,,2017-06-13,2017-06-14,close,65.21174992902316,66.01419214650804
SYNTHETIC,persistence,,2017-06-13,2017-06-14,volatility,0.23667507641615937,0.23614083045058742
SYNTHETIC,persistence,,2017-06-13,2017-06-14,sharpe,-1.3909542495069795,-1.3453146775373954
SYNTHETIC,persistence,,2017-06-14,2017-06-15,open,65.31925174851139,65.21174992902316
SYNTHETIC,persistence,,2017-06-14,2017-06-15,close,65.06286644812359,65.21174992902316
SYNTHETIC,persistence,,2017-06-14,2017-06-15,volatility,0.22570248966550677,0.23667507641615937
SYNTHETIC,persistence,,2017-06-14,2017-06-15,sharpe,-0.443702325147858,-1.3909542495069795
SYNTHETIC,persistence,,2017-06-15,2017-06-16,open,65.2236350410095,65.06286644812359
SYNTHETIC,persistence,,2017-06-15,2017-06-16,close,64.92833015203279,65.06286644812359
SYNTHETIC,persistence,,2017-06-15,2017-06-16,volatility,0.21519683677004814,0.22570248966550677
SYNTHETIC,persistence,,2017-06-15,2017-06-16,sharpe,-1.6303833055092942,-0.443702325147858
SYNTHETIC,persistence,,2017-06-16,2017-06-19,open,65.07789105160906,64.92833015203279
SYNTHETIC,persistence,,2017-06-16,2017-06-19,close,65.48212700376725,64.92833015203279
SYNTHETIC,persistence,,2017-06-16,2017-06-19,volatility,0.19389429776124265,0.21519683677004814
SYNTHETIC,persistence,,2017-06-16,2017-06-19,sharpe,0.5422402656729878,-1.6303833055092942
SYNTHETIC,persistence,,2017-06-19,2017-06-20,open,65.47654175549638,65.48212700376725
SYNTHETIC,persistence,,2017-06-19,2017-06-20,close,65.11898651932582,65.48212700376725
SYNTHETIC,persistence,,2017-06-19,2017-06-20,volatility,0.18388918683413685,0.19389429776124265
SYNTHETIC,persistence,,2017-06-19,2017-06-20,sharpe,-1.0113874117985564,0.5422402656729878
SYNTHETIC,persistence,,2017-06-20,2017-06-21,open,64.99648146407716,65.11898651932582
SYNTHETIC,persistence,,2017-06-20,2017-06-21,close,64.55336570027487,65.11898651932582
SYNTHETIC,persistence,,2017-06-20,2017-06-21,volatility,0.18399129063489555,0.18388918683413685
SYNTHETIC,persistence,,2017-06-20,2017-06-21,sharpe,-2.0352138000568814,-1.0113874117985564
SYNTHETIC,persistence,,2017-06-21,2017-06-22,open,64.53575729115195,64.55336570027487
SYNTHETIC,persistence,,2017-06-21,2017-06-22,close,63.99801613338989,64.55336570027487
SYNTHETIC,persistence,,2017-06-21,2017-06-22,volatility,0.1515200194958971,0.18399129063489555
SYNTHETIC,persistence,,2017-06-21,2017-06-22,sharpe,-0.6418215872581934,-2.0352138000568814
SYNTHETIC,persistence,,2017-06-22,2017-06-23,open,64.02323765592416,63.99801613338989
SYNTHETIC,persistence,,2017-06-22,2017-06-23,close,63.68591895997141,63.99801613338989
SYNTHETIC,persistence,,2017-06-22,2017-06-23,volatility,0.14778226340021344,0.1515200194958971
SYNTHETIC,persistence,,2017-06-22,2017-06-23,sharpe,-1.8694234590750038,-0.6418215872581934
SYNTHETIC,persistence,,2017-06-23,2017-06-26,open,63.56651607042151,63.68591895997141
SYNTHETIC,persistence,,2017-06-23,2017-06-26,close,63.8707725102159,63.68591895997141
SYNTHETIC,persistence,,2017-06-23,2017-06-26,volatility,0.14247384216988768,0.14778226340021344
SYNTHETIC,persistence,,2017-06-23,2017-06-26,sharpe,-0.6129384181386653,-1.8694234590750038
SYNTHETIC,persistence,,2017-06-26,2017-06-27,open,63.47153865580402,63.8707725102159
SYNTHETIC,persistence,,2017-06-26,2017-06-27,close,64.51896152311602,63.8707725102159
SYNTHETIC,persistence,,2017-06-26,2017-06-27,volatility,0.14326651436381793,0.14247384216988768
SYNTHETIC,persistence,,2017-06-26,2017-06-27,sharpe,-0.5348169113789938,-0.6129384181386653
SYNTHETIC,persistence,,2017-06-27,2017-06-28,open,64.89383991992014,64.51896152311602
SYNTHETIC,persistence,,2017-06-27,2017-06-28,close,64.18612880088308,64.51896152311602
SYNTHETIC,persistence,,2017-06-27,2017-06-28,volatility,0.13117828726778186,0.14326651436381793
SYNTHETIC,persistence,,2017-06-27,2017-06-28,sharpe,-2.575797342097439,-0.5348169113789938
SYNTHETIC,persistence,,2017-06-28,2017-06-29,open,64.34512441227047,64.18612880088308
SYNTHETIC,persistence,,2017-06-28,2017-06-29,close,64.34715184421727,64.18612880088308
SYNTHETIC,persistence,,2017-06-28,2017-06-29,volatility,0.11135086121488831,0.13117828726778186
SYNTHETIC,persistence,,2017-06-28,2017-06-29,sharpe,-4.762815592389284,-2.575797342097439
SYNTHETIC,persistence,,2017-06-29,2017-06-30,open,64.4779256632741,64.34715184421727
SYNTHETIC,persistence,,2017-06-29,2017-06-30,close,64.52657684238903,64.34715184421727
SYNTHETIC,persistence,,2017-06-29,2017-06-30,volatility,0.10281935640642624,0.11135086121488831
SYNTHETIC,persistence,,2017-06-29,2017-06-30,sharpe,-6.102360738548323,-4.762815592389284
SYNTHETIC,persistence,,2017-06-30,2017-07-03,open,64.24829517064828,64.52657684238903
SYNTHETIC,persistence,,2017-06-30,2017-07-03,close,64.65320805750372,64.52657684238903
SYNTHETIC,persistence,,2017-06-30,2017-07-03,volatility,0.10287495038079235,0.10281935640642624
SYNTHETIC,persistence,,2017-06-30,2017-07-03,sharpe,-6.087065409414556,-6.102360738548323
SYNTHETIC,persistence,,2017-07-03,2017-07-04,open,65.07463372344948,64.65320805750372
SYNTHETIC,persistence,,2017-07-03,2017-07-04,close,64.39334324273533,64.65320805750372
SYNTHETIC,persistence,,2017-07-03,2017-07-04,volatility,0.09603581308669956,0.10287495038079235
SYNTHETIC,persistence,,2017-07-03,2017-07-04,sharpe,-5.4014570000113995,-6.087065409414556
SYNTHETIC,persistence,,2017-07-04,2017-07-05,open,64.50995901102932,64.39334324273533
SYNTHETIC,persistence,,2017-07-04,2017-07-05,close,64.50140627727566,64.39334324273533
SYNTHETIC,persistence,,2017-07-04,2017-07-05,volatility,0.09485604915024062,0.09603581308669956
SYNTHETIC,persistence,,2017-07-04,2017-07-05,sharpe,-5.70922236049002,-5.4014570000113995
SYNTHETIC,persistence,,2017-07-05,2017-07-06,open,64.44176432321431,64.50140627727566
SYNTHETIC,persistence,,2017-07-05,2017-07-06,close,64.30482718547786,64.50140627727566
SYNTHETIC,persistence,,2017-07-05,2017-07-06,volatility,0.09238160478814646,0.09485604915024062
SYNTHETIC,persistence,,2017-07-05,2017-07-06,sharpe,-5.18357371143115,-5.70922236049002
SYNTHETIC,persistence,,2017-07-06,2017-07-07,open,64.3040088014945,64.30482718547786
SYNTHETIC,persistence,,2017-07-06,2017-07-07,close,64.43757598392546,64.30482718547786
SYNTHETIC,persistence,,2017-07-06,2017-07-07,volatility,0.09238100405427947,0.09238160478814646
SYNTHETIC,persistence,,2017-07-06,2017-07-07,sharpe,-4.153476974836998,-5.18357371143115
SYNTHETIC,persistence,,2017-07-07,2017-07-10,open,64.6454088607199,64.43757598392546
SYNTHETIC,persistence,,2017-07-07,2017-07-10,close,65.1635962204534,64.43757598392546
SYNTHETIC,persistence,,2017-07-07,2017-07-10,volatility,0.09943177530561557,0.09238100405427947
SYNTHETIC,persistence,,2017-07-07,2017-07-10,sharpe,-1.4082030030439014,-4.153476974836998
SYNTHETIC,persistence,,2017-07-10,2017-07-11,open,64.9551437597653,65.1635962204534
SYNTHETIC,persistence,,2017-07-10,2017-07-11,close,65.69017760801282,65.1635962204534
SYNTHETIC,persistence,,2017-07-10,2017-07-11,volatility,0.10388487383950597,0.09943177530561557
SYNTHETIC,persistence,,2017-07-10,2017-07-11,sharpe,-0.5473728434319896,-1.4082030030439014
SYNTHETIC,persistence,,2017-07-11,2017-07-12,open,66.09399836298421,65.69017760801282
SYNTHETIC,persistence,,2017-07-11,2017-07-12,close,65.38913532438947,65.69017760801282
SYNTHETIC,persistence,,2017-07-11,2017-07-12,volatility,0.09548909404867599,0.10388487383950597
SYNTHETIC,persistence,,2017-07-11,2017-07-12,sharpe,0.40375345478195507,-0.5473728434319896
SYNTHETIC,persistence,,2017-07-12,2017-07-13,open,65.42104701279469,65.38913532438947
SYNTHETIC,persistence,,2017-07-12,2017-07-13,close,64.88434859446562,65.38913532438947
SYNTHETIC,persistence,,2017-07-12,2017-07-13,volatility,0.09920637442911993,0.09548909404867599
SYNTHETIC,persistence,,2017-07-12,2017-07-13,sharpe,-0.3018739455410224,0.40375345478195507
SYNTHETIC,persistence,,2017-07-13,2017-07-14,open,64.98218886479933,64.88434859446562
SYNTHETIC,persistence,,2017-07-13,2017-07-14,close,64.41461063555369,64.88434859446562
SYNTHETIC,persistence,,2017-07-13,2017-07-14,volatility,0.10220715609105899,0.09920637442911993
SYNTHETIC,persistence,,2017-07-13,2017-07-14,sharpe,-0.9305891811699611,-0.3018739455410224
SYNTHETIC,persistence,,2017-07-14,2017-07-17,open,64.39100593130591,64.41461063555369
SYNTHETIC,persistence,,2017-07-14,2017-07-17,close,64.82702699734105,64.41461063555369
SYNTHETIC,persistence,,2017-07-14,2017-07-17,volatility,0.1000040204053371,0.10220715609105899
SYNTHETIC,persistence,,2017-07-14,2017-07-17,sharpe,-1.2190600454453162,-0.9305891811699611
SYNTHETIC,persistence,,2017-07-17,2017-07-18,open,64.66148634443117,64.82702699734105
SYNTHETIC,persistence,,2017-07-17,2017-07-18,close,64.55555475474361,64.82702699734105
SYNTHETIC,persistence,,2017-07-17,2017-07-18,volatility,0.09920533194082061,0.1000040204053371
SYNTHETIC,persistence,,2017-07-17,2017-07-18,sharpe,-1.056395527938714,-1.2190600454453162
SYNTHETIC,persistence,,2017-07-18,2017-07-19,open,64.77573721078609,64.55555475474361
SYNTHETIC,persistence,,2017-07-18,2017-07-19,close,64.59038888417169,64.55555475474361
SYNTHETIC,persistence,,2017-07-18,2017-07-19,volatility,0.09428806750745172,0.09920533194082061
SYNTHETIC,persistence,,2017-07-18,2017-07-19,sharpe,0.1213510884942163,-1.056395527938714
SYNTHETIC,persistence,,2017-07-19,2017-07-20,open,64.57209110481251,64.59038888417169
SYNTHETIC,persistence,,2017-07-19,2017-07-20,close,64.2511425383096,64.59038888417169
SYNTHETIC,persistence,,2017-07-19,2017-07-20,volatility,0.09090117828678801,0.09428806750745172
SYNTHETIC,persistence,,2017-07-19,2017-07-20,sharpe,0.590317196204403,0.1213510884942163
SYNTHETIC,persistence,,2017-07-20,2017-07-21,open,64.30511426186214,64.2511425383096
SYNTHETIC,persistence,,2017-07-20,2017-07-21,close,64.23557884335507,64.2511425383096
SYNTHETIC,persistence,,2017-07-20,2017-07-21,volatility,0.08892670273599083,0.09090117828678801
SYNTHETIC,persistence,,2017-07-20,2017-07-21,sharpe,1.2600763929690366,0.590317196204403
SYNTHETIC,persistence,,2017-07-21,2017-07-24,open,64.27105305848286,64.23557884335507
SYNTHETIC,persistence,,2017-07-21,2017-07-24,close,64.59043663694042,64.23557884335507
SYNTHETIC,persistence,,2017-07-21,2017-07-24,volatility,0.09036316069240366,0.08892670273599083
SYNTHETIC,persistence,,2017-07-21,2017-07-24,sharpe,1.6056136955743134,1.2600763929690366
SYNTHETIC,persistence,,2017-07-24,2017-07-25,open,64.47789535987688,64.59043663694042
SYNTHETIC,persistence,,2017-07-24,2017-07-25,close,63.81535461240955,64.59043663694042
SYNTHETIC,persistence,,2017-07-24,2017-07-25,volatility,0.09339347964277239,0.09036316069240366
SYNTHETIC,persistence,,2017-07-24,2017-07-25,sharpe,-1.434591045964266,1.6056136955743134
SYNTHETIC,persistence,,2017-07-25,2017-07-26,open,63.67661076497034,63.81535461240955
SYNTHETIC,persistence,,2017-07-25,2017-07-26,close,63.398029062303976,63.81535461240955
SYNTHETIC,persistence,,2017-07-25,2017-07-26,volatility,0.09442381427638367,0.09339347964277239
SYNTHETIC,persistence,,2017-07-25,2017-07-26,sharpe,-1.6032053853178805,-1.434591045964266
SYNTHETIC,persistence,,2017-07-26,2017-07-27,open,63.543543019760016,63.398029062303976
SYNTHETIC,persistence,,2017-07-26,2017-07-27,close,63.16715401145569,63.398029062303976
SYNTHETIC,persistence,,2017-07-26,2017-07-27,volatility,0.0942612746083887,0.09442381427638367
SYNTHETIC,persistence,,2017-07-26,2017-07-27,sharpe,-2.4280953457681527,-1.6032053853178805
SYNTHETIC,persistence,,2017-07-27,2017-07-28,open,62.97076309035871,63.16715401145569
SYNTHETIC,persistence,,2017-07-27,2017-07-28,close,63.56093604173733,63.16715401145569
SYNTHETIC,persistence,,2017-07-27,2017-07-28,volatility,0.09681240189156318,0.0942612746083887
SYNTHETIC,persistence,,2017-07-27,2017-07-28,sharpe,-1.915674867558252,-2.4280953457681527
SYNTHETIC,persistence,,2017-07-28,2017-07-31,open,63.61018191921295,63.56093604173733
SYNTHETIC,persistence,,2017-07-28,2017-07-31,close,63.93025871630451,63.56093604173733
SYNTHETIC,persistence,,2017-07-28,2017-07-31,volatility,0.09916984485737215,0.09681240189156318
SYNTHETIC,persistence,,2017-07-28,2017-07-31,sharpe,-1.3812211715000207,-1.915674867558252
SYNTHETIC,persistence,,2017-07-31,2017-08-01,open,64.09452750826084,63.93025871630451
SYNTHETIC,persistence,,2017-07-31,2017-08-01,close,64.00107362180886,63.93025871630451
SYNTHETIC,persistence,,2017-07-31,2017-08-01,volatility,0.09845381458019951,0.09916984485737215
SYNTHETIC,persistence,,2017-07-31,2017-08-01,sharpe,-0.7351122186216328,-1.3812211715000207
SYNTHETIC,persistence,,2017-08-01,2017-08-02,open,63.80909779824455,64.00107362180886
SYNTHETIC,persistence,,2017-08-01,2017-08-02,close,63.71999661999387,64.00107362180886
SYNTHETIC,persistence,,2017-08-01,2017-08-02,volatility,0.09920150207737544,0.09845381458019951
SYNTHETIC,persistence,,2017-08-01,2017-08-02,sharpe,-1.5005383859447738,-0.7351122186216328
SYNTHETIC,persistence,,2017-08-02,2017-08-03,open,63.733702829308,63.71999661999387
SYNTHETIC,persistence,,2017-08-02,2017-08-03,close,64.620249330338,63.71999661999387
SYNTHETIC,persistence,,2017-08-02,2017-08-03,volatility,0.11152876244240727,0.09920150207737544
SYNTHETIC,persistence,,2017-08-02,2017-08-03,sharpe,0.6057727045663504,-1.5005383859447738
SYNTHETIC,persistence,,2017-08-03,2017-08-04,open,64.76716401153635,64.620249330338
SYNTHETIC,persistence,,2017-08-03,2017-08-04,close,65.46810689207878,64.620249330338
SYNTHETIC,persistence,,2017-08-03,2017-08-04,volatility,0.12043965070825459,0.11152876244240727
SYNTHETIC,persistence,,2017-08-03,2017-08-04,sharpe,1.7176222764045126,0.6057727045663504
SYNTHETIC,persistence,,2017-08-04,2017-08-07,open,65.35690892735974,65.46810689207878
SYNTHETIC,persistence,,2017-08-04,2017-08-07,close,64.87059027936662,65.46810689207878
SYNTHETIC,persistence,,2017-08-04,2017-08-07,volatility,0.11872275317735861,0.12043965070825459
SYNTHETIC,persistence,,2017-08-04,2017-08-07,sharpe,-0.4219317497358934,1.7176222764045126
SYNTHETIC,persistence,,2017-08-07,2017-08-08,open,64.92901561014358,64.87059027936662
SYNTHETIC,persistence,,2017-08-07,2017-08-08,close,65.30188196726495,64.87059027936662
SYNTHETIC,persistence,,2017-08-07,2017-08-08,volatility,0.11750039568396116,0.11872275317735861
SYNTHETIC,persistence,,2017-08-07,2017-08-08,sharpe,-0.5799248004269861,-0.4219317497358934
SYNTHETIC,persistence,,2017-08-08,2017-08-09,open,65.42068359766904,65.30188196726495
SYNTHETIC,persistence,,2017-08-08,2017-08-09,close,65.56898345372593,65.30188196726495
SYNTHETIC,persistence,,2017-08-08,2017-08-09,volatility,0.1173116180830428,0.11750039568396116
SYNTHETIC,persistence,,2017-08-08,2017-08-09,sharpe,0.3506780997194378,-0.5799248004269861
SYNTHETIC,persistence,,2017-08-09,2017-08-10,open,65.76033893478028,65.56898345372593
SYNTHETIC,persistence,,2017-08-09,2017-08-10,close,65.38853866529412,65.56898345372593
SYNTHETIC,persistence,,2017-08-09,2017-08-10,volatility,0.11416731849231211,0.1173116180830428
SYNTHETIC,persistence,,2017-08-09,2017-08-10,sharpe,0.9085986022676815,0.3506780997194378
SYNTHETIC,persistence,,2017-08-10,2017-08-11,open,65.28601893693474,65.38853866529412
SYNTHETIC,persistence,,2017-08-10,2017-08-11,close,65.74251753010802,65.38853866529412
SYNTHETIC,persistence,,2017-08-10,2017-08-11,volatility,0.11172904257080937,0.11416731849231211
SYNTHETIC,persistence,,2017-08-10,2017-08-11,sharpe,2.3553516190808454,0.9085986022676815
SYNTHETIC,persistence,,2017-08-11,2017-08-14,open,65.89077340672041,65.74251753010802
SYNTHETIC,persistence,,2017-08-11,2017-08-14,close,65.6760202656827,65.74251753010802
SYNTHETIC,persistence,,2017-08-11,2017-08-14,volatility,0.11010079366183444,0.11172904257080937
SYNTHETIC,persistence,,2017-08-11,2017-08-14,sharpe,1.54172070741911,2.3553516190808454
SYNTHETIC,persistence,,2017-08-14,2017-08-15,open,65.68254923999898,65.6760202656827
SYNTHETIC,persistence,,2017-08-14,2017-08-15,close,65.24059565213261,65.6760202656827
SYNTHETIC,persistence,,2017-08-14,2017-08-15,volatility,0.11185824713824175,0.11010079366183444
SYNTHETIC,persistence,,2017-08-14,2017-08-15,sharpe,1.2423970444808519,1.54172070741911
SYNTHETIC,persistence,,2017-08-15,2017-08-16,open,64.99268795322433,65.24059565213261
SYNTHETIC,persistence,,2017-08-15,2017-08-16,close,65.42918018050865,65.24059565213261
SYNTHETIC,persistence,,2017-08-15,2017-08-16,volatility,0.11216581258194151,0.11185824713824175
SYNTHETIC,persistence,,2017-08-15,2017-08-16,sharpe,1.5030870209378877,1.2423970444808519
SYNTHETIC,persistence,,2017-08-16,2017-08-17,open,65.34214623511917,65.42918018050865
SYNTHETIC,persistence,,2017-08-16,2017-08-17,close,66.04739362328394,65.42918018050865
SYNTHETIC,persistence,,2017-08-16,2017-08-17,volatility,0.11399629036312162,0.11216581258194151
SYNTHETIC,persistence,,2017-08-16,2017-08-17,sharpe,3.103836425803899,1.5030870209378877
SYNTHETIC,persistence,,2017-08-17,2017-08-18,open,65.90651416662101,66.04739362328394
SYNTHETIC,persistence,,2017-08-17,2017-08-18,close,65.9900849113829,66.04739362328394
SYNTHETIC,persistence,,2017-08-17,2017-08-18,volatility,0.11413762443592779,0.11399629036312162
SYNTHETIC,persistence,,2017-08-17,2017-08-18,sharpe,3.0309467399788574,3.103836425803899
SYNTHETIC,persistence,,2017-08-18,2017-08-21,open,66.00490154310857,65.9900849113829
SYNTHETIC,persistence,,2017-08-18,2017-08-21,close,65.7809757402576,65.9900849113829
SYNTHETIC,persistence,,2017-08-18,2017-08-21,volatility,0.11411510472461844,0.11413762443592779
SYNTHETIC,persistence,,2017-08-18,2017-08-21,sharpe,2.0716960198507266,3.0309467399788574
SYNTHETIC,persistence,,2017-08-21,2017-08-22,open,65.77427188679755,65.7809757402576
SYNTHETIC,persistence,,2017-08-21,2017-08-22,close,65.19602400896325,65.7809757402576
SYNTHETIC,persistence,,2017-08-21,2017-08-22,volatility,0.1098973458683604,0.11411510472461844
SYNTHETIC,persistence,,2017-08-21,2017-08-22,sharpe,2.5074923391491577,2.0716960198507266
SYNTHETIC,persistence,,2017-08-22,2017-08-23,open,65.21692725304655,65.19602400896325
SYNTHETIC,persistence,,2017-08-22,2017-08-23,close,64.37521390080408,65.19602400896325
SYNTHETIC,persistence,,2017-08-22,2017-08-23,volatility,0.11731886720070622,0.1098973458683604
SYNTHETIC,persistence,,2017-08-22,2017-08-23,sharpe,1.6990699493511432,2.5074923391491577
SYNTHETIC,persistence,,2017-08-23,2017-08-24,open,64.44356677781212,64.37521390080408
SYNTHETIC,persistence,,2017-08-23,2017-08-24,close,63.945499977810435,64.37521390080408
SYNTHETIC,persistence,,2017-08-23,2017-08-24,volatility,0.11931615356508354,0.11731886720070622
SYNTHETIC,persistence,,2017-08-23,2017-08-24,sharpe,1.3502885783895306,1.6990699493511432
SYNTHETIC,persistence,,2017-08-24,2017-08-25,open,63.87651384428869,63.945499977810435
SYNTHETIC,persistence,,2017-08-24,2017-08-25,close,63.19060867221463,63.945499977810435
SYNTHETIC,persistence,,2017-08-24,2017-08-25,volatility,0.12513766198222068,0.11931615356508354
SYNTHETIC,persistence,,2017-08-24,2017-08-25,sharpe,-0.5288787670909499,1.3502885783895306
SYNTHETIC,persistence,,2017-08-25,2017-08-28,open,63.04323940637603,63.19060867221463
SYNTHETIC,persistence,,2017-08-25,2017-08-28,close,62.80315053736687,63.19060867221463
SYNTHETIC,persistence,,2017-08-25,2017-08-28,volatility,0.12462950688007754,0.12513766198222068
SYNTHETIC,persistence,,2017-08-25,2017-08-28,sharpe,-1.738378063601369,-0.5288787670909499
SYNTHETIC,persistence,,2017-08-28,2017-08-29,open,62.91360005580229,62.80315053736687
SYNTHETIC,persistence,,2017-08-28,2017-08-29,close,63.35261813063501,62.80315053736687
SYNTHETIC,persistence,,2017-08-28,2017-08-29,volatility,0.12910082485825058,0.12462950688007754
SYNTHETIC,persistence,,2017-08-28,2017-08-29,sharpe,-0.9323885173195089,-1.738378063601369
SYNTHETIC,persistence,,2017-08-29,2017-08-30,open,63.231806723559366,63.35261813063501
SYNTHETIC,persistence,,2017-08-29,2017-08-30,close,63.01889364240252,63.35261813063501
SYNTHETIC,persistence,,2017-08-29,2017-08-30,volatility,0.12948992505088214,0.12910082485825058
SYNTHETIC,persistence,,2017-08-29,2017-08-30,sharpe,-1.0148234960872529,-0.9323885173195089
SYNTHETIC,persistence,,2017-08-30,2017-08-31,open,62.93797602941491,63.01889364240252
SYNTHETIC,persistence,,2017-08-30,2017-08-31,close,62.99585322569132,63.01889364240252
SYNTHETIC,persistence,,2017-08-30,2017-08-31,volatility,0.11739755512886804,0.12948992505088214
SYNTHETIC,persistence,,2017-08-30,2017-08-31,sharpe,-2.6749466972271607,-1.0148234960872529
SYNTHETIC,persistence,,2017-08-31,2017-09-01,open,62.84762013400137,62.99585322569132
SYNTHETIC,persistence,,2017-08-31,2017-09-01,close,62.44788000598079,62.99585322569132
SYNTHETIC,persistence,,2017-08-31,2017-09-01,volatility,0.10707713321590141,0.11739755512886804
SYNTHETIC,persistence,,2017-08-31,2017-09-01,sharpe,-5.500276491054273,-2.6749466972271607
SYNTHETIC,persistence,,2017-09-01,2017-09-04,open,62.32841437532842,62.44788000598079
SYNTHETIC,persistence,,2017-09-01,2017-09-04,close,62.36906886251994,62.44788000598079
SYNTHETIC,persistence,,2017-09-01,2017-09-04,volatility,0.1040595384534047,0.10707713321590141
SYNTHETIC,persistence,,2017-09-01,2017-09-04,sharpe,-4.7074714280429415,-5.500276491054273
SYNTHETIC,persistence,,2017-09-04,2017-09-05,open,62.38554874683944,62.36906886251994
SYNTHETIC,persistence,,2017-09-04,2017-09-05,close,62.130604352920514,62.36906886251994
SYNTHETIC,persistence,,2017-09-04,2017-09-05,volatility,0.09911264588357205,0.1040595384534047
SYNTHETIC,persistence,,2017-09-04,2017-09-05,sharpe,-6.273706875058753,-4.7074714280429415
SYNTHETIC,persistence,,2017-09-05,2017-09-06,open,62.01987567931899,62.130604352920514
SYNTHETIC,persistence,,2017-09-05,2017-09-06,close,62.2184645145487,62.130604352920514
SYNTHETIC,persistence,,2017-09-05,2017-09-06,volatility,0.09720099541051173,0.09911264588357205
SYNTHETIC,persistence,,2017-09-05,2017-09-06,sharpe,-6.743994814333182,-6.273706875058753
SYNTHETIC,decoupled,9416042,2017-03-16,2017-03-17,open,62.14574869322754,62.384249384905196
SYNTHETIC,decoupled,9416042,2017-03-16,2017-03-17,close,61.13461383615121,62.20446037066128
SYNTHETIC,decoupled,9416042,2017-03-16,2017-03-17,volatility,0.1410760593356886,0.17524266982490752
SYNTHETIC,decoupled,9416042,2017-03-16,2017-03-17,sharpe,-1.0618686379435445,-2.9339012038252026
SYNTHETIC,decoupled,9416042,2017-03-17,2017-03-20,open,60.860472767474135,62.21916464502692
SYNTHETIC,decoupled,9416042,2017-03-17,2017-03-20,close,61.67406672432166,62.037452821659855
SYNTHETIC,decoupled,9416042,2017-03-17,2017-03-20,volatility,0.1440932956408077,0.17574217340810785
SYNTHETIC,decoupled,9416042,2017-03-17,2017-03-20,sharpe,-0.6331670365419388,-2.958813726154158
SYNTHETIC,decoupled,9416042,2017-03-20,2017-03-21,open,61.78272517710395,62.108460885132274
SYNTHETIC,decoupled,9416042,2017-03-20,2017-03-21,close,62.68088389663312,61.90393985241989
SYNTHETIC,decoupled,9416042,2017-03-20,2017-03-21,volatility,0.1539925925536921,0.17629434361906507
SYNTHETIC,decoupled,9416042,2017-03-20,2017-03-21,sharpe,1.2297003566534872,-2.9726527593233945
SYNTHETIC,decoupled,9416042,2017-03-21,2017-03-22,open,62.628642849637124,61.9469502211422
SYNTHETIC,decoupled,9416042,2017-03-21,2017-03-22,close,62.90049087641083,61.75310022616193
SYNTHETIC,decoupled,9416042,2017-03-21,2017-03-22,volatility,0.14826135006958246,0.17663025238394126
SYNTHETIC,decoupled,9416042,2017-03-21,2017-03-22,sharpe,2.4736502800298408,-2.9832233288026915
SYNTHETIC,decoupled,9416042,2017-03-22,2017-03-23,open,62.59532750248797,62.12550057632095
SYNTHETIC,decoupled,9416042,2017-03-22,2017-03-23,close,63.46605058088946,61.93689483853178
SYNTHETIC,decoupled,9416042,2017-03-22,2017-03-23,volatility,0.15006535777760927,0.17664038667887927
SYNTHETIC,decoupled,9416042,2017-03-22,2017-03-23,sharpe,2.7453575575882097,-3.0049458446749364
SYNTHETIC,decoupled,9416042,2017-03-23,2017-03-24,open,63.635729286122896,61.966476686079886
SYNTHETIC,decoupled,9416042,2017-03-23,2017-03-24,close,62.81728809096633,61.77311689673027
SYNTHETIC,decoupled,9416042,2017-03-23,2017-03-24,volatility,0.15454431497156695,0.17728211451645015
SYNTHETIC,decoupled,9416042,2017-03-23,2017-03-24,sharpe,1.3019171085877912,-3.024128491275942
SYNTHETIC,decoupled,9416042,2017-03-24,2017-03-27,open,62.80298439091001,61.92543962821329
SYNTHETIC,decoupled,9416042,2017-03-24,2017-03-27,close,62.0066788327715,61.73219528103532
SYNTHETIC,decoupled,9416042,2017-03-24,2017-03-27,volatility,0.16062203521632068,0.17723205782729806
SYNTHETIC,decoupled,9416042,2017-03-24,2017-03-27,sharpe,-0.22006875029224,-3.026859067454919
SYNTHETIC,decoupled,9416042,2017-03-27,2017-03-28,open,62.13677974721369,61.938743867770484
SYNTHETIC,decoupled,9416042,2017-03-27,2017-03-28,close,62.30196687279867,61.780594312414834
SYNTHETIC,decoupled,9416042,2017-03-27,2017-03-28,volatility,0.15928401272883191,0.17689323366433593
SYNTHETIC,decoupled,9416042,2017-03-27,2017-03-28,sharpe,-0.42593820900769885,-3.0014700717039338
SYNTHETIC,decoupled,9416042,2017-03-28,2017-03-29,open,62.559838588582174,62.0094793534098
SYNTHETIC,decoupled,9416042,2017-03-28,2017-03-29,close,62.374512173732064,61.837308654286105
SYNTHETIC,decoupled,9416042,2017-03-28,2017-03-29,volatility,0.15891927025540878,0.17691727989868145
SYNTHETIC,decoupled,9416042,2017-03-28,2017-03-29,sharpe,-0.5718576897972618,-3.015716524176066
SYNTHETIC,decoupled,9416042,2017-03-29,2017-03-30,open,62.24105462291542,61.86502160812836
SYNTHETIC,decoupled,9416042,2017-03-29,2017-03-30,close,61.66556845498005,61.68864066045569
SYNTHETIC,decoupled,9416042,2017-03-29,2017-03-30,volatility,0.16196342481796588,0.17722729420602235
SYNTHETIC,decoupled,9416042,2017-03-29,2017-03-30,sharpe,-0.8862391481359831,-3.0326895858884164
SYNTHETIC,decoupled,9416042,2017-03-30,2017-03-31,open,61.793060081177195,61.77874643206172
SYNTHETIC,decoupled,9416042,2017-03-30,2017-03-31,close,61.824534893967666,61.60298845472859
SYNTHETIC,decoupled,9416042,2017-03-30,2017-03-31,volatility,0.16230191244487793,0.17734158631745803
SYNTHETIC,decoupled,9416042,2017-03-30,2017-03-31,sharpe,-0.5701035650693733,-3.0511069071562877
SYNTHETIC,decoupled,9416042,2017-03-31,2017-04-03,open,62.105344809506484,61.70709031103446
SYNTHETIC,decoupled,9416042,2017-03-31,2017-04-03,close,62.22245804545226,61.54876128162047
SYNTHETIC,decoupled,9416042,2017-03-31,2017-04-03,volatility,0.15795185769096753,0.17715293222195216
SYNTHETIC,decoupled,9416042,2017-03-31,2017-04-03,sharpe,0.8817234187604266,-3.0460499417807574
SYNTHETIC,decoupled,9416042,2017-04-03,2017-04-04,open,62.04069323810967,61.76467235084394
SYNTHETIC,decoupled,9416042,2017-04-03,2017-04-04,close,61.65912532926912,61.60343524357357
SYNTHETIC,decoupled,9416042,2017-04-03,2017-04-04,volatility,0.15448485027083345,0.17721032380522764
SYNTHETIC,decoupled,9416042,2017-04-03,2017-04-04,sharpe,-0.8811188618567111,-3.039409727069491
SYNTHETIC,decoupled,9416042,2017-04-04,2017-04-05,open,61.90820414301495,61.66376489221798
SYNTHETIC,decoupled,9416042,2017-04-04,2017-04-05,close,61.73067899895814,61.48472729223245
SYNTHETIC,decoupled,9416042,2017-04-04,2017-04-05,volatility,0.14646124269916913,0.17731260633250556
SYNTHETIC,decoupled,9416042,2017-04-04,2017-04-05,sharpe,-1.931403775721595,-3.039570020780078
SYNTHETIC,decoupled,9416042,2017-04-05,2017-04-06,open,61.48206461527924,61.44809282507532
SYNTHETIC,decoupled,9416042,2017-04-05,2017-04-06,close,60.96743873766739,61.260322623154494
SYNTHETIC,decoupled,9416042,2017-04-05,2017-04-06,volatility,0.14854494567131532,0.17786100276556902
SYNTHETIC,decoupled,9416042,2017-04-05,2017-04-06,sharpe,-3.5245636273021437,-3.0623856486658605
SYNTHETIC,decoupled,9416042,2017-04-06,2017-04-07,open,60.72156009727457,61.30288904766917
SYNTHETIC,decoupled,9416042,2017-04-06,2017-04-07,close,60.43841499708744,61.12757463066099
SYNTHETIC,decoupled,9416042,2017-04-06,2017-04-07,volatility,0.14538145778938452,0.17793098391935888
SYNTHETIC,decoupled,9416042,2017-04-06,2017-04-07,sharpe,-3.2525393892244194,-3.07457017452536
SYNTHETIC,decoupled,9416042,2017-04-07,2017-04-10,open,60.15406010770085,61.17911385256829
SYNTHETIC,decoupled,9416042,2017-04-07,2017-04-10,close,59.1056311469176,60.9780766967209
SYNTHETIC,decoupled,9416042,2017-04-07,2017-04-10,volatility,0.1602433497131388,0.1780101133912805
SYNTHETIC,decoupled,9416042,2017-04-07,2017-04-10,sharpe,-3.945828226567272,-3.0864172167430453
SYNTHETIC,decoupled,9416042,2017-04-10,2017-04-11,open,58.96187540011791,61.28530702816289
SYNTHETIC,decoupled,9416042,2017-04-10,2017-04-11,close,59.9807934690439,61.103442729900294
SYNTHETIC,decoupled,9416042,2017-04-10,2017-04-11,volatility,0.17098199421169888,0.17721646392745638
SYNTHETIC,decoupled,9416042,2017-04-10,2017-04-11,sharpe,-2.782552039025076,-3.0366231729769164
SYNTHETIC,decoupled,9416042,2017-04-11,2017-04-12,open,60.046030232985636,61.178955122329
SYNTHETIC,decoupled,9416042,2017-04-11,2017-04-12,close,61.1513381219161,60.99512891667388
SYNTHETIC,decoupled,9416042,2017-04-11,2017-04-12,volatility,0.18713729088869197,0.1772260298357649
SYNTHETIC,decoupled,9416042,2017-04-11,2017-04-12,sharpe,-1.1880168529454327,-3.041782103370914
SYNTHETIC,decoupled,9416042,2017-04-12,2017-04-13,open,60.9599105398329,61.06129633244909
SYNTHETIC,decoupled,9416042,2017-04-12,2017-04-13,close,60.21231019866447,60.880032398014436
SYNTHETIC,decoupled,9416042,2017-04-12,2017-04-13,volatility,0.19403039535615063,0.17713669647054248
SYNTHETIC,decoupled,9416042,2017-04-12,2017-04-13,sharpe,-2.1161704560834154,-3.0384415001650265
SYNTHETIC,decoupled,9416042,2017-04-13,2017-04-14,open,60.09042814891499,60.83442849242792
SYNTHETIC,decoupled,9416042,2017-04-13,2017-04-14,close,59.77443076638834,60.626150271431094
SYNTHETIC,decoupled,9416042,2017-04-13,2017-04-14,volatility,0.18476304079673786,0.17781735685894545
SYNTHETIC,decoupled,9416042,2017-04-13,2017-04-14,sharpe,-1.4457409061051967,-3.036459500022201
SYNTHETIC,decoupled,9416042,2017-04-14,2017-04-17,open,59.10590656015541,60.75964803119048
SYNTHETIC,decoupled,9416042,2017-04-14,2017-04-17,close,58.58674235797592,60.554070105484634
SYNTHETIC,decoupled,9416042,2017-04-14,2017-04-17,volatility,0.1923230012777236,0.17761066132117295
SYNTHETIC,decoupled,9416042,2017-04-14,2017-04-17,sharpe,-3.268760754165303,-3.0246133393464625
SYNTHETIC,decoupled,9416042,2017-04-17,2017-04-18,open,58.36057280275027,60.652761733550946
SYNTHETIC,decoupled,9416042,2017-04-17,2017-04-18,close,57.6941084221859,60.43092343291799
SYNTHETIC,decoupled,9416042,2017-04-17,2017-04-18,volatility,0.18380238512307356,0.1777294115944032
SYNTHETIC,decoupled,9416042,2017-04-17,2017-04-18,sharpe,-5.5838524313137645,-3.0396571465091142
SYNTHETIC,decoupled,9416042,2017-04-18,2017-04-19,open,57.76591581742588,60.64867972089699
SYNTHETIC,decoupled,9416042,2017-04-18,2017-04-19,close,57.6770798895428,60.440219822772626
SYNTHETIC,decoupled,9416042,2017-04-18,2017-04-19,volatility,0.18221334984541931,0.17734410345824578
SYNTHETIC,decoupled,9416042,2017-04-18,2017-04-19,sharpe,-5.895228404550771,-3.04056234316441
SYNTHETIC,decoupled,9416042,2017-04-19,2017-04-20,open,57.65836802312869,60.74099722807292
SYNTHETIC,decoupled,9416042,2017-04-19,2017-04-20,close,57.24504241243176,60.543432023312135
SYNTHETIC,decoupled,9416042,2017-04-19,2017-04-20,volatility,0.17558427050054995,0.17687404384908323
SYNTHETIC,decoupled,9416042,2017-04-19,2017-04-20,sharpe,-7.300552002645455,-3.0670825041562857
SYNTHETIC,decoupled,9416042,2017-04-20,2017-04-21,open,57.10409049692494,60.779748570493624
SYNTHETIC,decoupled,9416042,2017-04-20,2017-04-21,close,57.17906704012482,60.586310494601136
SYNTHETIC,decoupled,9416042,2017-04-20,2017-04-21,volatility,0.1750165419552037,0.17636143257422324
SYNTHETIC,decoupled,9416042,2017-04-20,2017-04-21,sharpe,-6.671278041817694,-3.0601873768988512
SYNTHETIC,decoupled,9416042,2017-04-21,2017-04-24,open,57.3692224160544,60.70013741897353
SYNTHETIC,decoupled,9416042,2017-04-21,2017-04-24,close,57.59328783397311,60.50727261987585
SYNTHETIC,decoupled,9416042,2017-04-21,2017-04-24,volatility,0.17698974017522484,0.176384245370917
SYNTHETIC,decoupled,9416042,2017-04-21,2017-04-24,sharpe,-5.16251825915362,-3.074096492652827
SYNTHETIC,decoupled,9416042,2017-04-24,2017-04-25,open,57.73927081120945,60.70588080813215
SYNTHETIC,decoupled,9416042,2017-04-24,2017-04-25,close,59.160052335914784,60.54196835896537
SYNTHETIC,decoupled,9416042,2017-04-24,2017-04-25,volatility,0.2065538793160258,0.17632364839637726
SYNTHETIC,decoupled,9416042,2017-04-24,2017-04-25,sharpe,-3.054635312280358,-3.087877931748232
SYNTHETIC,decoupled,9416042,2017-04-25,2017-04-26,open,59.292931914460794,60.66155538880808
SYNTHETIC,decoupled,9416042,2017-04-25,2017-04-26,close,58.84558906430088,60.48974311807067
SYNTHETIC,decoupled,9416042,2017-04-25,2017-04-26,volatility,0.20630814896039945,0.17619441583639503
SYNTHETIC,decoupled,9416042,2017-04-25,2017-04-26,sharpe,-3.454023868038524,-3.0952007537733293
SYNTHETIC,decoupled,9416042,2017-04-26,2017-04-27,open,58.919269811135806,60.64106596041865
SYNTHETIC,decoupled,9416042,2017-04-26,2017-04-27,close,60.96714363389763,60.47481745392585
SYNTHETIC,decoupled,9416042,2017-04-26,2017-04-27,volatility,0.2452651897277174,0.1761569448511816
SYNTHETIC,decoupled,9416042,2017-04-26,2017-04-27,sharpe,-0.469353379146229,-3.1091618805021426
SYNTHETIC,decoupled,9416042,2017-04-27,2017-04-28,open,60.92039968585204,60.43152881702487
SYNTHETIC,decoupled,9416042,2017-04-27,2017-04-28,close,61.906523236629575,60.23347458222629
SYNTHETIC,decoupled,9416042,2017-04-27,2017-04-28,volatility,0.2515192310804749,0.1764143118636442
SYNTHETIC,decoupled,9416042,2017-04-27,2017-04-28,sharpe,0.18504756846875328,-3.116664096313332
SYNTHETIC,decoupled,9416042,2017-04-28,2017-05-01,open,61.76994877744675,60.688015719699116
SYNTHETIC,decoupled,9416042,2017-04-28,2017-05-01,close,63.78727624868715,60.50268806252883
SYNTHETIC,decoupled,9416042,2017-04-28,2017-05-01,volatility,0.27286727599098265,0.17577741724571183
SYNTHETIC,decoupled,9416042,2017-04-28,2017-05-01,sharpe,1.2762246310773426,-3.089399913918694
SYNTHETIC,decoupled,9416042,2017-05-01,2017-05-02,open,63.88910248990862,60.69104746726971
SYNTHETIC,decoupled,9416042,2017-05-01,2017-05-02,close,63.177185523966564,60.51009123436971
SYNTHETIC,decoupled,9416042,2017-05-01,2017-05-02,volatility,0.27313233443478807,0.1756335110309071
SYNTHETIC,decoupled,9416042,2017-05-01,2017-05-02,sharpe,1.2514161357139157,-3.0885714114127345
SYNTHETIC,decoupled,9416042,2017-05-02,2017-05-03,open,63.50457469005281,60.724891399792114
SYNTHETIC,decoupled,9416042,2017-05-02,2017-05-03,close,65.28785163391485,60.54341611391706
SYNTHETIC,decoupled,9416042,2017-05-02,2017-05-03,volatility,0.2958665812700981,0.1764531052177507
SYNTHETIC,decoupled,9416042,2017-05-02,2017-05-03,sharpe,2.5286045459104733,-3.147805006340927
SYNTHETIC,decoupled,9416042,2017-05-03,2017-05-04,open,65.21101246561399,60.61900510266017
SYNTHETIC,decoupled,9416042,2017-05-03,2017-05-04,close,66.76328801120691,60.44724116913174
SYNTHETIC,decoupled,9416042,2017-05-03,2017-05-04,volatility,0.2978576134068155,0.17665354076944742
SYNTHETIC,decoupled,9416042,2017-05-03,2017-05-04,sharpe,3.9907091075849337,-3.1581371187237224
SYNTHETIC,decoupled,9416042,2017-05-04,2017-05-05,open,66.39896478300794,60.66328554841643
SYNTHETIC,decoupled,9416042,2017-05-04,2017-05-05,close,67.86895178712845,60.49853040728295
SYNTHETIC,decoupled,9416042,2017-05-04,2017-05-05,volatility,0.2962733510277079,0.17662695419485994
SYNTHETIC,decoupled,9416042,2017-05-04,2017-05-05,sharpe,5.085382228946306,-3.1712568136646957
SYNTHETIC,decoupled,9416042,2017-05-05,2017-05-08,open,67.74268502562491,60.52108177253302
SYNTHETIC,decoupled,9416042,2017-05-05,2017-05-08,close,68.76715393744648,60.33894061373455
SYNTHETIC,decoupled,9416042,2017-05-05,2017-05-08,volatility,0.277901465926641,0.17697099436845593
SYNTHETIC,decoupled,9416042,2017-05-05,2017-05-08,sharpe,7.021447387694577,-3.1698500196418973
SYNTHETIC,decoupled,9416042,2017-05-08,2017-05-09,open,68.59864196212297,60.738917861938106
SYNTHETIC,decoupled,9416042,2017-05-08,2017-05-09,close,68.73844212777394,60.535222775454194
SYNTHETIC,decoupled,9416042,2017-05-08,2017-05-09,volatility,0.27802344622345143,0.1764152785075719
SYNTHETIC,decoupled,9416042,2017-05-08,2017-05-09,sharpe,6.328403999598374,-3.167854796369876
SYNTHETIC,decoupled,9416042,2017-05-09,2017-05-10,open,68.62107025823283,60.53428019193068
SYNTHETIC,decoupled,9416042,2017-05-09,2017-05-10,close,68.3397784275233,60.31980691459279
SYNTHETIC,decoupled,9416042,2017-05-09,2017-05-10,volatility,0.2774083632567106,0.1765027327169989
SYNTHETIC,decoupled,9416042,2017-05-09,2017-05-10,sharpe,5.192616090123128,-3.197971207732095
SYNTHETIC,decoupled,9416042,2017-05-10,2017-05-11,open,68.40824481524946,60.64567442836628
SYNTHETIC,decoupled,9416042,2017-05-10,2017-05-11,close,68.05704379806608,60.43219088139219
SYNTHETIC,decoupled,9416042,2017-05-10,2017-05-11,volatility,0.2688315919879854,0.1760484719361907
SYNTHETIC,decoupled,9416042,2017-05-10,2017-05-11,sharpe,5.884091414226732,-3.189320783535718
SYNTHETIC,decoupled,9416042,2017-05-11,2017-05-12,open,68.14738016661333,60.466870104804656
SYNTHETIC,decoupled,9416042,2017-05-11,2017-05-12,close,67.27541071909953,60.25550644283729
SYNTHETIC,decoupled,9416042,2017-05-11,2017-05-12,volatility,0.27204438324935354,0.17633764926702608
SYNTHETIC,decoupled,9416042,2017-05-11,2017-05-12,sharpe,5.619485589935247,-3.2353347754356783
SYNTHETIC,decoupled,9416042,2017-05-12,2017-05-15,open,67.27807347801382,60.387891228737764
SYNTHETIC,decoupled,9416042,2017-05-12,2017-05-15,close,67.1344823940998,60.16364029255105
SYNTHETIC,decoupled,9416042,2017-05-12,2017-05-15,volatility,0.2564376079881213,0.17675450092783226
SYNTHETIC,decoupled,9416042,2017-05-12,2017-05-15,sharpe,6.834843137140886,-3.2683280989399783
SYNTHETIC,decoupled,9416042,2017-05-15,2017-05-16,open,67.19268843620321,60.21590965996198
SYNTHETIC,decoupled,9416042,2017-05-15,2017-05-16,close,67.8442789784387,60.00449596206471
SYNTHETIC,decoupled,9416042,2017-05-15,2017-05-16,volatility,0.24281802211709497,0.17695342078185033
SYNTHETIC,decoupled,9416042,2017-05-15,2017-05-16,sharpe,8.55744771036645,-3.3047855884463186
SYNTHETIC,decoupled,9416042,2017-05-16,2017-05-17,open,67.68895026025807,60.37474571941988
SYNTHETIC,decoupled,9416042,2017-05-16,2017-05-17,close,67.08162258409236,60.17888414459733
SYNTHETIC,decoupled,9416042,2017-05-16,2017-05-17,volatility,0.25089879172014606,0.1765317939000413
SYNTHETIC,decoupled,9416042,2017-05-16,2017-05-17,sharpe,7.732127077752926,-3.2813066002458697
SYNTHETIC,decoupled,9416042,2017-05-17,2017-05-18,open,66.81130193112357,60.32498378939984
SYNTHETIC,decoupled,9416042,2017-05-17,2017-05-18,close,65.70897147989811,60.142464887708186
SYNTHETIC,decoupled,9416042,2017-05-17,2017-05-18,volatility,0.2651354180186175,0.17658819563993483
SYNTHETIC,decoupled,9416042,2017-05-17,2017-05-18,sharpe,6.700489096384829,-3.307524686197445
SYNTHETIC,decoupled,9416042,2017-05-18,2017-05-19,open,65.82055476952429,60.38245207253781
SYNTHETIC,decoupled,9416042,2017-05-18,2017-05-19,close,66.8805440116283,60.200417510829354
SYNTHETIC,decoupled,9416042,2017-05-18,2017-05-19,volatility,0.2659075276584204,0.1767083224141181
SYNTHETIC,decoupled,9416042,2017-05-18,2017-05-19,sharpe,7.580503879341763,-3.3039722190771057
SYNTHETIC,decoupled,9416042,2017-05-19,2017-05-22,open,66.65315379861003,60.242727133891435
SYNTHETIC,decoupled,9416042,2017-05-19,2017-05-22,close,65.03060301411351,60.06864529456702
SYNTHETIC,decoupled,9416042,2017-05-19,2017-05-22,volatility,0.29454455577565813,0.17713556356385923
SYNTHETIC,decoupled,9416042,2017-05-19,2017-05-22,sharpe,5.350343203300052,-3.343485132969673
SYNTHETIC,decoupled,9416042,2017-05-22,2017-05-23,open,64.94892919314492,60.121906966745506
SYNTHETIC,decoupled,9416042,2017-05-22,2017-05-23,close,66.1724857221551,59.957950375211254
SYNTHETIC,decoupled,9416042,2017-05-22,2017-05-23,volatility,0.2873475775318095,0.1775575345709065
SYNTHETIC,decoupled,9416042,2017-05-22,2017-05-23,sharpe,5.061431879426129,-3.3814184706179473
SYNTHETIC,decoupled,9416042,2017-05-23,2017-05-24,open,66.00357872919457,60.0550815360009
SYNTHETIC,decoupled,9416042,2017-05-23,2017-05-24,close,66.5875622342459,59.9133351282934
SYNTHETIC,decoupled,9416042,2017-05-23,2017-05-24,volatility,0.2843459604359226,0.17771468380752073
SYNTHETIC,decoupled,9416042,2017-05-23,2017-05-24,sharpe,5.628356354742491,-3.4083301831576827
SYNTHETIC,decoupled,9416042,2017-05-24,2017-05-25,open,66.67459410241493,59.997163517184916
SYNTHETIC,decoupled,9416042,2017-05-24,2017-05-25,close,64.54971858637897,59.85548856780605
SYNTHETIC,decoupled,9416042,2017-05-24,2017-05-25,volatility,0.2903757073031983,0.17789221376470665
SYNTHETIC,decoupled,9416042,2017-05-24,2017-05-25,sharpe,2.61910256425512,-3.434436313282065
SYNTHETIC,decoupled,9416042,2017-05-25,2017-05-26,open,64.55013799734384,59.94460528944924
SYNTHETIC,decoupled,9416042,2017-05-25,2017-05-26,close,65.1520431525353,59.81912499379966
SYNTHETIC,decoupled,9416042,2017-05-25,2017-05-26,volatility,0.28772578890732414,0.178065606485882
SYNTHETIC,decoupled,9416042,2017-05-25,2017-05-26,sharpe,2.3771111400458467,-3.4479497636257648
SYNTHETIC,decoupled,9416042,2017-05-26,2017-05-29,open,64.9572720664831,59.83879042092498
SYNTHETIC,decoupled,9416042,2017-05-26,2017-05-29,close,64.36418216535489,59.7084300744439
SYNTHETIC,decoupled,9416042,2017-05-26,2017-05-29,volatility,0.2726638984176322,0.1787544524150647
SYNTHETIC,decoupled,9416042,2017-05-26,2017-05-29,sharpe,0.5457050973520534,-3.4731636263767314
SYNTHETIC,decoupled,9416042,2017-05-29,2017-05-30,open,64.5023610164954,59.725671315889
SYNTHETIC,decoupled,9416042,2017-05-29,2017-05-30,close,64.96268767706059,59.60507468934873
SYNTHETIC,decoupled,9416042,2017-05-29,2017-05-30,volatility,0.2715652983893232,0.17920714723271006
SYNTHETIC,decoupled,9416042,2017-05-29,2017-05-30,sharpe,1.4231211455695405,-3.478403364782482
SYNTHETIC,decoupled,9416042,2017-05-30,2017-05-31,open,64.70003222775243,59.6425098980166
SYNTHETIC,decoupled,9416042,2017-05-30,2017-05-31,close,65.97459987296278,59.51698171726077
SYNTHETIC,decoupled,9416042,2017-05-30,2017-05-31,volatility,0.2503534792898585,0.17934065235885271
SYNTHETIC,decoupled,9416042,2017-05-30,2017-05-31,sharpe,0.6462420885064433,-3.510621372144922
SYNTHETIC,decoupled,9416042,2017-05-31,2017-06-01,open,66.0031527595436,59.668565466797425
SYNTHETIC,decoupled,9416042,2017-05-31,2017-06-01,close,67.14781894266562,59.55436879568356
SYNTHETIC,decoupled,9416042,2017-05-31,2017-06-01,volatility,0.24528365268038604,0.1790818817794071
SYNTHETIC,decoupled,9416042,2017-05-31,2017-06-01,sharpe,0.4122031834782254,-3.5373824879354805
SYNTHETIC,decoupled,9416042,2017-06-01,2017-06-02,open,67.30638456864162,59.649914663679866
SYNTHETIC,decoupled,9416042,2017-06-01,2017-06-02,close,67.85250283800886,59.535823744159515
SYNTHETIC,decoupled,9416042,2017-06-01,2017-06-02,volatility,0.24088865130249584,0.179263850565509
SYNTHETIC,decoupled,9416042,2017-06-01,2017-06-02,sharpe,0.10241073487964168,-3.5832253137741814
SYNTHETIC,decoupled,9416042,2017-06-02,2017-06-05,open,67.62304826506683,59.6449305341659
SYNTHETIC,decoupled,9416042,2017-06-02,2017-06-05,close,67.97901447708134,59.53630898070926
SYNTHETIC,decoupled,9416042,2017-06-02,2017-06-05,volatility,0.2359962444084572,0.17903980570252212
SYNTHETIC,decoupled,9416042,2017-06-02,2017-06-05,sharpe,-0.502510258248657,-3.6108241882611365
SYNTHETIC,decoupled,9416042,2017-06-05,2017-06-06,open,67.83008330832791,59.61902046810443
SYNTHETIC,decoupled,9416042,2017-06-05,2017-06-06,close,67.12594673684147,59.497468844203084
SYNTHETIC,decoupled,9416042,2017-06-05,2017-06-06,volatility,0.2398572913603607,0.1793305528630961
SYNTHETIC,decoupled,9416042,2017-06-05,2017-06-06,sharpe,-1.1317020384334715,-3.648599289130032
SYNTHETIC,decoupled,9416042,2017-06-06,2017-06-07,open,66.98566994152763,59.68889351944357
SYNTHETIC,decoupled,9416042,2017-06-06,2017-06-07,close,67.36017321996086,59.566298190422856
SYNTHETIC,decoupled,9416042,2017-06-06,2017-06-07,volatility,0.23969788536252798,0.179228138872244
SYNTHETIC,decoupled,9416042,2017-06-06,2017-06-07,sharpe,-0.644163386040812,-3.6661958948458038
SYNTHETIC,decoupled,9416042,2017-06-07,2017-06-08,open,67.412297050308,59.78731684982451
SYNTHETIC,decoupled,9416042,2017-06-07,2017-06-08,close,66.81975175290479,59.66594403490005
SYNTHETIC,decoupled,9416042,2017-06-07,2017-06-08,volatility,0.2408497321229481,0.179396508911571
SYNTHETIC,decoupled,9416042,2017-06-07,2017-06-08,sharpe,-0.844360870452939,-3.698807657610969
SYNTHETIC,decoupled,9416042,2017-06-08,2017-06-09,open,66.60843041690107,59.85124280819793
SYNTHETIC,decoupled,9416042,2017-06-08,2017-06-09,close,66.45302027632191,59.74091705918404
SYNTHETIC,decoupled,9416042,2017-06-08,2017-06-09,volatility,0.2382502034214412,0.17887008236169633
SYNTHETIC,decoupled,9416042,2017-06-08,2017-06-09,sharpe,-0.5364399456054292,-3.689766416485021
SYNTHETIC,decoupled,9416042,2017-06-09,2017-06-12,open,66.27382120418025,60.00642807215196
SYNTHETIC,decoupled,9416042,2017-06-09,2017-06-12,close,65.91655641283641,59.88659938987233
SYNTHETIC,decoupled,9416042,2017-06-09,2017-06-12,volatility,0.23971900653320152,0.17844936025860364
SYNTHETIC,decoupled,9416042,2017-06-09,2017-06-12,sharpe,-0.847367640463747,-3.696752783333908
SYNTHETIC,decoupled,9416042,2017-06-12,2017-06-13,open,65.82698593755693,60.16164508215385
SYNTHETIC,decoupled,9416042,2017-06-12,2017-06-13,close,66.01419214650804,60.04494029590746
SYNTHETIC,decoupled,9416042,2017-06-12,2017-06-13,volatility,0.23614083045058742,0.17835261080116788
SYNTHETIC,decoupled,9416042,2017-06-12,2017-06-13,sharpe,-1.3453146775373954,-3.7510012585552017
SYNTHETIC,decoupled,9416042,2017-06-13,2017-06-14,open,65.69011726333235,60.209258862935386
SYNTHETIC,decoupled,9416042,2017-06-13,2017-06-14,close,65.21174992902316,60.08870439018889
SYNTHETIC,decoupled,9416042,2017-06-13,2017-06-14,volatility,0.23667507641615937,0.1783868609288142
SYNTHETIC,decoupled,9416042,2017-06-13,2017-06-14,sharpe,-1.3909542495069795,-3.807960328338022
SYNTHETIC,decoupled,9416042,2017-06-14,2017-06-15,open,65.31925174851139,60.157346138172855
SYNTHETIC,decoupled,9416042,2017-06-14,2017-06-15,close,65.06286644812359,60.0216250774272
SYNTHETIC,decoupled,9416042,2017-06-14,2017-06-15,volatility,0.22570248966550677,0.17854482987947914
SYNTHETIC,decoupled,9416042,2017-06-14,2017-06-15,sharpe,-0.443702325147858,-3.858006346177164
SYNTHETIC,decoupled,9416042,2017-06-15,2017-06-16,open,65.2236350410095,60.25814777663928
SYNTHETIC,decoupled,9416042,2017-06-15,2017-06-16,close,64.92833015203279,60.12922827100701
SYNTHETIC,decoupled,9416042,2017-06-15,2017-06-16,volatility,0.21519683677004814,0.17812915752426478
SYNTHETIC,decoupled,9416042,2017-06-15,2017-06-16,sharpe,-1.6303833055092942,-3.9066298491621296
SYNTHETIC,decoupled,9416042,2017-06-16,2017-06-19,open,65.07789105160906,60.37565577279185
SYNTHETIC,decoupled,9416042,2017-06-16,2017-06-19,close,65.48212700376725,60.22634717323335
SYNTHETIC,decoupled,9416042,2017-06-16,2017-06-19,volatility,0.19389429776124265,0.17834107293924684
SYNTHETIC,decoupled,9416042,2017-06-16,2017-06-19,sharpe,0.5422402656729878,-3.9714020252159035
SYNTHETIC,decoupled,9416042,2017-06-19,2017-06-20,open,65.47654175549638,60.483692864666295
SYNTHETIC,decoupled,9416042,2017-06-19,2017-06-20,close,65.11898651932582,60.32390888695591
SYNTHETIC,decoupled,9416042,2017-06-19,2017-06-20,volatility,0.18388918683413685,0.17825603533963913
SYNTHETIC,decoupled,9416042,2017-06-19,2017-06-20,sharpe,-1.0113874117985564,-3.994456991740134
SYNTHETIC,decoupled,9416042,2017-06-20,2017-06-21,open,64.99648146407716,60.4159573805497
SYNTHETIC,decoupled,9416042,2017-06-20,2017-06-21,close,64.55336570027487,60.22229823218714
SYNTHETIC,decoupled,9416042,2017-06-20,2017-06-21,volatility,0.18399129063489555,0.1781838927700269
SYNTHETIC,decoupled,9416042,2017-06-20,2017-06-21,sharpe,-2.0352138000568814,-4.005367836410741
SYNTHETIC,decoupled,9416042,2017-06-21,2017-06-22,open,64.53575729115195,60.20127208639468
SYNTHETIC,decoupled,9416042,2017-06-21,2017-06-22,close,63.99801613338989,59.99328779323541
SYNTHETIC,decoupled,9416042,2017-06-21,2017-06-22,volatility,0.1515200194958971,0.1789341940535572
SYNTHETIC,decoupled,9416042,2017-06-21,2017-06-22,sharpe,-0.6418215872581934,-4.023499978858951
SYNTHETIC,decoupled,9416042,2017-06-22,2017-06-23,open,64.02323765592416,60.49824049109799
SYNTHETIC,decoupled,9416042,2017-06-22,2017-06-23,close,63.68591895997141,60.2215398843553
SYNTHETIC,decoupled,9416042,2017-06-22,2017-06-23,volatility,0.14778226340021344,0.17819267763004187
SYNTHETIC,decoupled,9416042,2017-06-22,2017-06-23,sharpe,-1.8694234590750038,-4.045695148138125
SYNTHETIC,decoupled,9416042,2017-06-23,2017-06-26,open,63.56651607042151,60.5884124945394
SYNTHETIC,decoupled,9416042,2017-06-23,2017-06-26,close,63.8707725102159,60.33864628992569
SYNTHETIC,decoupled,9416042,2017-06-23,2017-06-26,volatility,0.14247384216988768,0.17791015080942907
SYNTHETIC,decoupled,9416042,2017-06-23,2017-06-26,sharpe,-0.6129384181386653,-4.053991633243022
SYNTHETIC,decoupled,9416042,2017-06-26,2017-06-27,open,63.47153865580402,60.529370136528385
SYNTHETIC,decoupled,9416042,2017-06-26,2017-06-27,close,64.51896152311602,60.22815819270589
SYNTHETIC,decoupled,9416042,2017-06-26,2017-06-27,volatility,0.14326651436381793,0.1777663489921685
SYNTHETIC,decoupled,9416042,2017-06-26,2017-06-27,sharpe,-0.5348169113789938,-4.074176005342455
SYNTHETIC,decoupled,9416042,2017-06-27,2017-06-28,open,64.89383991992014,60.432385960317085
SYNTHETIC,decoupled,9416042,2017-06-27,2017-06-28,close,64.18612880088308,60.11646363302634
SYNTHETIC,decoupled,9416042,2017-06-27,2017-06-28,volatility,0.13117828726778186,0.17764230151021448
SYNTHETIC,decoupled,9416042,2017-06-27,2017-06-28,sharpe,-2.575797342097439,-4.115752462007889
SYNTHETIC,decoupled,9416042,2017-06-28,2017-06-29,open,64.34512441227047,60.54658972198827
SYNTHETIC,decoupled,9416042,2017-06-28,2017-06-29,close,64.34715184421727,60.189713139510715
SYNTHETIC,decoupled,9416042,2017-06-28,2017-06-29,volatility,0.11135086121488831,0.17722550784804397
SYNTHETIC,decoupled,9416042,2017-06-28,2017-06-29,sharpe,-4.762815592389284,-4.124735962136349
SYNTHETIC,decoupled,9416042,2017-06-29,2017-06-30,open,64.4779256632741,60.55872464878263
SYNTHETIC,decoupled,9416042,2017-06-29,2017-06-30,close,64.52657684238903,60.219418631678835
SYNTHETIC,decoupled,9416042,2017-06-29,2017-06-30,volatility,0.10281935640642624,0.17713998692647237
SYNTHETIC,decoupled,9416042,2017-06-29,2017-06-30,sharpe,-6.102360738548323,-4.155667212104358
SYNTHETIC,decoupled,9416042,2017-06-30,2017-07-03,open,64.24829517064828,60.459092323079034
SYNTHETIC,decoupled,9416042,2017-06-30,2017-07-03,close,64.65320805750372,60.08743429014885
SYNTHETIC,decoupled,9416042,2017-06-30,2017-07-03,volatility,0.10287495038079235,0.17669640562777741
SYNTHETIC,decoupled,9416042,2017-06-30,2017-07-03,sharpe,-6.087065409414556,-4.17929900090885
SYNTHETIC,decoupled,9416042,2017-07-03,2017-07-04,open,65.07463372344948,60.39617694722914
SYNTHETIC,decoupled,9416042,2017-07-03,2017-07-04,close,64.39334324273533,60.03329727027948
SYNTHETIC,decoupled,9416042,2017-07-03,2017-07-04,volatility,0.09603581308669956,0.17678391783584008
SYNTHETIC,decoupled,9416042,2017-07-03,2017-07-04,sharpe,-5.4014570000113995,-4.203666877238588
SYNTHETIC,decoupled,9416042,2017-07-04,2017-07-05,open,64.50995901102932,60.41125102895451
SYNTHETIC,decoupled,9416042,2017-07-04,2017-07-05,close,64.50140627727566,60.01950647631658
SYNTHETIC,decoupled,9416042,2017-07-04,2017-07-05,volatility,0.09485604915024062,0.17623283026608189
SYNTHETIC,decoupled,9416042,2017-07-04,2017-07-05,sharpe,-5.70922236049002,-4.240311988255853
SYNTHETIC,decoupled,9416042,2017-07-05,2017-07-06,open,64.44176432321431,60.4828066208302
SYNTHETIC,decoupled,9416042,2017-07-05,2017-07-06,close,64.30482718547786,60.107342246517526
SYNTHETIC,decoupled,9416042,2017-07-05,2017-07-06,volatility,0.09238160478814646,0.1760068521152396
SYNTHETIC,decoupled,9416042,2017-07-05,2017-07-06,sharpe,-5.18357371143115,-4.297402995483319
SYNTHETIC,decoupled,9416042,2017-07-06,2017-07-07,open,64.3040088014945,64.68262103590075
SYNTHETIC,decoupled,9416042,2017-07-06,2017-07-07,close,64.43757598392546,65.36569527779449
SYNTHETIC,decoupled,9416042,2017-07-06,2017-07-07,volatility,0.09238100405427947,0.18401309631665183
SYNTHETIC,decoupled,9416042,2017-07-06,2017-07-07,sharpe,-4.153476974836998,-2.4285881073312257
SYNTHETIC,decoupled,9416042,2017-07-07,2017-07-10,open,64.6454088607199,64.78069215154102
SYNTHETIC,decoupled,9416042,2017-07-07,2017-07-10,close,65.1635962204534,65.48307336198974
SYNTHETIC,decoupled,9416042,2017-07-07,2017-07-10,volatility,0.09943177530561557,0.18327441034202763
SYNTHETIC,decoupled,9416042,2017-07-07,2017-07-10,sharpe,-1.4082030030439014,-2.520306200926993
SYNTHETIC,decoupled,9416042,2017-07-10,2017-07-11,open,64.9551437597653,64.87845104769028
SYNTHETIC,decoupled,9416042,2017-07-10,2017-07-11,close,65.69017760801282,65.57164761891809
SYNTHETIC,decoupled,9416042,2017-07-10,2017-07-11,volatility,0.10388487383950597,0.18289130389485178
SYNTHETIC,decoupled,9416042,2017-07-10,2017-07-11,sharpe,-0.5473728434319896,-2.5364087779139877
SYNTHETIC,decoupled,9416042,2017-07-11,2017-07-12,open,66.09399836298421,64.90582080297463
SYNTHETIC,decoupled,9416042,2017-07-11,2017-07-12,close,65.38913532438947,65.58421132223528
SYNTHETIC,decoupled,9416042,2017-07-11,2017-07-12,volatility,0.09548909404867599,0.18248935667998056
SYNTHETIC,decoupled,9416042,2017-07-11,2017-07-12,sharpe,0.40375345478195507,-2.5311148312512097
SYNTHETIC,decoupled,9416042,2017-07-12,2017-07-13,open,65.42104701279469,65.07713861120216
SYNTHETIC,decoupled,9416042,2017-07-12,2017-07-13,close,64.88434859446562,65.73428652601173
SYNTHETIC,decoupled,9416042,2017-07-12,2017-07-13,volatility,0.09920637442911993,0.18197795202839767
SYNTHETIC,decoupled,9416042,2017-07-12,2017-07-13,sharpe,-0.3018739455410224,-2.5711328374691664
SYNTHETIC,decoupled,9416042,2017-07-13,2017-07-14,open,64.98218886479933,65.06692308680871
SYNTHETIC,decoupled,9416042,2017-07-13,2017-07-14,close,64.41461063555369,65.71382186053516
SYNTHETIC,decoupled,9416042,2017-07-13,2017-07-14,volatility,0.10220715609105899,0.1815868367648129
SYNTHETIC,decoupled,9416042,2017-07-13,2017-07-14,sharpe,-0.9305891811699611,-2.6056705512529863
SYNTHETIC,decoupled,9416042,2017-07-14,2017-07-17,open,64.39100593130591,65.21556186591421
SYNTHETIC,decoupled,9416042,2017-07-14,2017-07-17,close,64.82702699734105,65.8772569540769
SYNTHETIC,decoupled,9416042,2017-07-14,2017-07-17,volatility,0.1000040204053371,0.1811667477926095
SYNTHETIC,decoupled,9416042,2017-07-14,2017-07-17,sharpe,-1.2190600454453162,-2.6676747683570325
SYNTHETIC,decoupled,9416042,2017-07-17,2017-07-18,open,64.66148634443117,65.44191504984713
SYNTHETIC,decoupled,9416042,2017-07-17,2017-07-18,close,64.55555475474361,66.12121828556229
SYNTHETIC,decoupled,9416042,2017-07-17,2017-07-18,volatility,0.09920533194082061,0.1801459163094635
SYNTHETIC,decoupled,9416042,2017-07-17,2017-07-18,sharpe,-1.056395527938714,-2.7788108108101515
SYNTHETIC,decoupled,9416042,2017-07-18,2017-07-19,open,64.77573721078609,65.70739825655852
SYNTHETIC,decoupled,9416042,2017-07-18,2017-07-19,close,64.59038888417169,66.36429430525092
SYNTHETIC,decoupled,9416042,2017-07-18,2017-07-19,volatility,0.09428806750745172,0.17941222094371115
SYNTHETIC,decoupled,9416042,2017-07-18,2017-07-19,sharpe,0.1213510884942163,-2.8380694855840587
SYNTHETIC,decoupled,9416042,2017-07-19,2017-07-20,open,64.57209110481251,65.74992998502935
SYNTHETIC,decoupled,9416042,2017-07-19,2017-07-20,close,64.2511425383096,66.41751996347523
SYNTHETIC,decoupled,9416042,2017-07-19,2017-07-20,volatility,0.09090117828678801,0.17841819027650455
SYNTHETIC,decoupled,9416042,2017-07-19,2017-07-20,sharpe,0.590317196204403,-2.9377213043565664
SYNTHETIC,decoupled,9416042,2017-07-20,2017-07-21,open,64.30511426186214,65.87635955100878
SYNTHETIC,decoupled,9416042,2017-07-20,2017-07-21,close,64.23557884335507,66.55127185964321
SYNTHETIC,decoupled,9416042,2017-07-20,2017-07-21,volatility,0.08892670273599083,0.17786822084387824
SYNTHETIC,decoupled,9416042,2017-07-20,2017-07-21,sharpe,1.2600763929690366,-3.0261782750053765
SYNTHETIC,decoupled,9416042,2017-07-21,2017-07-24,open,64.27105305848286,65.9541601878861
SYNTHETIC,decoupled,9416042,2017-07-21,2017-07-24,close,64.59043663694042,66.6354284701226
SYNTHETIC,decoupled,9416042,2017-07-21,2017-07-24,volatility,0.09036316069240366,0.17685948928430537
SYNTHETIC,decoupled,9416042,2017-07-21,2017-07-24,sharpe,1.6056136955743134,-3.099436193839673
SYNTHETIC,decoupled,9416042,2017-07-24,2017-07-25,open,64.47789535987688,66.03710501256744
SYNTHETIC,decoupled,9416042,2017-07-24,2017-07-25,close,63.81535461240955,66.6978592914418
SYNTHETIC,decoupled,9416042,2017-07-24,2017-07-25,volatility,0.09339347964277239,0.17638447110240163
SYNTHETIC,decoupled,9416042,2017-07-24,2017-07-25,sharpe,-1.434591045964266,-3.156637726414856
SYNTHETIC,decoupled,9416042,2017-07-25,2017-07-26,open,63.67661076497034,66.12579467588306
SYNTHETIC,decoupled,9416042,2017-07-25,2017-07-26,close,63.398029062303976,66.80591783501137
SYNTHETIC,decoupled,9416042,2017-07-25,2017-07-26,volatility,0.09442381427638367,0.1752919449982095
SYNTHETIC,decoupled,9416042,2017-07-25,2017-07-26,sharpe,-1.6032053853178805,-3.250399435952585
SYNTHETIC,decoupled,9416042,2017-07-26,2017-07-27,open,63.543543019760016,66.19883768242143
SYNTHETIC,decoupled,9416042,2017-07-26,2017-07-27,close,63.16715401145569,66.86139390828953
SYNTHETIC,decoupled,9416042,2017-07-26,2017-07-27,volatility,0.0942612746083887,0.1751781715789067
SYNTHETIC,decoupled,9416042,2017-07-26,2017-07-27,sharpe,-2.4280953457681527,-3.226805471164261
SYNTHETIC,decoupled,9416042,2017-07-27,2017-07-28,open,62.97076309035871,66.23407536887883
SYNTHETIC,decoupled,9416042,2017-07-27,2017-07-28,close,63.56093604173733,66.88519780349617
SYNTHETIC,decoupled,9416042,2017-07-27,2017-07-28,volatility,0.09681240189156318,0.1742417686265233
SYNTHETIC,decoupled,9416042,2017-07-27,2017-07-28,sharpe,-1.915674867558252,-3.2395247572043884
SYNTHETIC,decoupled,9416042,2017-07-28,2017-07-31,open,63.61018191921295,66.24228971501094
SYNTHETIC,decoupled,9416042,2017-07-28,2017-07-31,close,63.93025871630451,66.83509450332019
SYNTHETIC,decoupled,9416042,2017-07-28,2017-07-31,volatility,0.09916984485737215,0.17476229021559467
SYNTHETIC,decoupled,9416042,2017-07-28,2017-07-31,sharpe,-1.3812211715000207,-3.1007452189223397
SYNTHETIC,decoupled,9416042,2017-07-31,2017-08-01,open,64.09452750826084,66.28612681830603
SYNTHETIC,decoupled,9416042,2017-07-31,2017-08-01,close,64.00107362180886,66.89836458833933
SYNTHETIC,decoupled,9416042,2017-07-31,2017-08-01,volatility,0.09845381458019951,0.17445221680465645
SYNTHETIC,decoupled,9416042,2017-07-31,2017-08-01,sharpe,-0.7351122186216328,-3.1220480660492136
SYNTHETIC,decoupled,9416042,2017-08-01,2017-08-02,open,63.80909779824455,66.42653787044406
SYNTHETIC,decoupled,9416042,2017-08-01,2017-08-02,close,63.71999661999387,67.00898845652807
SYNTHETIC,decoupled,9416042,2017-08-01,2017-08-02,volatility,0.09920150207737544,0.1746901837744896
SYNTHETIC,decoupled,9416042,2017-08-01,2017-08-02,sharpe,-1.5005383859447738,-2.930024144776825
SYNTHETIC,decoupled,9416042,2017-08-02,2017-08-03,open,63.733702829308,66.38627345018166
SYNTHETIC,decoupled,9416042,2017-08-02,2017-08-03,close,64.620249330338,66.9444617040927
SYNTHETIC,decoupled,9416042,2017-08-02,2017-08-03,volatility,0.11152876244240727,0.175122250749854
SYNTHETIC,decoupled,9416042,2017-08-02,2017-08-03,sharpe,0.6057727045663504,-2.8146548156460147
SYNTHETIC,decoupled,9416042,2017-08-03,2017-08-04,open,64.76716401153635,66.37946855203747
SYNTHETIC,decoupled,9416042,2017-08-03,2017-08-04,close,65.46810689207878,66.93945731576503
SYNTHETIC,decoupled,9416042,2017-08-03,2017-08-04,volatility,0.12043965070825459,0.17549555479589066
SYNTHETIC,decoupled,9416042,2017-08-03,2017-08-04,sharpe,1.7176222764045126,-2.6265317804861916
SYNTHETIC,decoupled,9416042,2017-08-04,2017-08-07,open,65.35690892735974,66.30023170550156
SYNTHETIC,decoupled,9416042,2017-08-04,2017-08-07,close,64.87059027936662,66.85214715336527
SYNTHETIC,decoupled,9416042,2017-08-04,2017-08-07,volatility,0.11872275317735861,0.17645867999328116
SYNTHETIC,decoupled,9416042,2017-08-04,2017-08-07,sharpe,-0.4219317497358934,-2.413720448807399
SYNTHETIC,decoupled,9416042,2017-08-07,2017-08-08,open,64.92901561014358,66.27193867257955
SYNTHETIC,decoupled,9416042,2017-08-07,2017-08-08,close,65.30188196726495,66.81192042724413
SYNTHETIC,decoupled,9416042,2017-08-07,2017-08-08,volatility,0.11750039568396116,0.1772983377439294
SYNTHETIC,decoupled,9416042,2017-08-07,2017-08-08,sharpe,-0.5799248004269861,-2.2217953843264575
SYNTHETIC,decoupled,9416042,2017-08-08,2017-08-09,open,65.42068359766904,66.23621035549344
SYNTHETIC,decoupled,9416042,2017-08-08,2017-08-09,close,65.56898345372593,66.76928286044155
SYNTHETIC,decoupled,9416042,2017-08-08,2017-08-09,volatility,0.1173116180830428,0.17786926123139551
SYNTHETIC,decoupled,9416042,2017-08-08,2017-08-09,sharpe,0.3506780997194378,-2.152671103948489
SYNTHETIC,decoupled,9416042,2017-08-09,2017-08-10,open,65.76033893478028,66.17392554055905
SYNTHETIC,decoupled,9416042,2017-08-09,2017-08-10,close,65.38853866529412,66.71333887908288
SYNTHETIC,decoupled,9416042,2017-08-09,2017-08-10,volatility,0.11416731849231211,0.17821807823998168
SYNTHETIC,decoupled,9416042,2017-08-09,2017-08-10,sharpe,0.9085986022676815,-2.1115623634086003
SYNTHETIC,decoupled,9416042,2017-08-10,2017-08-11,open,65.28601893693474,66.22104094850957
SYNTHETIC,decoupled,9416042,2017-08-10,2017-08-11,close,65.74251753010802,66.78217187128136
SYNTHETIC,decoupled,9416042,2017-08-10,2017-08-11,volatility,0.11172904257080937,0.17838599245031936
SYNTHETIC,decoupled,9416042,2017-08-10,2017-08-11,sharpe,2.3553516190808454,-2.0318609099830414
SYNTHETIC,decoupled,9416042,2017-08-11,2017-08-14,open,65.89077340672041,66.16551791569442
SYNTHETIC,decoupled,9416042,2017-08-11,2017-08-14,close,65.6760202656827,66.73481363184435
SYNTHETIC,decoupled,9416042,2017-08-11,2017-08-14,volatility,0.11010079366183444,0.17899248960471678
SYNTHETIC,decoupled,9416042,2017-08-11,2017-08-14,sharpe,1.54172070741911,-1.981274868135626
SYNTHETIC,decoupled,9416042,2017-08-14,2017-08-15,open,65.68254923999898,66.04103897815396
SYNTHETIC,decoupled,9416042,2017-08-14,2017-08-15,close,65.24059565213261,66.5988588541418
SYNTHETIC,decoupled,9416042,2017-08-14,2017-08-15,volatility,0.11185824713824175,0.18007577685100826
SYNTHETIC,decoupled,9416042,2017-08-14,2017-08-15,sharpe,1.2423970444808519,-1.885166928634956
SYNTHETIC,decoupled,9416042,2017-08-15,2017-08-16,open,64.99268795322433,65.9548545045637
SYNTHETIC,decoupled,9416042,2017-08-15,2017-08-16,close,65.42918018050865,66.52352862402545
SYNTHETIC,decoupled,9416042,2017-08-15,2017-08-16,volatility,0.11216581258194151,0.18082291597421019
SYNTHETIC,decoupled,9416042,2017-08-15,2017-08-16,sharpe,1.5030870209378877,-1.8024905620996856
SYNTHETIC,decoupled,9416042,2017-08-16,2017-08-17,open,65.34214623511917,65.9705517111633
SYNTHETIC,decoupled,9416042,2017-08-16,2017-08-17,close,66.04739362328394,66.56379100028605
SYNTHETIC,decoupled,9416042,2017-08-16,2017-08-17,volatility,0.11399629036312162,0.18097318152754938
SYNTHETIC,decoupled,9416042,2017-08-16,2017-08-17,sharpe,3.103836425803899,-1.7473403439211115
SYNTHETIC,decoupled,9416042,2017-08-17,2017-08-18,open,65.90651416662101,65.89069042564542
SYNTHETIC,decoupled,9416042,2017-08-17,2017-08-18,close,65.9900849113829,66.47882631997872
SYNTHETIC,decoupled,9416042,2017-08-17,2017-08-18,volatility,0.11413762443592779,0.1818314036929587
SYNTHETIC,decoupled,9416042,2017-08-17,2017-08-18,sharpe,3.0309467399788574,-1.6473374540322538
SYNTHETIC,decoupled,9416042,2017-08-18,2017-08-21,open,66.00490154310857,66.00369901379052
SYNTHETIC,decoupled,9416042,2017-08-18,2017-08-21,close,65.7809757402576,66.60644193589094
SYNTHETIC,decoupled,9416042,2017-08-18,2017-08-21,volatility,0.11411510472461844,0.18166506631995186
SYNTHETIC,decoupled,9416042,2017-08-18,2017-08-21,sharpe,2.0716960198507266,-1.5994089259237585
SYNTHETIC,decoupled,9416042,2017-08-21,2017-08-22,open,65.77427188679755,65.90927789267593
SYNTHETIC,decoupled,9416042,2017-08-21,2017-08-22,close,65.19602400896325,66.52055332280243
SYNTHETIC,decoupled,9416042,2017-08-21,2017-08-22,volatility,0.1098973458683604,0.1823307300957084
SYNTHETIC,decoupled,9416042,2017-08-21,2017-08-22,sharpe,2.5074923391491577,-1.570628217252318
SYNTHETIC,decoupled,9416042,2017-08-22,2017-08-23,open,65.21692725304655,65.72748735066477
SYNTHETIC,decoupled,9416042,2017-08-22,2017-08-23,close,64.37521390080408,66.34542052724808
SYNTHETIC,decoupled,9416042,2017-08-22,2017-08-23,volatility,0.11731886720070622,0.18316537014405987
SYNTHETIC,decoupled,9416042,2017-08-22,2017-08-23,sharpe,1.6990699493511432,-1.5023594366405055
SYNTHETIC,decoupled,9416042,2017-08-23,2017-08-24,open,64.44356677781212,66.06864958847422
SYNTHETIC,decoupled,9416042,2017-08-23,2017-08-24,close,63.945499977810435,66.70766902148515
SYNTHETIC,decoupled,9416042,2017-08-23,2017-08-24,volatility,0.11931615356508354,0.18318345771454222
SYNTHETIC,decoupled,9416042,2017-08-23,2017-08-24,sharpe,1.3502885783895306,-1.3998556282140266
SYNTHETIC,decoupled,9416042,2017-08-24,2017-08-25,open,63.87651384428869,65.94139189746392
SYNTHETIC,decoupled,9416042,2017-08-24,2017-08-25,close,63.19060867221463,66.58531031572184
SYNTHETIC,decoupled,9416042,2017-08-24,2017-08-25,volatility,0.12513766198222068,0.18378688789323772
SYNTHETIC,decoupled,9416042,2017-08-24,2017-08-25,sharpe,-0.5288787670909499,-1.3458353920864483
SYNTHETIC,decoupled,9416042,2017-08-25,2017-08-28,open,63.04323940637603,65.96502245265374
SYNTHETIC,decoupled,9416042,2017-08-25,2017-08-28,close,62.80315053736687,66.61993848452417
SYNTHETIC,decoupled,9416042,2017-08-25,2017-08-28,volatility,0.12462950688007754,0.1837525388491132
SYNTHETIC,decoupled,9416042,2017-08-25,2017-08-28,sharpe,-1.738378063601369,-1.3563473800881503
SYNTHETIC,decoupled,9416042,2017-08-28,2017-08-29,open,62.91360005580229,65.91225884543519
SYNTHETIC,decoupled,9416042,2017-08-28,2017-08-29,close,63.35261813063501,66.57439543135501
SYNTHETIC,decoupled,9416042,2017-08-28,2017-08-29,volatility,0.12910082485825058,0.18402507702915527
SYNTHETIC,decoupled,9416042,2017-08-28,2017-08-29,sharpe,-0.9323885173195089,-1.2804912328105322
SYNTHETIC,decoupled,9416042,2017-08-29,2017-08-30,open,63.231806723559366,65.92804674436313
SYNTHETIC,decoupled,9416042,2017-08-29,2017-08-30,close,63.01889364240252,66.61084175727017
SYNTHETIC,decoupled,9416042,2017-08-29,2017-08-30,volatility,0.12948992505088214,0.1842741468845242
SYNTHETIC,decoupled,9416042,2017-08-29,2017-08-30,sharpe,-1.0148234960872529,-1.287205940070618
SYNTHETIC,decoupled,9416042,2017-08-30,2017-08-31,open,62.93797602941491,65.85153810147473
SYNTHETIC,decoupled,9416042,2017-08-30,2017-08-31,close,62.99585322569132,66.53691228055037
SYNTHETIC,decoupled,9416042,2017-08-30,2017-08-31,volatility,0.11739755512886804,0.18468675807144733
SYNTHETIC,decoupled,9416042,2017-08-30,2017-08-31,sharpe,-2.6749466972271607,-1.2382817211784016
SYNTHETIC,decoupled,9416042,2017-08-31,2017-09-01,open,62.84762013400137,65.80908665801587
SYNTHETIC,decoupled,9416042,2017-08-31,2017-09-01,close,62.44788000598079,66.4824997697663
SYNTHETIC,decoupled,9416042,2017-08-31,2017-09-01,volatility,0.10707713321590141,0.18466013065342746
SYNTHETIC,decoupled,9416042,2017-08-31,2017-09-01,sharpe,-5.500276491054273,-1.1860258701284436
SYNTHETIC,decoupled,9416042,2017-09-01,2017-09-04,open,62.32841437532842,65.72202350957238
SYNTHETIC,decoupled,9416042,2017-09-01,2017-09-04,close,62.36906886251994,66.40068418511191
SYNTHETIC,decoupled,9416042,2017-09-01,2017-09-04,volatility,0.1040595384534047,0.18495864600929113
SYNTHETIC,decoupled,9416042,2017-09-01,2017-09-04,sharpe,-4.7074714280429415,-1.1513533254660422
SYNTHETIC,decoupled,9416042,2017-09-04,2017-09-05,open,62.38554874683944,65.92918114184708
SYNTHETIC,decoupled,9416042,2017-09-04,2017-09-05,close,62.130604352920514,66.6115814976641
SYNTHETIC,decoupled,9416042,2017-09-04,2017-09-05,volatility,0.09911264588357205,0.18470105256243968
SYNTHETIC,decoupled,9416042,2017-09-04,2017-09-05,sharpe,-6.273706875058753,-1.1223803352988655
SYNTHETIC,decoupled,9416042,2017-09-05,2017-09-06,open,62.01987567931899,65.82265779855776
SYNTHETIC,decoupled,9416042,2017-09-05,2017-09-06,close,62.2184645145487,66.50488360108419
SYNTHETIC,decoupled,9416042,2017-09-05,2017-09-06,volatility,0.09720099541051173,0.18516735749888635
SYNTHETIC,decoupled,9416042,2017-09-05,2017-09-06,sharpe,-6.743994814333182,-1.1255356944296457
SYNTHETIC,decoupled,9416043,2017-03-16,2017-03-17,open,62.14574869322754,61.71934693101228
SYNTHETIC,decoupled,9416043,2017-03-16,2017-03-17,close,61.13461383615121,61.36496401768478
SYNTHETIC,decoupled,9416043,2017-03-16,2017-03-17,volatility,0.1410760593356886,0.1757848797368337
SYNTHETIC,decoupled,9416043,2017-03-16,2017-03-17,sharpe,-1.0618686379435445,-3.0688524934610015
SYNTHETIC,decoupled,9416043,2017-03-17,2017-03-20,open,60.860472767474135,61.6356167297824
SYNTHETIC,decoupled,9416043,2017-03-17,2017-03-20,close,61.67406672432166,61.322597298603974
SYNTHETIC,decoupled,9416043,2017-03-17,2017-03-20,volatility,0.1440932956408077,0.17606609578828053
SYNTHETIC,decoupled,9416043,2017-03-17,2017-03-20,sharpe,-0.6331670365419388,-3.062383224425508
SYNTHETIC,decoupled,9416043,2017-03-20,2017-03-21,open,61.78272517710395,61.461301826488935
SYNTHETIC,decoupled,9416043,2017-03-20,2017-03-21,close,62.68088389663312,61.116220625710184
SYNTHETIC,decoupled,9416043,2017-03-20,2017-03-21,volatility,0.1539925925536921,0.17634096292241025
SYNTHETIC,decoupled,9416043,2017-03-20,2017-03-21,sharpe,1.2297003566534872,-3.060799460856969
SYNTHETIC,decoupled,9416043,2017-03-21,2017-03-22,open,62.628642849637124,61.28438110176698
SYNTHETIC,decoupled,9416043,2017-03-21,2017-03-22,close,62.90049087641083,60.95604483610991
SYNTHETIC,decoupled,9416043,2017-03-21,2017-03-22,volatility,0.14826135006958246,0.1766254346306056
SYNTHETIC,decoupled,9416043,2017-03-21,2017-03-22,sharpe,2.4736502800298408,-3.041172296729491
SYNTHETIC,decoupled,9416043,2017-03-22,2017-03-23,open,62.59532750248797,61.11982546268637
SYNTHETIC,decoupled,9416043,2017-03-22,2017-03-23,close,63.46605058088946,60.780166473572066
SYNTHETIC,decoupled,9416043,2017-03-22,2017-03-23,volatility,0.15006535777760927,0.17696205871198828
SYNTHETIC,decoupled,9416043,2017-03-22,2017-03-23,sharpe,2.7453575575882097,-3.0860665834338645
SYNTHETIC,decoupled,9416043,2017-03-23,2017-03-24,open,63.635729286122896,61.053992095937375
SYNTHETIC,decoupled,9416043,2017-03-23,2017-03-24,close,62.81728809096633,60.768054120789415
SYNTHETIC,decoupled,9416043,2017-03-23,2017-03-24,volatility,0.15454431497156695,0.17733553125989493
SYNTHETIC,decoupled,9416043,2017-03-23,2017-03-24,sharpe,1.3019171085877912,-3.036039665670228
SYNTHETIC,decoupled,9416043,2017-03-24,2017-03-27,open,62.80298439091001,61.08605560427564
SYNTHETIC,decoupled,9416043,2017-03-24,2017-03-27,close,62.0066788327715,60.75956911008354
SYNTHETIC,decoupled,9416043,2017-03-24,2017-03-27,volatility,0.16062203521632068,0.17744014919890216
SYNTHETIC,decoupled,9416043,2017-03-24,2017-03-27,sharpe,-0.22006875029224,-3.0602581941018787
SYNTHETIC,decoupled,9416043,2017-03-27,2017-03-28,open,62.13677974721369,61.553428857377696
SYNTHETIC,decoupled,9416043,2017-03-27,2017-03-28,close,62.30196687279867,61.15591191485278
SYNTHETIC,decoupled,9416043,2017-03-27,2017-03-28,volatility,0.15928401272883191,0.176910760852033
SYNTHETIC,decoupled,9416043,2017-03-27,2017-03-28,sharpe,-0.42593820900769885,-3.0537114962987593
SYNTHETIC,decoupled,9416043,2017-03-28,2017-03-29,open,62.559838588582174,61.77241574101771
SYNTHETIC,decoupled,9416043,2017-03-28,2017-03-29,close,62.374512173732064,61.384201127894514
SYNTHETIC,decoupled,9416043,2017-03-28,2017-03-29,volatility,0.15891927025540878,0.17700204683798942
SYNTHETIC,decoupled,9416043,2017-03-28,2017-03-29,sharpe,-0.5718576897972618,-3.066498482616795
SYNTHETIC,decoupled,9416043,2017-03-29,2017-03-30,open,62.24105462291542,61.88803484732263
SYNTHETIC,decoupled,9416043,2017-03-29,2017-03-30,close,61.66556845498005,61.54194410583146
SYNTHETIC,decoupled,9416043,2017-03-29,2017-03-30,volatility,0.16196342481796588,0.17724594270067556
SYNTHETIC,decoupled,9416043,2017-03-29,2017-03-30,sharpe,-0.8862391481359831,-3.0619478896276435
SYNTHETIC,decoupled,9416043,2017-03-30,2017-03-31,open,61.793060081177195,62.09259315221041
SYNTHETIC,decoupled,9416043,2017-03-30,2017-03-31,close,61.824534893967666,61.68288013365615
SYNTHETIC,decoupled,9416043,2017-03-30,2017-03-31,volatility,0.16230191244487793,0.17738491129829762
SYNTHETIC,decoupled,9416043,2017-03-30,2017-03-31,sharpe,-0.5701035650693733,-3.102677111020758
SYNTHETIC,decoupled,9416043,2017-03-31,2017-04-03,open,62.105344809506484,62.19130748803006
SYNTHETIC,decoupled,9416043,2017-03-31,2017-04-03,close,62.22245804545226,61.74326689422357
SYNTHETIC,decoupled,9416043,2017-03-31,2017-04-03,volatility,0.15795185769096753,0.17723509695580675
SYNTHETIC,decoupled,9416043,2017-03-31,2017-04-03,sharpe,0.8817234187604266,-3.10305228058078
SYNTHETIC,decoupled,9416043,2017-04-03,2017-04-04,open,62.04069323810967,62.23944507860128
SYNTHETIC,decoupled,9416043,2017-04-03,2017-04-04,close,61.65912532926912,61.84350536366725
SYNTHETIC,decoupled,9416043,2017-04-03,2017-04-04,volatility,0.15448485027083345,0.1774514705325834
SYNTHETIC,decoupled,9416043,2017-04-03,2017-04-04,sharpe,-0.8811188618567111,-3.096173755696669
SYNTHETIC,decoupled,9416043,2017-04-04,2017-04-05,open,61.90820414301495,62.1557810149711
SYNTHETIC,decoupled,9416043,2017-04-04,2017-04-05,close,61.73067899895814,61.75670635571193
SYNTHETIC,decoupled,9416043,2017-04-04,2017-04-05,volatility,0.14646124269916913,0.17767288999066266
SYNTHETIC,decoupled,9416043,2017-04-04,2017-04-05,sharpe,-1.931403775721595,-3.061256466894349
SYNTHETIC,decoupled,9416043,2017-04-05,2017-04-06,open,61.48206461527924,62.09393442273249
SYNTHETIC,decoupled,9416043,2017-04-05,2017-04-06,close,60.96743873766739,61.67342730141663
SYNTHETIC,decoupled,9416043,2017-04-05,2017-04-06,volatility,0.14854494567131532,0.17805801253118594
SYNTHETIC,decoupled,9416043,2017-04-05,2017-04-06,sharpe,-3.5245636273021437,-3.076620494169031
SYNTHETIC,decoupled,9416043,2017-04-06,2017-04-07,open,60.72156009727457,61.925074548662906
SYNTHETIC,decoupled,9416043,2017-04-06,2017-04-07,close,60.43841499708744,61.500631384174284
SYNTHETIC,decoupled,9416043,2017-04-06,2017-04-07,volatility,0.14538145778938452,0.17843491086517238
SYNTHETIC,decoupled,9416043,2017-04-06,2017-04-07,sharpe,-3.2525393892244194,-3.067595120798118
SYNTHETIC,decoupled,9416043,2017-04-07,2017-04-10,open,60.15406010770085,61.854153877744395
SYNTHETIC,decoupled,9416043,2017-04-07,2017-04-10,close,59.1056311469176,61.44634322505172
SYNTHETIC,decoupled,9416043,2017-04-07,2017-04-10,volatility,0.1602433497131388,0.17883297870117545
SYNTHETIC,decoupled,9416043,2017-04-07,2017-04-10,sharpe,-3.945828226567272,-3.0739389904917367
SYNTHETIC,decoupled,9416043,2017-04-10,2017-04-11,open,58.96187540011791,61.890971356749645
SYNTHETIC,decoupled,9416043,2017-04-10,2017-04-11,close,59.9807934690439,61.45173650998164
SYNTHETIC,decoupled,9416043,2017-04-10,2017-04-11,volatility,0.17098199421169888,0.17890067470872023
SYNTHETIC,decoupled,9416043,2017-04-10,2017-04-11,sharpe,-2.782552039025076,-3.0304991010752675
SYNTHETIC,decoupled,9416043,2017-04-11,2017-04-12,open,60.046030232985636,61.94607191381809
SYNTHETIC,decoupled,9416043,2017-04-11,2017-04-12,close,61.1513381219161,61.45408579732083
SYNTHETIC,decoupled,9416043,2017-04-11,2017-04-12,volatility,0.18713729088869197,0.17927128599060088
SYNTHETIC,decoupled,9416043,2017-04-11,2017-04-12,sharpe,-1.1880168529454327,-3.024075378373671
SYNTHETIC,decoupled,9416043,2017-04-12,2017-04-13,open,60.9599105398329,61.72573317764006
SYNTHETIC,decoupled,9416043,2017-04-12,2017-04-13,close,60.21231019866447,61.26527309658821
SYNTHETIC,decoupled,9416043,2017-04-12,2017-04-13,volatility,0.19403039535615063,0.1796847195984787
SYNTHETIC,decoupled,9416043,2017-04-12,2017-04-13,sharpe,-2.1161704560834154,-2.9846141816086256
SYNTHETIC,decoupled,9416043,2017-04-13,2017-04-14,open,60.09042814891499,61.5005372961395
SYNTHETIC,decoupled,9416043,2017-04-13,2017-04-14,close,59.77443076638834,61.1445420005069
SYNTHETIC,decoupled,9416043,2017-04-13,2017-04-14,volatility,0.18476304079673786,0.18034438061419628
SYNTHETIC,decoupled,9416043,2017-04-13,2017-04-14,sharpe,-1.4457409061051967,-2.952972996526448
SYNTHETIC,decoupled,9416043,2017-04-14,2017-04-17,open,59.10590656015541,61.39126475390252
SYNTHETIC,decoupled,9416043,2017-04-14,2017-04-17,close,58.58674235797592,61.028459099352915
SYNTHETIC,decoupled,9416043,2017-04-14,2017-04-17,volatility,0.1923230012777236,0.18034175520928866
SYNTHETIC,decoupled,9416043,2017-04-14,2017-04-17,sharpe,-3.268760754165303,-2.9079855602230715
SYNTHETIC,decoupled,9416043,2017-04-17,2017-04-18,open,58.36057280275027,61.426439374931036
SYNTHETIC,decoupled,9416043,2017-04-17,2017-04-18,close,57.6941084221859,61.006981416003654
SYNTHETIC,decoupled,9416043,2017-04-17,2017-04-18,volatility,0.18380238512307356,0.18036139354732383
SYNTHETIC,decoupled,9416043,2017-04-17,2017-04-18,sharpe,-5.5838524313137645,-2.924346978748278
SYNTHETIC,decoupled,9416043,2017-04-18,2017-04-19,open,57.76591581742588,61.34073562772588
SYNTHETIC,decoupled,9416043,2017-04-18,2017-04-19,close,57.6770798895428,60.89127238563388
SYNTHETIC,decoupled,9416043,2017-04-18,2017-04-19,volatility,0.18221334984541931,0.18019901283377288
SYNTHETIC,decoupled,9416043,2017-04-18,2017-04-19,sharpe,-5.895228404550771,-2.933447136260977
SYNTHETIC,decoupled,9416043,2017-04-19,2017-04-20,open,57.65836802312869,61.38190496079189
SYNTHETIC,decoupled,9416043,2017-04-19,2017-04-20,close,57.24504241243176,60.81827212633901
SYNTHETIC,decoupled,9416043,2017-04-19,2017-04-20,volatility,0.17558427050054995,0.17980857761822291
SYNTHETIC,decoupled,9416043,2017-04-19,2017-04-20,sharpe,-7.300552002645455,-2.9894679515655107
SYNTHETIC,decoupled,9416043,2017-04-20,2017-04-21,open,57.10409049692494,61.43615895658407
SYNTHETIC,decoupled,9416043,2017-04-20,2017-04-21,close,57.17906704012482,60.818953578761324
SYNTHETIC,decoupled,9416043,2017-04-20,2017-04-21,volatility,0.1750165419552037,0.1795376698576211
SYNTHETIC,decoupled,9416043,2017-04-20,2017-04-21,sharpe,-6.671278041817694,-2.9767716906061255
SYNTHETIC,decoupled,9416043,2017-04-21,2017-04-24,open,57.3692224160544,61.52236270404302
SYNTHETIC,decoupled,9416043,2017-04-21,2017-04-24,close,57.59328783397311,60.85776189647735
SYNTHETIC,decoupled,9416043,2017-04-21,2017-04-24,volatility,0.17698974017522484,0.1795123051209582
SYNTHETIC,decoupled,9416043,2017-04-21,2017-04-24,sharpe,-5.16251825915362,-2.9864993590610047
SYNTHETIC,decoupled,9416043,2017-04-24,2017-04-25,open,57.73927081120945,61.37044199201056
SYNTHETIC,decoupled,9416043,2017-04-24,2017-04-25,close,59.160052335914784,60.70397903213079
SYNTHETIC,decoupled,9416043,2017-04-24,2017-04-25,volatility,0.2065538793160258,0.17946072500097607
SYNTHETIC,decoupled,9416043,2017-04-24,2017-04-25,sharpe,-3.054635312280358,-2.9645017286396538
SYNTHETIC,decoupled,9416043,2017-04-25,2017-04-26,open,59.292931914460794,61.33046313573928
SYNTHETIC,decoupled,9416043,2017-04-25,2017-04-26,close,58.84558906430088,60.686277178545645
SYNTHETIC,decoupled,9416043,2017-04-25,2017-04-26,volatility,0.20630814896039945,0.17938932481390035
SYNTHETIC,decoupled,9416043,2017-04-25,2017-04-26,sharpe,-3.454023868038524,-2.990197868297131
SYNTHETIC,decoupled,9416043,2017-04-26,2017-04-27,open,58.919269811135806,61.189563593322106
SYNTHETIC,decoupled,9416043,2017-04-26,2017-04-27,close,60.96714363389763,60.50219487128155
SYNTHETIC,decoupled,9416043,2017-04-26,2017-04-27,volatility,0.2452651897277174,0.1792974124426788
SYNTHETIC,decoupled,9416043,2017-04-26,2017-04-27,sharpe,-0.469353379146229,-3.0068275694213584
SYNTHETIC,decoupled,9416043,2017-04-27,2017-04-28,open,60.92039968585204,61.16726199470069
SYNTHETIC,decoupled,9416043,2017-04-27,2017-04-28,close,61.906523236629575,60.452130656551006
SYNTHETIC,decoupled,9416043,2017-04-27,2017-04-28,volatility,0.2515192310804749,0.17941685483296127
SYNTHETIC,decoupled,9416043,2017-04-27,2017-04-28,sharpe,0.18504756846875328,-3.0416207077328936
SYNTHETIC,decoupled,9416043,2017-04-28,2017-05-01,open,61.76994877744675,61.22762710470585
SYNTHETIC,decoupled,9416043,2017-04-28,2017-05-01,close,63.78727624868715,60.39190829306602
SYNTHETIC,decoupled,9416043,2017-04-28,2017-05-01,volatility,0.27286727599098265,0.17861188790203164
SYNTHETIC,decoupled,9416043,2017-04-28,2017-05-01,sharpe,1.2762246310773426,-3.0768667382193926
SYNTHETIC,decoupled,9416043,2017-05-01,2017-05-02,open,63.88910248990862,61.150875742997115
SYNTHETIC,decoupled,9416043,2017-05-01,2017-05-02,close,63.177185523966564,60.24853017309754
SYNTHETIC,decoupled,9416043,2017-05-01,2017-05-02,volatility,0.27313233443478807,0.17853595222164714
SYNTHETIC,decoupled,9416043,2017-05-01,2017-05-02,sharpe,1.2514161357139157,-3.167515990415142
SYNTHETIC,decoupled,9416043,2017-05-02,2017-05-03,open,63.50457469005281,61.136783143251414
SYNTHETIC,decoupled,9416043,2017-05-02,2017-05-03,close,65.28785163391485,60.241882697522655
SYNTHETIC,decoupled,9416043,2017-05-02,2017-05-03,volatility,0.2958665812700981,0.17864411194400548
SYNTHETIC,decoupled,9416043,2017-05-02,2017-05-03,sharpe,2.5286045459104733,-3.142801374253154
SYNTHETIC,decoupled,9416043,2017-05-03,2017-05-04,open,65.21101246561399,61.00325926595363
SYNTHETIC,decoupled,9416043,2017-05-03,2017-05-04,close,66.76328801120691,60.12069288055006
SYNTHETIC,decoupled,9416043,2017-05-03,2017-05-04,volatility,0.2978576134068155,0.17897726384039986
SYNTHETIC,decoupled,9416043,2017-05-03,2017-05-04,sharpe,3.9907091075849337,-3.1774627220437024
SYNTHETIC,decoupled,9416043,2017-05-04,2017-05-05,open,66.39896478300794,60.886745979300656
SYNTHETIC,decoupled,9416043,2017-05-04,2017-05-05,close,67.86895178712845,60.064079298180914
SYNTHETIC,decoupled,9416043,2017-05-04,2017-05-05,volatility,0.2962733510277079,0.1791089014104742
SYNTHETIC,decoupled,9416043,2017-05-04,2017-05-05,sharpe,5.085382228946306,-3.178095963008534
SYNTHETIC,decoupled,9416043,2017-05-05,2017-05-08,open,67.74268502562491,60.66409771814084
SYNTHETIC,decoupled,9416043,2017-05-05,2017-05-08,close,68.76715393744648,59.90794714649516
SYNTHETIC,decoupled,9416043,2017-05-05,2017-05-08,volatility,0.277901465926641,0.17944933406893204
SYNTHETIC,decoupled,9416043,2017-05-05,2017-05-08,sharpe,7.021447387694577,-3.1583543453516816
SYNTHETIC,decoupled,9416043,2017-05-08,2017-05-09,open,68.59864196212297,60.62654743453082
SYNTHETIC,decoupled,9416043,2017-05-08,2017-05-09,close,68.73844212777394,59.86137239241741
SYNTHETIC,decoupled,9416043,2017-05-08,2017-05-09,volatility,0.27802344622345143,0.1794994564898712
SYNTHETIC,decoupled,9416043,2017-05-08,2017-05-09,sharpe,6.328403999598374,-3.183940439189516
SYNTHETIC,decoupled,9416043,2017-05-09,2017-05-10,open,68.62107025823283,60.42380394537902
SYNTHETIC,decoupled,9416043,2017-05-09,2017-05-10,close,68.3397784275233,59.713229408624414
SYNTHETIC,decoupled,9416043,2017-05-09,2017-05-10,volatility,0.2774083632567106,0.17998203220460962
SYNTHETIC,decoupled,9416043,2017-05-09,2017-05-10,sharpe,5.192616090123128,-3.201597577452274
SYNTHETIC,decoupled,9416043,2017-05-10,2017-05-11,open,68.40824481524946,60.38493090977485
SYNTHETIC,decoupled,9416043,2017-05-10,2017-05-11,close,68.05704379806608,59.7009208399692
SYNTHETIC,decoupled,9416043,2017-05-10,2017-05-11,volatility,0.2688315919879854,0.17975645231106555
SYNTHETIC,decoupled,9416043,2017-05-10,2017-05-11,sharpe,5.884091414226732,-3.2470052154167686
SYNTHETIC,decoupled,9416043,2017-05-11,2017-05-12,open,68.14738016661333,60.15299692961608
SYNTHETIC,decoupled,9416043,2017-05-11,2017-05-12,close,67.27541071909953,59.48709857018099
SYNTHETIC,decoupled,9416043,2017-05-11,2017-05-12,volatility,0.27204438324935354,0.18003815941762769
SYNTHETIC,decoupled,9416043,2017-05-11,2017-05-12,sharpe,5.619485589935247,-3.321379734045375
SYNTHETIC,decoupled,9416043,2017-05-12,2017-05-15,open,67.27807347801382,59.99302859445119
SYNTHETIC,decoupled,9416043,2017-05-12,2017-05-15,close,67.1344823940998,59.36434167779366
SYNTHETIC,decoupled,9416043,2017-05-12,2017-05-15,volatility,0.2564376079881213,0.18031044754575826
SYNTHETIC,decoupled,9416043,2017-05-12,2017-05-15,sharpe,6.834843137140886,-3.354687033406251
SYNTHETIC,decoupled,9416043,2017-05-15,2017-05-16,open,67.19268843620321,59.81149940178161
SYNTHETIC,decoupled,9416043,2017-05-15,2017-05-16,close,67.8442789784387,59.227536789556396
SYNTHETIC,decoupled,9416043,2017-05-15,2017-05-16,volatility,0.24281802211709497,0.18070136994984778
SYNTHETIC,decoupled,9416043,2017-05-15,2017-05-16,sharpe,8.55744771036645,-3.3774384556536035
SYNTHETIC,decoupled,9416043,2017-05-16,2017-05-17,open,67.68895026025807,59.89214229985714
SYNTHETIC,decoupled,9416043,2017-05-16,2017-05-17,close,67.08162258409236,59.361409045968436
SYNTHETIC,decoupled,9416043,2017-05-16,2017-05-17,volatility,0.25089879172014606,0.18021647042310715
SYNTHETIC,decoupled,9416043,2017-05-16,2017-05-17,sharpe,7.732127077752926,-3.4237868457985656
SYNTHETIC,decoupled,9416043,2017-05-17,2017-05-18,open,66.81130193112357,59.77499673775097
SYNTHETIC,decoupled,9416043,2017-05-17,2017-05-18,close,65.70897147989811,59.23902867593117
SYNTHETIC,decoupled,9416043,2017-05-17,2017-05-18,volatility,0.2651354180186175,0.1802084434119315
SYNTHETIC,decoupled,9416043,2017-05-17,2017-05-18,sharpe,6.700489096384829,-3.469146880497954
SYNTHETIC,decoupled,9416043,2017-05-18,2017-05-19,open,65.82055476952429,59.699195111974035
SYNTHETIC,decoupled,9416043,2017-05-18,2017-05-19,close,66.8805440116283,59.1370574082074
SYNTHETIC,decoupled,9416043,2017-05-18,2017-05-19,volatility,0.2659075276584204,0.1799178277149317
SYNTHETIC,decoupled,9416043,2017-05-18,2017-05-19,sharpe,7.580503879341763,-3.5210160740059115
SYNTHETIC,decoupled,9416043,2017-05-19,2017-05-22,open,66.65315379861003,59.573284995154594
SYNTHETIC,decoupled,9416043,2017-05-19,2017-05-22,close,65.03060301411351,59.00897617160213
SYNTHETIC,decoupled,9416043,2017-05-19,2017-05-22,volatility,0.29454455577565813,0.1800766434456773
SYNTHETIC,decoupled,9416043,2017-05-19,2017-05-22,sharpe,5.350343203300052,-3.5608297406258593
SYNTHETIC,decoupled,9416043,2017-05-22,2017-05-23,open,64.94892919314492,59.44831138674702
SYNTHETIC,decoupled,9416043,2017-05-22,2017-05-23,close,66.1724857221551,58.89978469008082
SYNTHETIC,decoupled,9416043,2017-05-22,2017-05-23,volatility,0.2873475775318095,0.18011227780742808
SYNTHETIC,decoupled,9416043,2017-05-22,2017-05-23,sharpe,5.061431879426129,-3.6333612488918563
SYNTHETIC,decoupled,9416043,2017-05-23,2017-05-24,open,66.00357872919457,59.321835132074085
SYNTHETIC,decoupled,9416043,2017-05-23,2017-05-24,close,66.5875622342459,58.765366211104585
SYNTHETIC,decoupled,9416043,2017-05-23,2017-05-24,volatility,0.2843459604359226,0.18005843187407944
SYNTHETIC,decoupled,9416043,2017-05-23,2017-05-24,sharpe,5.628356354742491,-3.703167617154212
SYNTHETIC,decoupled,9416043,2017-05-24,2017-05-25,open,66.67459410241493,59.23425307703723
SYNTHETIC,decoupled,9416043,2017-05-24,2017-05-25,close,64.54971858637897,58.6850714941685
SYNTHETIC,decoupled,9416043,2017-05-24,2017-05-25,volatility,0.2903757073031983,0.18003636532649786
SYNTHETIC,decoupled,9416043,2017-05-24,2017-05-25,sharpe,2.61910256425512,-3.8029982756453875
SYNTHETIC,decoupled,9416043,2017-05-25,2017-05-26,open,64.55013799734384,59.09953078643275
SYNTHETIC,decoupled,9416043,2017-05-25,2017-05-26,close,65.1520431525353,58.57798270436274
SYNTHETIC,decoupled,9416043,2017-05-25,2017-05-26,volatility,0.28772578890732414,0.18018665139122542
SYNTHETIC,decoupled,9416043,2017-05-25,2017-05-26,sharpe,2.3771111400458467,-3.8247194692047124
SYNTHETIC,decoupled,9416043,2017-05-26,2017-05-29,open,64.9572720664831,59.00302015543536
SYNTHETIC,decoupled,9416043,2017-05-26,2017-05-29,close,64.36418216535489,58.547076052866565
SYNTHETIC,decoupled,9416043,2017-05-26,2017-05-29,volatility,0.2726638984176322,0.18054647879344865
SYNTHETIC,decoupled,9416043,2017-05-26,2017-05-29,sharpe,0.5457050973520534,-3.8651318497299245
SYNTHETIC,decoupled,9416043,2017-05-29,2017-05-30,open,64.5023610164954,58.78020258202029
SYNTHETIC,decoupled,9416043,2017-05-29,2017-05-30,close,64.96268767706059,58.36211607730758
SYNTHETIC,decoupled,9416043,2017-05-29,2017-05-30,volatility,0.2715652983893232,0.18073306813752496
SYNTHETIC,decoupled,9416043,2017-05-29,2017-05-30,sharpe,1.4231211455695405,-3.859126198296409
SYNTHETIC,decoupled,9416043,2017-05-30,2017-05-31,open,64.70003222775243,58.54738764903341
SYNTHETIC,decoupled,9416043,2017-05-30,2017-05-31,close,65.97459987296278,58.16312401529375
SYNTHETIC,decoupled,9416043,2017-05-30,2017-05-31,volatility,0.2503534792898585,0.18092360912197772
SYNTHETIC,decoupled,9416043,2017-05-30,2017-05-31,sharpe,0.6462420885064433,-3.9233425621529765
SYNTHETIC,decoupled,9416043,2017-05-31,2017-06-01,open,66.0031527595436,58.37553570995305
SYNTHETIC,decoupled,9416043,2017-05-31,2017-06-01,close,67.14781894266562,57.96591380552815
SYNTHETIC,decoupled,9416043,2017-05-31,2017-06-01,volatility,0.24528365268038604,0.1808279191062867
SYNTHETIC,decoupled,9416043,2017-05-31,2017-06-01,sharpe,0.4122031834782254,-3.978970650520388
SYNTHETIC,decoupled,9416043,2017-06-01,2017-06-02,open,67.30638456864162,58.25330284367736
SYNTHETIC,decoupled,9416043,2017-06-01,2017-06-02,close,67.85250283800886,57.851668439505154
SYNTHETIC,decoupled,9416043,2017-06-01,2017-06-02,volatility,0.24088865130249584,0.18082020142116795
SYNTHETIC,decoupled,9416043,2017-06-01,2017-06-02,sharpe,0.10241073487964168,-4.069901408444355
SYNTHETIC,decoupled,9416043,2017-06-02,2017-06-05,open,67.62304826506683,58.130591141179785
SYNTHETIC,decoupled,9416043,2017-06-02,2017-06-05,close,67.97901447708134,57.67782647953672
SYNTHETIC,decoupled,9416043,2017-06-02,2017-06-05,volatility,0.2359962444084572,0.1804634750126648
SYNTHETIC,decoupled,9416043,2017-06-02,2017-06-05,sharpe,-0.502510258248657,-4.144473392468956
SYNTHETIC,decoupled,9416043,2017-06-05,2017-06-06,open,67.83008330832791,57.920805320411105
SYNTHETIC,decoupled,9416043,2017-06-05,2017-06-06,close,67.12594673684147,57.5063523678684
SYNTHETIC,decoupled,9416043,2017-06-05,2017-06-06,volatility,0.2398572913603607,0.18044213538131687
SYNTHETIC,decoupled,9416043,2017-06-05,2017-06-06,sharpe,-1.1317020384334715,-4.225905242073135
SYNTHETIC,decoupled,9416043,2017-06-06,2017-06-07,open,66.98566994152763,57.72025495406561
SYNTHETIC,decoupled,9416043,2017-06-06,2017-06-07,close,67.36017321996086,57.30071548184552
SYNTHETIC,decoupled,9416043,2017-06-06,2017-06-07,volatility,0.23969788536252798,0.18038729573801052
SYNTHETIC,decoupled,9416043,2017-06-06,2017-06-07,sharpe,-0.644163386040812,-4.237941228114665
SYNTHETIC,decoupled,9416043,2017-06-07,2017-06-08,open,67.412297050308,57.68729726537929
SYNTHETIC,decoupled,9416043,2017-06-07,2017-06-08,close,66.81975175290479,57.31286495655
SYNTHETIC,decoupled,9416043,2017-06-07,2017-06-08,volatility,0.2408497321229481,0.18045948083995553
SYNTHETIC,decoupled,9416043,2017-06-07,2017-06-08,sharpe,-0.844360870452939,-4.30132027404581
SYNTHETIC,decoupled,9416043,2017-06-08,2017-06-09,open,66.60843041690107,57.71785548194822
SYNTHETIC,decoupled,9416043,2017-06-08,2017-06-09,close,66.45302027632191,57.111094053529996
SYNTHETIC,decoupled,9416043,2017-06-08,2017-06-09,volatility,0.2382502034214412,0.17942237243650058
SYNTHETIC,decoupled,9416043,2017-06-08,2017-06-09,sharpe,-0.5364399456054292,-4.317970838329435
SYNTHETIC,decoupled,9416043,2017-06-09,2017-06-12,open,66.27382120418025,57.7499613183503
SYNTHETIC,decoupled,9416043,2017-06-09,2017-06-12,close,65.91655641283641,57.082372292290586
SYNTHETIC,decoupled,9416043,2017-06-09,2017-06-12,volatility,0.23971900653320152,0.17843791132792397
SYNTHETIC,decoupled,9416043,2017-06-09,2017-06-12,sharpe,-0.847367640463747,-4.438311598669239
SYNTHETIC,decoupled,9416043,2017-06-12,2017-06-13,open,65.82698593755693,57.53600353779206
SYNTHETIC,decoupled,9416043,2017-06-12,2017-06-13,close,66.01419214650804,56.830298533613934
SYNTHETIC,decoupled,9416043,2017-06-12,2017-06-13,volatility,0.23614083045058742,0.17801010565812908
SYNTHETIC,decoupled,9416043,2017-06-12,2017-06-13,sharpe,-1.3453146775373954,-4.506783312424743
SYNTHETIC,decoupled,9416043,2017-06-13,2017-06-14,open,65.69011726333235,57.484193987685074
SYNTHETIC,decoupled,9416043,2017-06-13,2017-06-14,close,65.21174992902316,56.784712813596585
SYNTHETIC,decoupled,9416043,2017-06-13,2017-06-14,volatility,0.23667507641615937,0.17749160558846155
SYNTHETIC,decoupled,9416043,2017-06-13,2017-06-14,sharpe,-1.3909542495069795,-4.636277416641345
SYNTHETIC,decoupled,9416043,2017-06-14,2017-06-15,open,65.31925174851139,57.44820984243614
SYNTHETIC,decoupled,9416043,2017-06-14,2017-06-15,close,65.06286644812359,56.76548630965023
SYNTHETIC,decoupled,9416043,2017-06-14,2017-06-15,volatility,0.22570248966550677,0.1771069586367507
SYNTHETIC,decoupled,9416043,2017-06-14,2017-06-15,sharpe,-0.443702325147858,-4.66404422486909
SYNTHETIC,decoupled,9416043,2017-06-15,2017-06-16,open,65.2236350410095,57.55591889181603
SYNTHETIC,decoupled,9416043,2017-06-15,2017-06-16,close,64.92833015203279,56.865646557901464
SYNTHETIC,decoupled,9416043,2017-06-15,2017-06-16,volatility,0.21519683677004814,0.1763393660266417
SYNTHETIC,decoupled,9416043,2017-06-15,2017-06-16,sharpe,-1.6303833055092942,-4.801072574254269
SYNTHETIC,decoupled,9416043,2017-06-16,2017-06-19,open,65.07789105160906,57.3382732786981
SYNTHETIC,decoupled,9416043,2017-06-16,2017-06-19,close,65.48212700376725,56.80093774500574
SYNTHETIC,decoupled,9416043,2017-06-16,2017-06-19,volatility,0.19389429776124265,0.17622416140333824
SYNTHETIC,decoupled,9416043,2017-06-16,2017-06-19,sharpe,0.5422402656729878,-4.821723869737978
SYNTHETIC,decoupled,9416043,2017-06-19,2017-06-20,open,65.47654175549638,57.37330504251125
SYNTHETIC,decoupled,9416043,2017-06-19,2017-06-20,close,65.11898651932582,56.86052373268779
SYNTHETIC,decoupled,9416043,2017-06-19,2017-06-20,volatility,0.18388918683413685,0.1760865886395478
SYNTHETIC,decoupled,9416043,2017-06-19,2017-06-20,sharpe,-1.0113874117985564,-4.865055182571382
SYNTHETIC,decoupled,9416043,2017-06-20,2017-06-21,open,64.99648146407716,57.754524812730125
SYNTHETIC,decoupled,9416043,2017-06-20,2017-06-21,close,64.55336570027487,56.955197891204506
SYNTHETIC,decoupled,9416043,2017-06-20,2017-06-21,volatility,0.18399129063489555,0.17567209945650095
SYNTHETIC,decoupled,9416043,2017-06-20,2017-06-21,sharpe,-2.0352138000568814,-4.83754813537051
SYNTHETIC,decoupled,9416043,2017-06-21,2017-06-22,open,64.53575729115195,57.413995539355376
SYNTHETIC,decoupled,9416043,2017-06-21,2017-06-22,close,63.99801613338989,56.78155214710864
SYNTHETIC,decoupled,9416043,2017-06-21,2017-06-22,volatility,0.1515200194958971,0.17593227360292957
SYNTHETIC,decoupled,9416043,2017-06-21,2017-06-22,sharpe,-0.6418215872581934,-4.89613688236491
SYNTHETIC,decoupled,9416043,2017-06-22,2017-06-23,open,64.02323765592416,57.525217818031734
SYNTHETIC,decoupled,9416043,2017-06-22,2017-06-23,close,63.68591895997141,57.192149769863775
SYNTHETIC,decoupled,9416043,2017-06-22,2017-06-23,volatility,0.14778226340021344,0.17544909470238026
SYNTHETIC,decoupled,9416043,2017-06-22,2017-06-23,sharpe,-1.8694234590750038,-4.911114867728897
SYNTHETIC,decoupled,9416043,2017-06-23,2017-06-26,open,63.56651607042151,57.65759354659859
SYNTHETIC,decoupled,9416043,2017-06-23,2017-06-26,close,63.8707725102159,57.34600157492232
SYNTHETIC,decoupled,9416043,2017-06-23,2017-06-26,volatility,0.14247384216988768,0.1750553264985676
SYNTHETIC,decoupled,9416043,2017-06-23,2017-06-26,sharpe,-0.6129384181386653,-4.970518747176404
SYNTHETIC,decoupled,9416043,2017-06-26,2017-06-27,open,63.47153865580402,58.15959644690757
SYNTHETIC,decoupled,9416043,2017-06-26,2017-06-27,close,64.51896152311602,57.602354960873754
SYNTHETIC,decoupled,9416043,2017-06-26,2017-06-27,volatility,0.14326651436381793,0.17462406024351154
SYNTHETIC,decoupled,9416043,2017-06-26,2017-06-27,sharpe,-0.5348169113789938,-4.979548969028022
SYNTHETIC,decoupled,9416043,2017-06-27,2017-06-28,open,64.89383991992014,58.31131080962895
SYNTHETIC,decoupled,9416043,2017-06-27,2017-06-28,close,64.18612880088308,57.746822874404764
SYNTHETIC,decoupled,9416043,2017-06-27,2017-06-28,volatility,0.13117828726778186,0.17432236680710028
SYNTHETIC,decoupled,9416043,2017-06-27,2017-06-28,sharpe,-2.575797342097439,-5.059617073241118
SYNTHETIC,decoupled,9416043,2017-06-28,2017-06-29,open,64.34512441227047,59.0671683361438
SYNTHETIC,decoupled,9416043,2017-06-28,2017-06-29,close,64.34715184421727,58.35944329893523
SYNTHETIC,decoupled,9416043,2017-06-28,2017-06-29,volatility,0.11135086121488831,0.17367016828250453
SYNTHETIC,decoupled,9416043,2017-06-28,2017-06-29,sharpe,-4.762815592389284,-5.043150751224291
SYNTHETIC,decoupled,9416043,2017-06-29,2017-06-30,open,64.4779256632741,59.28816315731093
SYNTHETIC,decoupled,9416043,2017-06-29,2017-06-30,close,64.52657684238903,58.59312579690689
SYNTHETIC,decoupled,9416043,2017-06-29,2017-06-30,volatility,0.10281935640642624,0.1734267441420551
SYNTHETIC,decoupled,9416043,2017-06-29,2017-06-30,sharpe,-6.102360738548323,-5.099763081174859
SYNTHETIC,decoupled,9416043,2017-06-30,2017-07-03,open,64.24829517064828,60.120205907681026
SYNTHETIC,decoupled,9416043,2017-06-30,2017-07-03,close,64.65320805750372,58.88453023177115
SYNTHETIC,decoupled,9416043,2017-06-30,2017-07-03,volatility,0.10287495038079235,0.17271793121590176
SYNTHETIC,decoupled,9416043,2017-06-30,2017-07-03,sharpe,-6.087065409414556,-5.045967865437673
SYNTHETIC,decoupled,9416043,2017-07-03,2017-07-04,open,65.07463372344948,60.36119544799177
SYNTHETIC,decoupled,9416043,2017-07-03,2017-07-04,close,64.39334324273533,59.0865768976391
SYNTHETIC,decoupled,9416043,2017-07-03,2017-07-04,volatility,0.09603581308669956,0.17259149032358273
SYNTHETIC,decoupled,9416043,2017-07-03,2017-07-04,sharpe,-5.4014570000113995,-5.109991906226267
SYNTHETIC,decoupled,9416043,2017-07-04,2017-07-05,open,64.50995901102932,61.3111165650728
SYNTHETIC,decoupled,9416043,2017-07-04,2017-07-05,close,64.50140627727566,60.012410886113784
SYNTHETIC,decoupled,9416043,2017-07-04,2017-07-05,volatility,0.09485604915024062,0.17185442432871054
SYNTHETIC,decoupled,9416043,2017-07-04,2017-07-05,sharpe,-5.70922236049002,-5.118626315743952
SYNTHETIC,decoupled,9416043,2017-07-05,2017-07-06,open,64.44176432321431,61.70664851186842
SYNTHETIC,decoupled,9416043,2017-07-05,2017-07-06,close,64.30482718547786,60.33999063380941
SYNTHETIC,decoupled,9416043,2017-07-05,2017-07-06,volatility,0.09238160478814646,0.17161243082127411
SYNTHETIC,decoupled,9416043,2017-07-05,2017-07-06,sharpe,-5.18357371143115,-5.2016778517509845
SYNTHETIC,decoupled,9416043,2017-07-06,2017-07-07,open,64.3040088014945,64.29464817583438
SYNTHETIC,decoupled,9416043,2017-07-06,2017-07-07,close,64.43757598392546,63.94259370005665
SYNTHETIC,decoupled,9416043,2017-07-06,2017-07-07,volatility,0.09238100405427947,0.18486947883850852
SYNTHETIC,decoupled,9416043,2017-07-06,2017-07-07,sharpe,-4.153476974836998,-2.542776766922267
SYNTHETIC,decoupled,9416043,2017-07-07,2017-07-10,open,64.6454088607199,64.85057876770138
SYNTHETIC,decoupled,9416043,2017-07-07,2017-07-10,close,65.1635962204534,64.26692530012555
SYNTHETIC,decoupled,9416043,2017-07-07,2017-07-10,volatility,0.09943177530561557,0.18496749472187282
SYNTHETIC,decoupled,9416043,2017-07-07,2017-07-10,sharpe,-1.4082030030439014,-2.5546751962421497
SYNTHETIC,decoupled,9416043,2017-07-10,2017-07-11,open,64.9551437597653,65.54849488999673
SYNTHETIC,decoupled,9416043,2017-07-10,2017-07-11,close,65.69017760801282,64.65031581248905
SYNTHETIC,decoupled,9416043,2017-07-10,2017-07-11,volatility,0.10388487383950597,0.18466863527951255
SYNTHETIC,decoupled,9416043,2017-07-10,2017-07-11,sharpe,-0.5473728434319896,-2.4913035321379295
SYNTHETIC,decoupled,9416043,2017-07-11,2017-07-12,open,66.09399836298421,65.92543153443619
SYNTHETIC,decoupled,9416043,2017-07-11,2017-07-12,close,65.38913532438947,64.86625464893088
SYNTHETIC,decoupled,9416043,2017-07-11,2017-07-12,volatility,0.09548909404867599,0.1847441636201861
SYNTHETIC,decoupled,9416043,2017-07-11,2017-07-12,sharpe,0.40375345478195507,-2.4354310981860348
SYNTHETIC,decoupled,9416043,2017-07-12,2017-07-13,open,65.42104701279469,66.62050497260401
SYNTHETIC,decoupled,9416043,2017-07-12,2017-07-13,close,64.88434859446562,65.17958521012923
SYNTHETIC,decoupled,9416043,2017-07-12,2017-07-13,volatility,0.09920637442911993,0.18423785795117478
SYNTHETIC,decoupled,9416043,2017-07-12,2017-07-13,sharpe,-0.3018739455410224,-2.3350568477956832
SYNTHETIC,decoupled,9416043,2017-07-13,2017-07-14,open,64.98218886479933,66.75698205915552
SYNTHETIC,decoupled,9416043,2017-07-13,2017-07-14,close,64.41461063555369,65.2293483485578
SYNTHETIC,decoupled,9416043,2017-07-13,2017-07-14,volatility,0.10220715609105899,0.18438677425195252
SYNTHETIC,decoupled,9416043,2017-07-13,2017-07-14,sharpe,-0.9305891811699611,-2.3221664689971413
SYNTHETIC,decoupled,9416043,2017-07-14,2017-07-17,open,64.39100593130591,67.14664833827067
SYNTHETIC,decoupled,9416043,2017-07-14,2017-07-17,close,64.82702699734105,65.48649280453363
SYNTHETIC,decoupled,9416043,2017-07-14,2017-07-17,volatility,0.1000040204053371,0.18402961246848834
SYNTHETIC,decoupled,9416043,2017-07-14,2017-07-17,sharpe,-1.2190600454453162,-2.2387779234588603
SYNTHETIC,decoupled,9416043,2017-07-17,2017-07-18,open,64.66148634443117,67.32906926630173
SYNTHETIC,decoupled,9416043,2017-07-17,2017-07-18,close,64.55555475474361,65.63316044914602
SYNTHETIC,decoupled,9416043,2017-07-17,2017-07-18,volatility,0.09920533194082061,0.1840929108371491
SYNTHETIC,decoupled,9416043,2017-07-17,2017-07-18,sharpe,-1.056395527938714,-2.2129727754307
SYNTHETIC,decoupled,9416043,2017-07-18,2017-07-19,open,64.77573721078609,67.51429422271383
SYNTHETIC,decoupled,9416043,2017-07-18,2017-07-19,close,64.59038888417169,65.84551941741636
SYNTHETIC,decoupled,9416043,2017-07-18,2017-07-19,volatility,0.09428806750745172,0.18352804002081205
SYNTHETIC,decoupled,9416043,2017-07-18,2017-07-19,sharpe,0.1213510884942163,-2.1546834584087304
SYNTHETIC,decoupled,9416043,2017-07-19,2017-07-20,open,64.57209110481251,67.55773287446802
SYNTHETIC,decoupled,9416043,2017-07-19,2017-07-20,close,64.2511425383096,65.89206067449058
SYNTHETIC,decoupled,9416043,2017-07-19,2017-07-20,volatility,0.09090117828678801,0.18348876810137799
SYNTHETIC,decoupled,9416043,2017-07-19,2017-07-20,sharpe,0.590317196204403,-2.1676645638550265
SYNTHETIC,decoupled,9416043,2017-07-20,2017-07-21,open,64.30511426186214,67.74293998976634
SYNTHETIC,decoupled,9416043,2017-07-20,2017-07-21,close,64.23557884335507,66.08521758639048
SYNTHETIC,decoupled,9416043,2017-07-20,2017-07-21,volatility,0.08892670273599083,0.18318914462443475
SYNTHETIC,decoupled,9416043,2017-07-20,2017-07-21,sharpe,1.2600763929690366,-2.113625693150312
SYNTHETIC,decoupled,9416043,2017-07-21,2017-07-24,open,64.27105305848286,67.7357411003597
SYNTHETIC,decoupled,9416043,2017-07-21,2017-07-24,close,64.59043663694042,66.09540015747575
SYNTHETIC,decoupled,9416043,2017-07-21,2017-07-24,volatility,0.09036316069240366,0.18328557012375574
SYNTHETIC,decoupled,9416043,2017-07-21,2017-07-24,sharpe,1.6056136955743134,-2.1276913453755526
SYNTHETIC,decoupled,9416043,2017-07-24,2017-07-25,open,64.47789535987688,67.81209809378105
SYNTHETIC,decoupled,9416043,2017-07-24,2017-07-25,close,63.81535461240955,66.24567589328672
SYNTHETIC,decoupled,9416043,2017-07-24,2017-07-25,volatility,0.09339347964277239,0.18278387846500976
SYNTHETIC,decoupled,9416043,2017-07-24,2017-07-25,sharpe,-1.434591045964266,-2.0814795366792236
SYNTHETIC,decoupled,9416043,2017-07-25,2017-07-26,open,63.67661076497034,67.71032792055225
SYNTHETIC,decoupled,9416043,2017-07-25,2017-07-26,close,63.398029062303976,66.1541010829532
SYNTHETIC,decoupled,9416043,2017-07-25,2017-07-26,volatility,0.09442381427638367,0.1832812270477397
SYNTHETIC,decoupled,9416043,2017-07-25,2017-07-26,sharpe,-1.6032053853178805,-2.0975174682316373
SYNTHETIC,decoupled,9416043,2017-07-26,2017-07-27,open,63.543543019760016,67.91681948457949
SYNTHETIC,decoupled,9416043,2017-07-26,2017-07-27,close,63.16715401145569,66.39987908612895
SYNTHETIC,decoupled,9416043,2017-07-26,2017-07-27,volatility,0.0942612746083887,0.1829130544963845
SYNTHETIC,decoupled,9416043,2017-07-26,2017-07-27,sharpe,-2.4280953457681527,-2.0069728133841247
SYNTHETIC,decoupled,9416043,2017-07-27,2017-07-28,open,62.97076309035871,67.79266763412484
SYNTHETIC,decoupled,9416043,2017-07-27,2017-07-28,close,63.56093604173733,66.30145944901777
SYNTHETIC,decoupled,9416043,2017-07-27,2017-07-28,volatility,0.09681240189156318,0.18327355960848488
SYNTHETIC,decoupled,9416043,2017-07-27,2017-07-28,sharpe,-1.915674867558252,-1.973838952376659
SYNTHETIC,decoupled,9416043,2017-07-28,2017-07-31,open,63.61018191921295,67.7405968568244
SYNTHETIC,decoupled,9416043,2017-07-28,2017-07-31,close,63.93025871630451,66.24860960268035
SYNTHETIC,decoupled,9416043,2017-07-28,2017-07-31,volatility,0.09916984485737215,0.18326117520395
SYNTHETIC,decoupled,9416043,2017-07-28,2017-07-31,sharpe,-1.3812211715000207,-1.8689048425456047
SYNTHETIC,decoupled,9416043,2017-07-31,2017-08-01,open,64.09452750826084,67.64647457436547
SYNTHETIC,decoupled,9416043,2017-07-31,2017-08-01,close,64.00107362180886,66.12620633424272
SYNTHETIC,decoupled,9416043,2017-07-31,2017-08-01,volatility,0.09845381458019951,0.18375039846854382
SYNTHETIC,decoupled,9416043,2017-07-31,2017-08-01,sharpe,-0.7351122186216328,-1.865209008729709
SYNTHETIC,decoupled,9416043,2017-08-01,2017-08-02,open,63.80909779824455,67.77249230796869
SYNTHETIC,decoupled,9416043,2017-08-01,2017-08-02,close,63.71999661999387,66.30198231772997
SYNTHETIC,decoupled,9416043,2017-08-01,2017-08-02,volatility,0.09920150207737544,0.18343256550070602
SYNTHETIC,decoupled,9416043,2017-08-01,2017-08-02,sharpe,-1.5005383859447738,-1.7695380824395543
SYNTHETIC,decoupled,9416043,2017-08-02,2017-08-03,open,63.733702829308,67.67163797858014
SYNTHETIC,decoupled,9416043,2017-08-02,2017-08-03,close,64.620249330338,66.15617621815468
SYNTHETIC,decoupled,9416043,2017-08-02,2017-08-03,volatility,0.11152876244240727,0.18382794526937454
SYNTHETIC,decoupled,9416043,2017-08-02,2017-08-03,sharpe,0.6057727045663504,-1.7280537004818026
SYNTHETIC,decoupled,9416043,2017-08-03,2017-08-04,open,64.76716401153635,67.60778017211491
SYNTHETIC,decoupled,9416043,2017-08-03,2017-08-04,close,65.46810689207878,66.1818621436407
SYNTHETIC,decoupled,9416043,2017-08-03,2017-08-04,volatility,0.12043965070825459,0.18376106244059573
SYNTHETIC,decoupled,9416043,2017-08-03,2017-08-04,sharpe,1.7176222764045126,-1.6358517554140706
SYNTHETIC,decoupled,9416043,2017-08-04,2017-08-07,open,65.35690892735974,67.36236524487705
SYNTHETIC,decoupled,9416043,2017-08-04,2017-08-07,close,64.87059027936662,65.99222716843565
SYNTHETIC,decoupled,9416043,2017-08-04,2017-08-07,volatility,0.11872275317735861,0.18448371723568968
SYNTHETIC,decoupled,9416043,2017-08-04,2017-08-07,sharpe,-0.4219317497358934,-1.5487145301258929
SYNTHETIC,decoupled,9416043,2017-08-07,2017-08-08,open,64.92901561014358,67.28616287444171
SYNTHETIC,decoupled,9416043,2017-08-07,2017-08-08,close,65.30188196726495,65.98366222242869
SYNTHETIC,decoupled,9416043,2017-08-07,2017-08-08,volatility,0.11750039568396116,0.18510081875660414
SYNTHETIC,decoupled,9416043,2017-08-07,2017-08-08,sharpe,-0.5799248004269861,-1.4954777736420264
SYNTHETIC,decoupled,9416043,2017-08-08,2017-08-09,open,65.42068359766904,67.06124738692685
SYNTHETIC,decoupled,9416043,2017-08-08,2017-08-09,close,65.56898345372593,65.77730733181359
SYNTHETIC,decoupled,9416043,2017-08-08,2017-08-09,volatility,0.1173116180830428,0.18576764754963263
SYNTHETIC,decoupled,9416043,2017-08-08,2017-08-09,sharpe,0.3506780997194378,-1.458211641193544
SYNTHETIC,decoupled,9416043,2017-08-09,2017-08-10,open,65.76033893478028,66.91808880326805
SYNTHETIC,decoupled,9416043,2017-08-09,2017-08-10,close,65.38853866529412,65.63066196853836
SYNTHETIC,decoupled,9416043,2017-08-09,2017-08-10,volatility,0.11416731849231211,0.18627086998688708
SYNTHETIC,decoupled,9416043,2017-08-09,2017-08-10,sharpe,0.9085986022676815,-1.4293558905763402
SYNTHETIC,decoupled,9416043,2017-08-10,2017-08-11,open,65.28601893693474,66.76367396357917
SYNTHETIC,decoupled,9416043,2017-08-10,2017-08-11,close,65.74251753010802,65.51528177757574
SYNTHETIC,decoupled,9416043,2017-08-10,2017-08-11,volatility,0.11172904257080937,0.18675840533110782
SYNTHETIC,decoupled,9416043,2017-08-10,2017-08-11,sharpe,2.3553516190808454,-1.3936091596720892
SYNTHETIC,decoupled,9416043,2017-08-11,2017-08-14,open,65.89077340672041,66.65383365988791
SYNTHETIC,decoupled,9416043,2017-08-11,2017-08-14,close,65.6760202656827,65.44403348842837
SYNTHETIC,decoupled,9416043,2017-08-11,2017-08-14,volatility,0.11010079366183444,0.18710793218742713
SYNTHETIC,decoupled,9416043,2017-08-11,2017-08-14,sharpe,1.54172070741911,-1.355041053062019
SYNTHETIC,decoupled,9416043,2017-08-14,2017-08-15,open,65.68254923999898,66.42468388137135
SYNTHETIC,decoupled,9416043,2017-08-14,2017-08-15,close,65.24059565213261,65.25704256523379
SYNTHETIC,decoupled,9416043,2017-08-14,2017-08-15,volatility,0.11185824713824175,0.1878784475176575
SYNTHETIC,decoupled,9416043,2017-08-14,2017-08-15,sharpe,1.2423970444808519,-1.2903678464852568
SYNTHETIC,decoupled,9416043,2017-08-15,2017-08-16,open,64.99268795322433,66.24363077206274
SYNTHETIC,decoupled,9416043,2017-08-15,2017-08-16,close,65.42918018050865,65.14488574104797
SYNTHETIC,decoupled,9416043,2017-08-15,2017-08-16,volatility,0.11216581258194151,0.18841535250078323
SYNTHETIC,decoupled,9416043,2017-08-15,2017-08-16,sharpe,1.5030870209378877,-1.249183848155082
SYNTHETIC,decoupled,9416043,2017-08-16,2017-08-17,open,65.34214623511917,66.12762636356356
SYNTHETIC,decoupled,9416043,2017-08-16,2017-08-17,close,66.04739362328394,65.08680572216625
SYNTHETIC,decoupled,9416043,2017-08-16,2017-08-17,volatility,0.11399629036312162,0.1889422112419454
SYNTHETIC,decoupled,9416043,2017-08-16,2017-08-17,sharpe,3.103836425803899,-1.2324043827445559
SYNTHETIC,decoupled,9416043,2017-08-17,2017-08-18,open,65.90651416662101,66.02629032410319
SYNTHETIC,decoupled,9416043,2017-08-17,2017-08-18,close,65.9900849113829,65.10381380953699
SYNTHETIC,decoupled,9416043,2017-08-17,2017-08-18,volatility,0.11413762443592779,0.18922072623152678
SYNTHETIC,decoupled,9416043,2017-08-17,2017-08-18,sharpe,3.0309467399788574,-1.168522749981111
SYNTHETIC,decoupled,9416043,2017-08-18,2017-08-21,open,66.00490154310857,65.97636494073372
SYNTHETIC,decoupled,9416043,2017-08-18,2017-08-21,close,65.7809757402576,65.05439380370079
SYNTHETIC,decoupled,9416043,2017-08-18,2017-08-21,volatility,0.11411510472461844,0.189708846793726
SYNTHETIC,decoupled,9416043,2017-08-18,2017-08-21,sharpe,2.0716960198507266,-1.165080317634994
SYNTHETIC,decoupled,9416043,2017-08-21,2017-08-22,open,65.77427188679755,65.8494046016196
SYNTHETIC,decoupled,9416043,2017-08-21,2017-08-22,close,65.19602400896325,64.95696345795982
SYNTHETIC,decoupled,9416043,2017-08-21,2017-08-22,volatility,0.1098973458683604,0.1899408369540199
SYNTHETIC,decoupled,9416043,2017-08-21,2017-08-22,sharpe,2.5074923391491577,-1.1335244239856155
SYNTHETIC,decoupled,9416043,2017-08-22,2017-08-23,open,65.21692725304655,65.61937614824983
SYNTHETIC,decoupled,9416043,2017-08-22,2017-08-23,close,64.37521390080408,64.86115816440956
SYNTHETIC,decoupled,9416043,2017-08-22,2017-08-23,volatility,0.11731886720070622,0.1905735388690083
SYNTHETIC,decoupled,9416043,2017-08-22,2017-08-23,sharpe,1.6990699493511432,-1.0661704284355573
SYNTHETIC,decoupled,9416043,2017-08-23,2017-08-24,open,64.44356677781212,65.6597520754733
SYNTHETIC,decoupled,9416043,2017-08-23,2017-08-24,close,63.945499977810435,64.8796650430604
SYNTHETIC,decoupled,9416043,2017-08-23,2017-08-24,volatility,0.11931615356508354,0.19058304324247324
SYNTHETIC,decoupled,9416043,2017-08-23,2017-08-24,sharpe,1.3502885783895306,-1.0418185615794742
SYNTHETIC,decoupled,9416043,2017-08-24,2017-08-25,open,63.87651384428869,65.57129137311776
SYNTHETIC,decoupled,9416043,2017-08-24,2017-08-25,close,63.19060867221463,64.81798138924754
SYNTHETIC,decoupled,9416043,2017-08-24,2017-08-25,volatility,0.12513766198222068,0.1910945779424958
SYNTHETIC,decoupled,9416043,2017-08-24,2017-08-25,sharpe,-0.5288787670909499,-0.9807204597821829
SYNTHETIC,decoupled,9416043,2017-08-25,2017-08-28,open,63.04323940637603,65.48520948593168
SYNTHETIC,decoupled,9416043,2017-08-25,2017-08-28,close,62.80315053736687,64.737679450098
SYNTHETIC,decoupled,9416043,2017-08-25,2017-08-28,volatility,0.12462950688007754,0.19132487205438917
SYNTHETIC,decoupled,9416043,2017-08-25,2017-08-28,sharpe,-1.738378063601369,-0.9973741597840852
SYNTHETIC,decoupled,9416043,2017-08-28,2017-08-29,open,62.91360005580229,65.34340087988156
SYNTHETIC,decoupled,9416043,2017-08-28,2017-08-29,close,63.35261813063501,64.6779119912815
SYNTHETIC,decoupled,9416043,2017-08-28,2017-08-29,volatility,0.12910082485825058,0.19166364823969678
SYNTHETIC,decoupled,9416043,2017-08-28,2017-08-29,sharpe,-0.9323885173195089,-0.9542874200371689
SYNTHETIC,decoupled,9416043,2017-08-29,2017-08-30,open,63.231806723559366,65.14817746596023
SYNTHETIC,decoupled,9416043,2017-08-29,2017-08-30,close,63.01889364240252,64.57262970232293
SYNTHETIC,decoupled,9416043,2017-08-29,2017-08-30,volatility,0.12948992505088214,0.1919825324324218
SYNTHETIC,decoupled,9416043,2017-08-29,2017-08-30,sharpe,-1.0148234960872529,-0.9008256096641863
SYNTHETIC,decoupled,9416043,2017-08-30,2017-08-31,open,62.93797602941491,65.11070815352195
SYNTHETIC,decoupled,9416043,2017-08-30,2017-08-31,close,62.99585322569132,64.54330449176632
SYNTHETIC,decoupled,9416043,2017-08-30,2017-08-31,volatility,0.11739755512886804,0.1922356392081051
SYNTHETIC,decoupled,9416043,2017-08-30,2017-08-31,sharpe,-2.6749466972271607,-0.861522768298472
SYNTHETIC,decoupled,9416043,2017-08-31,2017-09-01,open,62.84762013400137,64.95902449099954
SYNTHETIC,decoupled,9416043,2017-08-31,2017-09-01,close,62.44788000598079,64.42784260256741
SYNTHETIC,decoupled,9416043,2017-08-31,2017-09-01,volatility,0.10707713321590141,0.19230053337949415
SYNTHETIC,decoupled,9416043,2017-08-31,2017-09-01,sharpe,-5.500276491054273,-0.8537624382217218
SYNTHETIC,decoupled,9416043,2017-09-01,2017-09-04,open,62.32841437532842,64.78551222577818
SYNTHETIC,decoupled,9416043,2017-09-01,2017-09-04,close,62.36906886251994,64.37642915976602
SYNTHETIC,decoupled,9416043,2017-09-01,2017-09-04,volatility,0.1040595384534047,0.19270418748013587
SYNTHETIC,decoupled,9416043,2017-09-01,2017-09-04,sharpe,-4.7074714280429415,-0.8026484406715142
SYNTHETIC,decoupled,9416043,2017-09-04,2017-09-05,open,62.38554874683944,64.6697338047201
SYNTHETIC,decoupled,9416043,2017-09-04,2017-09-05,close,62.130604352920514,64.30275963197984
SYNTHETIC,decoupled,9416043,2017-09-04,2017-09-05,volatility,0.09911264588357205,0.19274295817120873
SYNTHETIC,decoupled,9416043,2017-09-04,2017-09-05,sharpe,-6.273706875058753,-0.7731424944034334
SYNTHETIC,decoupled,9416043,2017-09-05,2017-09-06,open,62.01987567931899,64.52033083124141
SYNTHETIC,decoupled,9416043,2017-09-05,2017-09-06,close,62.2184645145487,64.1617009426436
SYNTHETIC,decoupled,9416043,2017-09-05,2017-09-06,volatility,0.09720099541051173,0.1932343299443994
SYNTHETIC,decoupled,9416043,2017-09-05,2017-09-06,sharpe,-6.743994814333182,-0.7476142748980374
SYNTHETIC,shared,9416042,2017-03-16,2017-03-17,open,62.14574869322754,70.39426535538625
SYNTHETIC,shared,9416042,2017-03-16,2017-03-17,close,61.13461383615121,59.480390108591656
SYNTHETIC,shared,9416042,2017-03-16,2017-03-17,volatility,0.1410760593356886,0.17746101710801337
SYNTHETIC,shared,9416042,2017-03-16,2017-03-17,sharpe,-1.0618686379435445,-2.0350590150913486
SYNTHETIC,shared,9416042,2017-03-17,2017-03-20,open,60.860472767474135,70.29122562054572
SYNTHETIC,shared,9416042,2017-03-17,2017-03-20,close,61.67406672432166,59.228578854933716
SYNTHETIC,shared,9416042,2017-03-17,2017-03-20,volatility,0.1440932956408077,0.17796462312804287
SYNTHETIC,shared,9416042,2017-03-17,2017-03-20,sharpe,-0.6331670365419388,-2.0512182115671416
SYNTHETIC,shared,9416042,2017-03-20,2017-03-21,open,61.78272517710395,70.14193983048561
SYNTHETIC,shared,9416042,2017-03-20,2017-03-21,close,62.68088389663312,58.923192713365665
SYNTHETIC,shared,9416042,2017-03-20,2017-03-21,volatility,0.1539925925536921,0.1784527396457749
SYNTHETIC,shared,9416042,2017-03-20,2017-03-21,sharpe,1.2297003566534872,-2.0757026167229187
SYNTHETIC,shared,9416042,2017-03-21,2017-03-22,open,62.628642849637124,70.13139749709222
SYNTHETIC,shared,9416042,2017-03-21,2017-03-22,close,62.90049087641083,58.93401375358151
SYNTHETIC,shared,9416042,2017-03-21,2017-03-22,volatility,0.14826135006958246,0.17843368129409634
SYNTHETIC,shared,9416042,2017-03-21,2017-03-22,sharpe,2.4736502800298408,-2.07254941464247
SYNTHETIC,shared,9416042,2017-03-22,2017-03-23,open,62.59532750248797,70.11641997626242
SYNTHETIC,shared,9416042,2017-03-22,2017-03-23,close,63.46605058088946,58.9163251578256
SYNTHETIC,shared,9416042,2017-03-22,2017-03-23,volatility,0.15006535777760927,0.17846500055735387
SYNTHETIC,shared,9416042,2017-03-22,2017-03-23,sharpe,2.7453575575882097,-2.0841261540608405
SYNTHETIC,shared,9416042,2017-03-23,2017-03-24,open,63.635729286122896,70.05188026096371
SYNTHETIC,shared,9416042,2017-03-23,2017-03-24,close,62.81728809096633,58.78883256883804
SYNTHETIC,shared,9416042,2017-03-23,2017-03-24,volatility,0.15454431497156695,0.1787201288224799
SYNTHETIC,shared,9416042,2017-03-23,2017-03-24,sharpe,1.3019171085877912,-2.085604463174041
SYNTHETIC,shared,9416042,2017-03-24,2017-03-27,open,62.80298439091001,70.04694639602552
SYNTHETIC,shared,9416042,2017-03-24,2017-03-27,close,62.0066788327715,58.76769428591701
SYNTHETIC,shared,9416042,2017-03-24,2017-03-27,volatility,0.16062203521632068,0.17875667956267416
SYNTHETIC,shared,9416042,2017-03-24,2017-03-27,sharpe,-0.22006875029224,-2.0925513442899124
SYNTHETIC,shared,9416042,2017-03-27,2017-03-28,open,62.13677974721369,70.22681818044643
SYNTHETIC,shared,9416042,2017-03-27,2017-03-28,close,62.30196687279867,59.16738336678339
SYNTHETIC,shared,9416042,2017-03-27,2017-03-28,volatility,0.15928401272883191,0.1779355426121219
SYNTHETIC,shared,9416042,2017-03-27,2017-03-28,sharpe,-0.42593820900769885,-2.06099504435099
SYNTHETIC,shared,9416042,2017-03-28,2017-03-29,open,62.559838588582174,70.1578908967831
SYNTHETIC,shared,9416042,2017-03-28,2017-03-29,close,62.374512173732064,59.000708589295584
SYNTHETIC,shared,9416042,2017-03-28,2017-03-29,volatility,0.15891927025540878,0.17822050150885682
SYNTHETIC,shared,9416042,2017-03-28,2017-03-29,sharpe,-0.5718576897972618,-2.08074136356489
SYNTHETIC,shared,9416042,2017-03-29,2017-03-30,open,62.24105462291542,70.08336572668053
SYNTHETIC,shared,9416042,2017-03-29,2017-03-30,close,61.66556845498005,58.875644834622584
SYNTHETIC,shared,9416042,2017-03-29,2017-03-30,volatility,0.16196342481796588,0.17841506759862452
SYNTHETIC,shared,9416042,2017-03-29,2017-03-30,sharpe,-0.8862391481359831,-2.091705651715998
SYNTHETIC,shared,9416042,2017-03-30,2017-03-31,open,61.793060081177195,70.04781147582969
SYNTHETIC,shared,9416042,2017-03-30,2017-03-31,close,61.824534893967666,58.79025911126297
SYNTHETIC,shared,9416042,2017-03-30,2017-03-31,volatility,0.16230191244487793,0.17840566795307156
SYNTHETIC,shared,9416042,2017-03-30,2017-03-31,sharpe,-0.5701035650693733,-2.0987117430659357
SYNTHETIC,shared,9416042,2017-03-31,2017-04-03,open,62.105344809506484,70.10792658570796
SYNTHETIC,shared,9416042,2017-03-31,2017-04-03,close,62.22245804545226,58.94847804526919
SYNTHETIC,shared,9416042,2017-03-31,2017-04-03,volatility,0.15795185769096753,0.17792220292591965
SYNTHETIC,shared,9416042,2017-03-31,2017-04-03,sharpe,0.8817234187604266,-2.076714700339216
SYNTHETIC,shared,9416042,2017-04-03,2017-04-04,open,62.04069323810967,70.0662043423084
SYNTHETIC,shared,9416042,2017-04-03,2017-04-04,close,61.65912532926912,58.823475276610644
SYNTHETIC,shared,9416042,2017-04-03,2017-04-04,volatility,0.15448485027083345,0.1781739634036016
SYNTHETIC,shared,9416042,2017-04-03,2017-04-04,sharpe,-0.8811188618567111,-2.0873221109256894
SYNTHETIC,shared,9416042,2017-04-04,2017-04-05,open,61.90820414301495,69.97380217900484
SYNTHETIC,shared,9416042,2017-04-04,2017-04-05,close,61.73067899895814,58.6568561820056
SYNTHETIC,shared,9416042,2017-04-04,2017-04-05,volatility,0.14646124269916913,0.17846029880128952
SYNTHETIC,shared,9416042,2017-04-04,2017-04-05,sharpe,-1.931403775721595,-2.097008346909088
SYNTHETIC,shared,9416042,2017-04-05,2017-04-06,open,61.48206461527924,69.86926112065095
SYNTHETIC,shared,9416042,2017-04-05,2017-04-06,close,60.96743873766739,58.40262404873063
SYNTHETIC,shared,9416042,2017-04-05,2017-04-06,volatility,0.14854494567131532,0.17896105515502014
SYNTHETIC,shared,9416042,2017-04-05,2017-04-06,sharpe,-3.5245636273021437,-2.1117647346662984
SYNTHETIC,shared,9416042,2017-04-06,2017-04-07,open,60.72156009727457,69.81383252108796
SYNTHETIC,shared,9416042,2017-04-06,2017-04-07,close,60.43841499708744,58.33024955897531
SYNTHETIC,shared,9416042,2017-04-06,2017-04-07,volatility,0.14538145778938452,0.17906024828830513
SYNTHETIC,shared,9416042,2017-04-06,2017-04-07,sharpe,-3.2525393892244194,-2.0983317617561226
SYNTHETIC,shared,9416042,2017-04-07,2017-04-10,open,60.15406010770085,69.75229148455999
SYNTHETIC,shared,9416042,2017-04-07,2017-04-10,close,59.1056311469176,58.13095787002092
SYNTHETIC,shared,9416042,2017-04-07,2017-04-10,volatility,0.1602433497131388,0.17963374266430746
SYNTHETIC,shared,9416042,2017-04-07,2017-04-10,sharpe,-3.945828226567272,-2.1150984691911865
SYNTHETIC,shared,9416042,2017-04-10,2017-04-11,open,58.96187540011791,69.72637480473855
SYNTHETIC,shared,9416042,2017-04-10,2017-04-11,close,59.9807934690439,58.11020141258166
SYNTHETIC,shared,9416042,2017-04-10,2017-04-11,volatility,0.17098199421169888,0.1796867998162111
SYNTHETIC,shared,9416042,2017-04-10,2017-04-11,sharpe,-2.782552039025076,-2.1068225901292865
SYNTHETIC,shared,9416042,2017-04-11,2017-04-12,open,60.046030232985636,69.61070014284988
SYNTHETIC,shared,9416042,2017-04-11,2017-04-12,close,61.1513381219161,57.87941707607923
SYNTHETIC,shared,9416042,2017-04-11,2017-04-12,volatility,0.18713729088869197,0.1801534336392939
SYNTHETIC,shared,9416042,2017-04-11,2017-04-12,sharpe,-1.1880168529454327,-2.118834884731008
SYNTHETIC,shared,9416042,2017-04-12,2017-04-13,open,60.9599105398329,69.47521726984876
SYNTHETIC,shared,9416042,2017-04-12,2017-04-13,close,60.21231019866447,57.66553647184242
SYNTHETIC,shared,9416042,2017-04-12,2017-04-13,volatility,0.19403039535615063,0.18056644579041925
SYNTHETIC,shared,9416042,2017-04-12,2017-04-13,sharpe,-2.1161704560834154,-2.105531902527012
SYNTHETIC,shared,9416042,2017-04-13,2017-04-14,open,60.09042814891499,69.33351613972312
SYNTHETIC,shared,9416042,2017-04-13,2017-04-14,close,59.77443076638834,57.341382547219304
SYNTHETIC,shared,9416042,2017-04-13,2017-04-14,volatility,0.18476304079673786,0.1813143768630388
SYNTHETIC,shared,9416042,2017-04-13,2017-04-14,sharpe,-1.4457409061051967,-2.1064906161246375
SYNTHETIC,shared,9416042,2017-04-14,2017-04-17,open,59.10590656015541,69.3443111187474
SYNTHETIC,shared,9416042,2017-04-14,2017-04-17,close,58.58674235797592,57.407030014424365
SYNTHETIC,shared,9416042,2017-04-14,2017-04-17,volatility,0.1923230012777236,0.1813594650024025
SYNTHETIC,shared,9416042,2017-04-14,2017-04-17,sharpe,-3.268760754165303,-2.094484822894771
SYNTHETIC,shared,9416042,2017-04-17,2017-04-18,open,58.36057280275027,69.38383230282871
SYNTHETIC,shared,9416042,2017-04-17,2017-04-18,close,57.6941084221859,57.4249519479747
SYNTHETIC,shared,9416042,2017-04-17,2017-04-18,volatility,0.18380238512307356,0.18139581081408407
SYNTHETIC,shared,9416042,2017-04-17,2017-04-18,sharpe,-5.5838524313137645,-2.099711742211385
SYNTHETIC,shared,9416042,2017-04-18,2017-04-19,open,57.76591581742588,69.48108102943883
SYNTHETIC,shared,9416042,2017-04-18,2017-04-19,close,57.6770798895428,57.6658201893879
SYNTHETIC,shared,9416042,2017-04-18,2017-04-19,volatility,0.18221334984541931,0.1810420887349082
SYNTHETIC,shared,9416042,2017-04-18,2017-04-19,sharpe,-5.895228404550771,-2.065988501975465
SYNTHETIC,shared,9416042,2017-04-19,2017-04-20,open,57.65836802312869,69.76884308026283
SYNTHETIC,shared,9416042,2017-04-19,2017-04-20,close,57.24504241243176,58.03884512411105
SYNTHETIC,shared,9416042,2017-04-19,2017-04-20,volatility,0.17558427050054995,0.18035162271050265
SYNTHETIC,shared,9416042,2017-04-19,2017-04-20,sharpe,-7.300552002645455,-2.047406644576389
SYNTHETIC,shared,9416042,2017-04-20,2017-04-21,open,57.10409049692494,69.78014731880486
SYNTHETIC,shared,9416042,2017-04-20,2017-04-21,close,57.17906704012482,58.1208129790957
SYNTHETIC,shared,9416042,2017-04-20,2017-04-21,volatility,0.1750165419552037,0.18026872332726296
SYNTHETIC,shared,9416042,2017-04-20,2017-04-21,sharpe,-6.671278041817694,-2.0443942504564214
SYNTHETIC,shared,9416042,2017-04-21,2017-04-24,open,57.3692224160544,69.74632587306635
SYNTHETIC,shared,9416042,2017-04-21,2017-04-24,close,57.59328783397311,58.02222245782505
SYNTHETIC,shared,9416042,2017-04-21,2017-04-24,volatility,0.17698974017522484,0.18039335852872507
SYNTHETIC,shared,9416042,2017-04-21,2017-04-24,sharpe,-5.16251825915362,-2.0405962371730952
SYNTHETIC,shared,9416042,2017-04-24,2017-04-25,open,57.73927081120945,69.78429282355454
SYNTHETIC,shared,9416042,2017-04-24,2017-04-25,close,59.160052335914784,58.18017888681257
SYNTHETIC,shared,9416042,2017-04-24,2017-04-25,volatility,0.2065538793160258,0.18007585853080801
SYNTHETIC,shared,9416042,2017-04-24,2017-04-25,sharpe,-3.054635312280358,-2.01172353457359
SYNTHETIC,shared,9416042,2017-04-25,2017-04-26,open,59.292931914460794,69.87018043328689
SYNTHETIC,shared,9416042,2017-04-25,2017-04-26,close,58.84558906430088,58.282561147242404
SYNTHETIC,shared,9416042,2017-04-25,2017-04-26,volatility,0.20630814896039945,0.17995626921064853
SYNTHETIC,shared,9416042,2017-04-25,2017-04-26,sharpe,-3.454023868038524,-1.9923575823441053
SYNTHETIC,shared,9416042,2017-04-26,2017-04-27,open,58.919269811135806,69.98302043765209
SYNTHETIC,shared,9416042,2017-04-26,2017-04-27,close,60.96714363389763,58.526189668700866
SYNTHETIC,shared,9416042,2017-04-26,2017-04-27,volatility,0.2452651897277174,0.17959353414349077
SYNTHETIC,shared,9416042,2017-04-26,2017-04-27,sharpe,-0.469353379146229,-1.9764865031611276
SYNTHETIC,shared,9416042,2017-04-27,2017-04-28,open,60.92039968585204,69.99737097403666
SYNTHETIC,shared,9416042,2017-04-27,2017-04-28,close,61.906523236629575,58.4799277993929
SYNTHETIC,shared,9416042,2017-04-27,2017-04-28,volatility,0.2515192310804749,0.17958881305454788
SYNTHETIC,shared,9416042,2017-04-27,2017-04-28,sharpe,0.18504756846875328,-1.9701724589700291
SYNTHETIC,shared,9416042,2017-04-28,2017-05-01,open,61.76994877744675,70.19061049011047
SYNTHETIC,shared,9416042,2017-04-28,2017-05-01,close,63.78727624868715,58.909351539651695
SYNTHETIC,shared,9416042,2017-04-28,2017-05-01,volatility,0.27286727599098265,0.178663545353528
SYNTHETIC,shared,9416042,2017-04-28,2017-05-01,sharpe,1.2762246310773426,-1.9415040537166026
SYNTHETIC,shared,9416042,2017-05-01,2017-05-02,open,63.88910248990862,70.37105899440083
SYNTHETIC,shared,9416042,2017-05-01,2017-05-02,close,63.177185523966564,59.15624944179777
SYNTHETIC,shared,9416042,2017-05-01,2017-05-02,volatility,0.27313233443478807,0.17800264703358293
SYNTHETIC,shared,9416042,2017-05-01,2017-05-02,sharpe,1.2514161357139157,-1.9184877281143564
SYNTHETIC,shared,9416042,2017-05-02,2017-05-03,open,63.50457469005281,70.33526003443107
SYNTHETIC,shared,9416042,2017-05-02,2017-05-03,close,65.28785163391485,59.09521304759818
SYNTHETIC,shared,9416042,2017-05-02,2017-05-03,volatility,0.2958665812700981,0.1783283867043397
SYNTHETIC,shared,9416042,2017-05-02,2017-05-03,sharpe,2.5286045459104733,-1.919635863037715
SYNTHETIC,shared,9416042,2017-05-03,2017-05-04,open,65.21101246561399,70.2320708286152
SYNTHETIC,shared,9416042,2017-05-03,2017-05-04,close,66.76328801120691,58.86782006381225
SYNTHETIC,shared,9416042,2017-05-03,2017-05-04,volatility,0.2978576134068155,0.1786984798650751
SYNTHETIC,shared,9416042,2017-05-03,2017-05-04,sharpe,3.9907091075849337,-1.9152036170548676
SYNTHETIC,shared,9416042,2017-05-04,2017-05-05,open,66.39896478300794,70.13754697111304
SYNTHETIC,shared,9416042,2017-05-04,2017-05-05,close,67.86895178712845,58.72658971217871
SYNTHETIC,shared,9416042,2017-05-04,2017-05-05,volatility,0.2962733510277079,0.1790271697330992
SYNTHETIC,shared,9416042,2017-05-04,2017-05-05,sharpe,5.085382228946306,-1.9118187163661737
SYNTHETIC,shared,9416042,2017-05-05,2017-05-08,open,67.74268502562491,70.04554427891172
SYNTHETIC,shared,9416042,2017-05-05,2017-05-08,close,68.76715393744648,58.531569695801565
SYNTHETIC,shared,9416042,2017-05-05,2017-05-08,volatility,0.277901465926641,0.17937247427695263
SYNTHETIC,shared,9416042,2017-05-05,2017-05-08,sharpe,7.021447387694577,-1.8971888023300858
SYNTHETIC,shared,9416042,2017-05-08,2017-05-09,open,68.59864196212297,70.03340935211736
SYNTHETIC,shared,9416042,2017-05-08,2017-05-09,close,68.73844212777394,58.5883105533313
SYNTHETIC,shared,9416042,2017-05-08,2017-05-09,volatility,0.27802344622345143,0.17958318718688868
SYNTHETIC,shared,9416042,2017-05-08,2017-05-09,sharpe,6.328403999598374,-1.8971961209647867
SYNTHETIC,shared,9416042,2017-05-09,2017-05-10,open,68.62107025823283,69.90922674940228
SYNTHETIC,shared,9416042,2017-05-09,2017-05-10,close,68.3397784275233,58.34297177190244
SYNTHETIC,shared,9416042,2017-05-09,2017-05-10,volatility,0.2774083632567106,0.1799829176504474
SYNTHETIC,shared,9416042,2017-05-09,2017-05-10,sharpe,5.192616090123128,-1.8951746350889456
SYNTHETIC,shared,9416042,2017-05-10,2017-05-11,open,68.40824481524946,69.9221632639051
SYNTHETIC,shared,9416042,2017-05-10,2017-05-11,close,68.05704379806608,58.415086408204886
SYNTHETIC,shared,9416042,2017-05-10,2017-05-11,volatility,0.2688315919879854,0.17992471408627264
SYNTHETIC,shared,9416042,2017-05-10,2017-05-11,sharpe,5.884091414226732,-1.8782157239613801
SYNTHETIC,shared,9416042,2017-05-11,2017-05-12,open,68.14738016661333,69.92015268087398
SYNTHETIC,shared,9416042,2017-05-11,2017-05-12,close,67.27541071909953,58.39793077718394
SYNTHETIC,shared,9416042,2017-05-11,2017-05-12,volatility,0.27204438324935354,0.17998899590746478
SYNTHETIC,shared,9416042,2017-05-11,2017-05-12,sharpe,5.619485589935247,-1.8645393811948974
SYNTHETIC,shared,9416042,2017-05-12,2017-05-15,open,67.27807347801382,69.84100316979985
SYNTHETIC,shared,9416042,2017-05-12,2017-05-15,close,67.1344823940998,58.24896315641297
SYNTHETIC,shared,9416042,2017-05-12,2017-05-15,volatility,0.2564376079881213,0.1803555434182734
SYNTHETIC,shared,9416042,2017-05-12,2017-05-15,sharpe,6.834843137140886,-1.8633704565739695
SYNTHETIC,shared,9416042,2017-05-15,2017-05-16,open,67.19268843620321,69.78184176410937
SYNTHETIC,shared,9416042,2017-05-15,2017-05-16,close,67.8442789784387,58.126031260679824
SYNTHETIC,shared,9416042,2017-05-15,2017-05-16,volatility,0.24281802211709497,0.18066468774607938
SYNTHETIC,shared,9416042,2017-05-15,2017-05-16,sharpe,8.55744771036645,-1.8537722186788248
SYNTHETIC,shared,9416042,2017-05-16,2017-05-17,open,67.68895026025807,69.8424621652494
SYNTHETIC,shared,9416042,2017-05-16,2017-05-17,close,67.08162258409236,58.29488297372686
SYNTHETIC,shared,9416042,2017-05-16,2017-05-17,volatility,0.25089879172014606,0.1803873344037676
SYNTHETIC,shared,9416042,2017-05-16,2017-05-17,sharpe,7.732127077752926,-1.8325775352297162
SYNTHETIC,shared,9416042,2017-05-17,2017-05-18,open,66.81130193112357,69.8456103149955
SYNTHETIC,shared,9416042,2017-05-17,2017-05-18,close,65.70897147989811,58.3338901588813
SYNTHETIC,shared,9416042,2017-05-17,2017-05-18,volatility,0.2651354180186175,0.1803197311940399
SYNTHETIC,shared,9416042,2017-05-17,2017-05-18,sharpe,6.700489096384829,-1.808244828750549
SYNTHETIC,shared,9416042,2017-05-18,2017-05-19,open,65.82055476952429,69.87964869206102
SYNTHETIC,shared,9416042,2017-05-18,2017-05-19,close,66.8805440116283,58.38045430669567
SYNTHETIC,shared,9416042,2017-05-18,2017-05-19,volatility,0.2659075276584204,0.1804129427347003
SYNTHETIC,shared,9416042,2017-05-18,2017-05-19,sharpe,7.580503879341763,-1.7849687513041583
SYNTHETIC,shared,9416042,2017-05-19,2017-05-22,open,66.65315379861003,69.83461163216411
SYNTHETIC,shared,9416042,2017-05-19,2017-05-22,close,65.03060301411351,58.27687619006947
SYNTHETIC,shared,9416042,2017-05-19,2017-05-22,volatility,0.29454455577565813,0.18053579157818397
SYNTHETIC,shared,9416042,2017-05-19,2017-05-22,sharpe,5.350343203300052,-1.7725488904758842
SYNTHETIC,shared,9416042,2017-05-22,2017-05-23,open,64.94892919314492,69.79676769761139
SYNTHETIC,shared,9416042,2017-05-22,2017-05-23,close,66.1724857221551,58.168559725277206
SYNTHETIC,shared,9416042,2017-05-22,2017-05-23,volatility,0.2873475775318095,0.18070265751955947
SYNTHETIC,shared,9416042,2017-05-22,2017-05-23,sharpe,5.061431879426129,-1.7624429578814413
SYNTHETIC,shared,9416042,2017-05-23,2017-05-24,open,66.00357872919457,69.81875051300221
SYNTHETIC,shared,9416042,2017-05-23,2017-05-24,close,66.5875622342459,58.18512936024628
SYNTHETIC,shared,9416042,2017-05-23,2017-05-24,volatility,0.2843459604359226,0.18069592581124697
SYNTHETIC,shared,9416042,2017-05-23,2017-05-24,sharpe,5.628356354742491,-1.7531120383988141
SYNTHETIC,shared,9416042,2017-05-24,2017-05-25,open,66.67459410241493,69.82155474722983
SYNTHETIC,shared,9416042,2017-05-24,2017-05-25,close,64.54971858637897,58.16881692716423
SYNTHETIC,shared,9416042,2017-05-24,2017-05-25,volatility,0.2903757073031983,0.18081122709894318
SYNTHETIC,shared,9416042,2017-05-24,2017-05-25,sharpe,2.61910256425512,-1.744420255192785
SYNTHETIC,shared,9416042,2017-05-25,2017-05-26,open,64.55013799734384,69.7229250675378
SYNTHETIC,shared,9416042,2017-05-25,2017-05-26,close,65.1520431525353,57.9812372045498
SYNTHETIC,shared,9416042,2017-05-25,2017-05-26,volatility,0.28772578890732414,0.18112755939099554
SYNTHETIC,shared,9416042,2017-05-25,2017-05-26,sharpe,2.3771111400458467,-1.7388766970282983
SYNTHETIC,shared,9416042,2017-05-26,2017-05-29,open,64.9572720664831,69.60563003445628
SYNTHETIC,shared,9416042,2017-05-26,2017-05-29,close,64.36418216535489,57.72574822906403
SYNTHETIC,shared,9416042,2017-05-26,2017-05-29,volatility,0.2726638984176322,0.1817461264400587
SYNTHETIC,shared,9416042,2017-05-26,2017-05-29,sharpe,0.5457050973520534,-1.7298139683174065
SYNTHETIC,shared,9416042,2017-05-29,2017-05-30,open,64.5023610164954,69.47713261473629
SYNTHETIC,shared,9416042,2017-05-29,2017-05-30,close,64.96268767706059,57.50972515962398
SYNTHETIC,shared,9416042,2017-05-29,2017-05-30,volatility,0.2715652983893232,0.18218934041406115
SYNTHETIC,shared,9416042,2017-05-29,2017-05-30,sharpe,1.4231211455695405,-1.7093724063551115
SYNTHETIC,shared,9416042,2017-05-30,2017-05-31,open,64.70003222775243,69.51068554181997
SYNTHETIC,shared,9416042,2017-05-30,2017-05-31,close,65.97459987296278,57.53981778040556
SYNTHETIC,shared,9416042,2017-05-30,2017-05-31,volatility,0.2503534792898585,0.18237951020724566
SYNTHETIC,shared,9416042,2017-05-30,2017-05-31,sharpe,0.6462420885064433,-1.6994863909281097
SYNTHETIC,shared,9416042,2017-05-31,2017-06-01,open,66.0031527595436,69.55202021888526
SYNTHETIC,shared,9416042,2017-05-31,2017-06-01,close,67.14781894266562,57.6229708853232
SYNTHETIC,shared,9416042,2017-05-31,2017-06-01,volatility,0.24528365268038604,0.18223240246775238
SYNTHETIC,shared,9416042,2017-05-31,2017-06-01,sharpe,0.4122031834782254,-1.6770170988345197
SYNTHETIC,shared,9416042,2017-06-01,2017-06-02,open,67.30638456864162,69.57845012648043
SYNTHETIC,shared,9416042,2017-06-01,2017-06-02,close,67.85250283800886,57.60784370217412
SYNTHETIC,shared,9416042,2017-06-01,2017-06-02,volatility,0.24088865130249584,0.18233512191808562
SYNTHETIC,shared,9416042,2017-06-01,2017-06-02,sharpe,0.10241073487964168,-1.6753067238039292
SYNTHETIC,shared,9416042,2017-06-02,2017-06-05,open,67.62304826506683,69.65642900203973
SYNTHETIC,shared,9416042,2017-06-02,2017-06-05,close,67.97901447708134,57.72366144674355
SYNTHETIC,shared,9416042,2017-06-02,2017-06-05,volatility,0.2359962444084572,0.18203581802546362
SYNTHETIC,shared,9416042,2017-06-02,2017-06-05,sharpe,-0.502510258248657,-1.6719824291240504
SYNTHETIC,shared,9416042,2017-06-05,2017-06-06,open,67.83008330832791,69.90695955248431
SYNTHETIC,shared,9416042,2017-06-05,2017-06-06,close,67.12594673684147,58.057127670616374
SYNTHETIC,shared,9416042,2017-06-05,2017-06-06,volatility,0.2398572913603607,0.18156991111861448
SYNTHETIC,shared,9416042,2017-06-05,2017-06-06,sharpe,-1.1317020384334715,-1.733376903748359
SYNTHETIC,shared,9416042,2017-06-06,2017-06-07,open,66.98566994152763,69.80970024385823
SYNTHETIC,shared,9416042,2017-06-06,2017-06-07,close,67.36017321996086,57.819616311563685
SYNTHETIC,shared,9416042,2017-06-06,2017-06-07,volatility,0.23969788536252798,0.18196093792024817
SYNTHETIC,shared,9416042,2017-06-06,2017-06-07,sharpe,-0.644163386040812,-1.7475917309031637
SYNTHETIC,shared,9416042,2017-06-07,2017-06-08,open,67.412297050308,69.76282323593743
SYNTHETIC,shared,9416042,2017-06-07,2017-06-08,close,66.81975175290479,57.72139966107727
SYNTHETIC,shared,9416042,2017-06-07,2017-06-08,volatility,0.2408497321229481,0.18234178016145963
SYNTHETIC,shared,9416042,2017-06-07,2017-06-08,sharpe,-0.844360870452939,-1.7513405431266065
SYNTHETIC,shared,9416042,2017-06-08,2017-06-09,open,66.60843041690107,69.76257323581055
SYNTHETIC,shared,9416042,2017-06-08,2017-06-09,close,66.45302027632191,57.78140194459708
SYNTHETIC,shared,9416042,2017-06-08,2017-06-09,volatility,0.2382502034214412,0.1823384549063483
SYNTHETIC,shared,9416042,2017-06-08,2017-06-09,sharpe,-0.5364399456054292,-1.7276414449214152
SYNTHETIC,shared,9416042,2017-06-09,2017-06-12,open,66.27382120418025,70.2080470068974
SYNTHETIC,shared,9416042,2017-06-09,2017-06-12,close,65.91655641283641,58.541499809893295
SYNTHETIC,shared,9416042,2017-06-09,2017-06-12,volatility,0.23971900653320152,0.18101104399852613
SYNTHETIC,shared,9416042,2017-06-09,2017-06-12,sharpe,-0.847367640463747,-1.790963906878875
SYNTHETIC,shared,9416042,2017-06-12,2017-06-13,open,65.82698593755693,70.25110655256306
SYNTHETIC,shared,9416042,2017-06-12,2017-06-13,close,66.01419214650804,58.581079733270386
SYNTHETIC,shared,9416042,2017-06-12,2017-06-13,volatility,0.23614083045058742,0.18077463382641612
SYNTHETIC,shared,9416042,2017-06-12,2017-06-13,sharpe,-1.3453146775373954,-1.8470227754107615
SYNTHETIC,shared,9416042,2017-06-13,2017-06-14,open,65.69011726333235,70.40908943698473
SYNTHETIC,shared,9416042,2017-06-13,2017-06-14,close,65.21174992902316,58.99548765614562
SYNTHETIC,shared,9416042,2017-06-13,2017-06-14,volatility,0.23667507641615937,0.18000432688015813
SYNTHETIC,shared,9416042,2017-06-13,2017-06-14,sharpe,-1.3909542495069795,-1.9247960606482604
SYNTHETIC,shared,9416042,2017-06-14,2017-06-15,open,65.31925174851139,70.38558545680061
SYNTHETIC,shared,9416042,2017-06-14,2017-06-15,close,65.06286644812359,58.96039153061342
SYNTHETIC,shared,9416042,2017-06-14,2017-06-15,volatility,0.22570248966550677,0.179712632408535
SYNTHETIC,shared,9416042,2017-06-14,2017-06-15,sharpe,-0.443702325147858,-2.0042743398373855
SYNTHETIC,shared,9416042,2017-06-15,2017-06-16,open,65.2236350410095,70.88840581784198
SYNTHETIC,shared,9416042,2017-06-15,2017-06-16,close,64.92833015203279,60.102243285396455
SYNTHETIC,shared,9416042,2017-06-15,2017-06-16,volatility,0.21519683677004814,0.17651399991862018
SYNTHETIC,shared,9416042,2017-06-15,2017-06-16,sharpe,-1.6303833055092942,-2.2483327905972543
SYNTHETIC,shared,9416042,2017-06-16,2017-06-19,open,65.07789105160906,70.79079201168148
SYNTHETIC,shared,9416042,2017-06-16,2017-06-19,close,65.48212700376725,59.926118327234974
SYNTHETIC,shared,9416042,2017-06-16,2017-06-19,volatility,0.19389429776124265,0.17637816324732392
SYNTHETIC,shared,9416042,2017-06-16,2017-06-19,sharpe,0.5422402656729878,-2.3500229883625345
SYNTHETIC,shared,9416042,2017-06-19,2017-06-20,open,65.47654175549638,70.71082107161897
SYNTHETIC,shared,9416042,2017-06-19,2017-06-20,close,65.11898651932582,59.845866035352415
SYNTHETIC,shared,9416042,2017-06-19,2017-06-20,volatility,0.18388918683413685,0.17637159780176695
SYNTHETIC,shared,9416042,2017-06-19,2017-06-20,sharpe,-1.0113874117985564,-2.4049452554781947
SYNTHETIC,shared,9416042,2017-06-20,2017-06-21,open,64.99648146407716,70.61128133855497
SYNTHETIC,shared,9416042,2017-06-20,2017-06-21,close,64.55336570027487,59.65062328744425
SYNTHETIC,shared,9416042,2017-06-20,2017-06-21,volatility,0.18399129063489555,0.17645888574843838
SYNTHETIC,shared,9416042,2017-06-20,2017-06-21,sharpe,-2.0352138000568814,-2.428398164729396
SYNTHETIC,shared,9416042,2017-06-21,2017-06-22,open,64.53575729115195,70.65428665138887
SYNTHETIC,shared,9416042,2017-06-21,2017-06-22,close,63.99801613338989,59.77704729539603
SYNTHETIC,shared,9416042,2017-06-21,2017-06-22,volatility,0.1515200194958971,0.17595901484054552
SYNTHETIC,shared,9416042,2017-06-21,2017-06-22,sharpe,-0.6418215872581934,-2.4669582787015614
SYNTHETIC,shared,9416042,2017-06-22,2017-06-23,open,64.02323765592416,70.68350227468373
SYNTHETIC,shared,9416042,2017-06-22,2017-06-23,close,63.68591895997141,59.892424880035094
SYNTHETIC,shared,9416042,2017-06-22,2017-06-23,volatility,0.14778226340021344,0.17537756305173036
SYNTHETIC,shared,9416042,2017-06-22,2017-06-23,sharpe,-1.8694234590750038,-2.5043825993376174
SYNTHETIC,shared,9416042,2017-06-23,2017-06-26,open,63.56651607042151,70.8314600217417
SYNTHETIC,shared,9416042,2017-06-23,2017-06-26,close,63.8707725102159,60.272627603502244
SYNTHETIC,shared,9416042,2017-06-23,2017-06-26,volatility,0.14247384216988768,0.17434620424635738
SYNTHETIC,shared,9416042,2017-06-23,2017-06-26,sharpe,-0.6129384181386653,-2.5339819863482727
SYNTHETIC,shared,9416042,2017-06-26,2017-06-27,open,63.47153865580402,70.80412006077455
SYNTHETIC,shared,9416042,2017-06-26,2017-06-27,close,64.51896152311602,60.21335715215582
SYNTHETIC,shared,9416042,2017-06-26,2017-06-27,volatility,0.14326651436381793,0.17417545239639254
SYNTHETIC,shared,9416042,2017-06-26,2017-06-27,sharpe,-0.5348169113789938,-2.5495908618985674
SYNTHETIC,shared,9416042,2017-06-27,2017-06-28,open,64.89383991992014,71.06632654307151
SYNTHETIC,shared,9416042,2017-06-27,2017-06-28,close,64.18612880088308,60.795397067789125
SYNTHETIC,shared,9416042,2017-06-27,2017-06-28,volatility,0.13117828726778186,0.1730546790277072
SYNTHETIC,shared,9416042,2017-06-27,2017-06-28,sharpe,-2.575797342097439,-2.5706852791340014
SYNTHETIC,shared,9416042,2017-06-28,2017-06-29,open,64.34512441227047,71.08033051843361
SYNTHETIC,shared,9416042,2017-06-28,2017-06-29,close,64.34715184421727,60.818571753279556
SYNTHETIC,shared,9416042,2017-06-28,2017-06-29,volatility,0.11135086121488831,0.17274648201095036
SYNTHETIC,shared,9416042,2017-06-28,2017-06-29,sharpe,-4.762815592389284,-2.5922375104869335
SYNTHETIC,shared,9416042,2017-06-29,2017-06-30,open,64.4779256632741,71.11389005927727
SYNTHETIC,shared,9416042,2017-06-29,2017-06-30,close,64.52657684238903,60.91985096231763
SYNTHETIC,shared,9416042,2017-06-29,2017-06-30,volatility,0.10281935640642624,0.17248462977066323
SYNTHETIC,shared,9416042,2017-06-29,2017-06-30,sharpe,-6.102360738548323,-2.603271771030037
SYNTHETIC,shared,9416042,2017-06-30,2017-07-03,open,64.24829517064828,71.06050378879326
SYNTHETIC,shared,9416042,2017-06-30,2017-07-03,close,64.65320805750372,60.80842951392019
SYNTHETIC,shared,9416042,2017-06-30,2017-07-03,volatility,0.10287495038079235,0.17263018314672077
SYNTHETIC,shared,9416042,2017-06-30,2017-07-03,sharpe,-6.087065409414556,-2.599312839610578
SYNTHETIC,shared,9416042,2017-07-03,2017-07-04,open,65.07463372344948,71.31900788825858
SYNTHETIC,shared,9416042,2017-07-03,2017-07-04,close,64.39334324273533,61.364118168180035
SYNTHETIC,shared,9416042,2017-07-03,2017-07-04,volatility,0.09603581308669956,0.17165383024740968
SYNTHETIC,shared,9416042,2017-07-03,2017-07-04,sharpe,-5.4014570000113995,-2.5543995262925283
SYNTHETIC,shared,9416042,2017-07-04,2017-07-05,open,64.50995901102932,71.40081083983299
SYNTHETIC,shared,9416042,2017-07-04,2017-07-05,close,64.50140627727566,61.529158255324035
SYNTHETIC,shared,9416042,2017-07-04,2017-07-05,volatility,0.09485604915024062,0.1715665539004654
SYNTHETIC,shared,9416042,2017-07-04,2017-07-05,sharpe,-5.70922236049002,-2.5173891630621363
SYNTHETIC,shared,9416042,2017-07-05,2017-07-06,open,64.44176432321431,71.68500675128074
SYNTHETIC,shared,9416042,2017-07-05,2017-07-06,close,64.30482718547786,62.126990897133666
SYNTHETIC,shared,9416042,2017-07-05,2017-07-06,volatility,0.09238160478814646,0.17067088483651172
SYNTHETIC,shared,9416042,2017-07-05,2017-07-06,sharpe,-5.18357371143115,-2.454399317900328
SYNTHETIC,shared,9416042,2017-07-06,2017-07-07,open,64.3040088014945,67.57459867401963
SYNTHETIC,shared,9416042,2017-07-06,2017-07-07,close,64.43757598392546,64.88903508805032
SYNTHETIC,shared,9416042,2017-07-06,2017-07-07,volatility,0.09238100405427947,0.18464241968155162
SYNTHETIC,shared,9416042,2017-07-06,2017-07-07,sharpe,-4.153476974836998,-1.1921716831745774
SYNTHETIC,shared,9416042,2017-07-07,2017-07-10,open,64.6454088607199,67.91396193285715
SYNTHETIC,shared,9416042,2017-07-07,2017-07-10,close,65.1635962204534,65.41203154656678
SYNTHETIC,shared,9416042,2017-07-07,2017-07-10,volatility,0.09943177530561557,0.18318609390478777
SYNTHETIC,shared,9416042,2017-07-07,2017-07-10,sharpe,-1.4082030030439014,-1.239850443196095
SYNTHETIC,shared,9416042,2017-07-10,2017-07-11,open,64.9551437597653,67.96157986551222
SYNTHETIC,shared,9416042,2017-07-10,2017-07-11,close,65.69017760801282,65.4854708338689
SYNTHETIC,shared,9416042,2017-07-10,2017-07-11,volatility,0.10388487383950597,0.18329367105780942
SYNTHETIC,shared,9416042,2017-07-10,2017-07-11,sharpe,-0.5473728434319896,-1.224316436656268
SYNTHETIC,shared,9416042,2017-07-11,2017-07-12,open,66.09399836298421,67.89942291189318
SYNTHETIC,shared,9416042,2017-07-11,2017-07-12,close,65.38913532438947,65.40354978421858
SYNTHETIC,shared,9416042,2017-07-11,2017-07-12,volatility,0.09548909404867599,0.18342470569813424
SYNTHETIC,shared,9416042,2017-07-11,2017-07-12,sharpe,0.40375345478195507,-1.2457335015097952
SYNTHETIC,shared,9416042,2017-07-12,2017-07-13,open,65.42104701279469,67.9989094225593
SYNTHETIC,shared,9416042,2017-07-12,2017-07-13,close,64.88434859446562,65.53870540462808
SYNTHETIC,shared,9416042,2017-07-12,2017-07-13,volatility,0.09920637442911993,0.18317748361434544
SYNTHETIC,shared,9416042,2017-07-12,2017-07-13,sharpe,-0.3018739455410224,-1.206594917825939
SYNTHETIC,shared,9416042,2017-07-13,2017-07-14,open,64.98218886479933,68.12271783157385
SYNTHETIC,shared,9416042,2017-07-13,2017-07-14,close,64.41461063555369,65.763868714657
SYNTHETIC,shared,9416042,2017-07-13,2017-07-14,volatility,0.10220715609105899,0.1825025972367432
SYNTHETIC,shared,9416042,2017-07-13,2017-07-14,sharpe,-0.9305891811699611,-1.2451729532840585
SYNTHETIC,shared,9416042,2017-07-14,2017-07-17,open,64.39100593130591,68.32448001369227
SYNTHETIC,shared,9416042,2017-07-14,2017-07-17,close,64.82702699734105,66.07829700306644
SYNTHETIC,shared,9416042,2017-07-14,2017-07-17,volatility,0.1000040204053371,0.1822808158789624
SYNTHETIC,shared,9416042,2017-07-14,2017-07-17,sharpe,-1.2190600454453162,-1.2471096182649681
SYNTHETIC,shared,9416042,2017-07-17,2017-07-18,open,64.66148634443117,68.55499984107048
SYNTHETIC,shared,9416042,2017-07-17,2017-07-18,close,64.55555475474361,66.45246007099789
SYNTHETIC,shared,9416042,2017-07-17,2017-07-18,volatility,0.09920533194082061,0.18119338333865684
SYNTHETIC,shared,9416042,2017-07-17,2017-07-18,sharpe,-1.056395527938714,-1.3042188053584756
SYNTHETIC,shared,9416042,2017-07-18,2017-07-19,open,64.77573721078609,68.66816899923954
SYNTHETIC,shared,9416042,2017-07-18,2017-07-19,close,64.59038888417169,66.62527709290936
SYNTHETIC,shared,9416042,2017-07-18,2017-07-19,volatility,0.09428806750745172,0.180796990275896
SYNTHETIC,shared,9416042,2017-07-18,2017-07-19,sharpe,0.1213510884942163,-1.3128484132767544
SYNTHETIC,shared,9416042,2017-07-19,2017-07-20,open,64.57209110481251,68.84302306489244
SYNTHETIC,shared,9416042,2017-07-19,2017-07-20,close,64.2511425383096,66.92010968799175
SYNTHETIC,shared,9416042,2017-07-19,2017-07-20,volatility,0.09090117828678801,0.17980795021756124
SYNTHETIC,shared,9416042,2017-07-19,2017-07-20,sharpe,0.590317196204403,-1.3611523849456337
SYNTHETIC,shared,9416042,2017-07-20,2017-07-21,open,64.30511426186214,68.92519700478292
SYNTHETIC,shared,9416042,2017-07-20,2017-07-21,close,64.23557884335507,67.05495336968092
SYNTHETIC,shared,9416042,2017-07-20,2017-07-21,volatility,0.08892670273599083,0.17962873804902832
SYNTHETIC,shared,9416042,2017-07-20,2017-07-21,sharpe,1.2600763929690366,-1.3646980449347845
SYNTHETIC,shared,9416042,2017-07-21,2017-07-24,open,64.27105305848286,68.88760726482668
SYNTHETIC,shared,9416042,2017-07-21,2017-07-24,close,64.59043663694042,67.03684606967661
SYNTHETIC,shared,9416042,2017-07-21,2017-07-24,volatility,0.09036316069240366,0.17966960577119068
SYNTHETIC,shared,9416042,2017-07-21,2017-07-24,sharpe,1.6056136955743134,-1.3976691771590954
SYNTHETIC,shared,9416042,2017-07-24,2017-07-25,open,64.47789535987688,68.79797127910145
SYNTHETIC,shared,9416042,2017-07-24,2017-07-25,close,63.81535461240955,66.90526734659365
SYNTHETIC,shared,9416042,2017-07-24,2017-07-25,volatility,0.09339347964277239,0.17996371573616093
SYNTHETIC,shared,9416042,2017-07-24,2017-07-25,sharpe,-1.434591045964266,-1.4039062924383776
SYNTHETIC,shared,9416042,2017-07-25,2017-07-26,open,63.67661076497034,68.76641555249856
SYNTHETIC,shared,9416042,2017-07-25,2017-07-26,close,63.398029062303976,66.9059060782591
SYNTHETIC,shared,9416042,2017-07-25,2017-07-26,volatility,0.09442381427638367,0.18001211001176845
SYNTHETIC,shared,9416042,2017-07-25,2017-07-26,sharpe,-1.6032053853178805,-1.4321192580666544
SYNTHETIC,shared,9416042,2017-07-26,2017-07-27,open,63.543543019760016,68.74340571939202
SYNTHETIC,shared,9416042,2017-07-26,2017-07-27,close,63.16715401145569,66.8893168800271
SYNTHETIC,shared,9416042,2017-07-26,2017-07-27,volatility,0.0942612746083887,0.18027689947228098
SYNTHETIC,shared,9416042,2017-07-26,2017-07-27,sharpe,-2.4280953457681527,-1.4095102278099978
SYNTHETIC,shared,9416042,2017-07-27,2017-07-28,open,62.97076309035871,68.64380621500537
SYNTHETIC,shared,9416042,2017-07-27,2017-07-28,close,63.56093604173733,66.75239063602407
SYNTHETIC,shared,9416042,2017-07-27,2017-07-28,volatility,0.09681240189156318,0.18062221059168138
SYNTHETIC,shared,9416042,2017-07-27,2017-07-28,sharpe,-1.915674867558252,-1.4118181453701402
SYNTHETIC,shared,9416042,2017-07-28,2017-07-31,open,63.61018191921295,68.58888531977999
SYNTHETIC,shared,9416042,2017-07-28,2017-07-31,close,63.93025871630451,66.64128994721997
SYNTHETIC,shared,9416042,2017-07-28,2017-07-31,volatility,0.09916984485737215,0.18093337315830174
SYNTHETIC,shared,9416042,2017-07-28,2017-07-31,sharpe,-1.3812211715000207,-1.3660109372318179
SYNTHETIC,shared,9416042,2017-07-31,2017-08-01,open,64.09452750826084,68.5400214826799
SYNTHETIC,shared,9416042,2017-07-31,2017-08-01,close,64.00107362180886,66.61670323436753
SYNTHETIC,shared,9416042,2017-07-31,2017-08-01,volatility,0.09845381458019951,0.18116239387922345
SYNTHETIC,shared,9416042,2017-07-31,2017-08-01,sharpe,-0.7351122186216328,-1.3700747319979734
SYNTHETIC,shared,9416042,2017-08-01,2017-08-02,open,63.80909779824455,68.70827136271853
SYNTHETIC,shared,9416042,2017-08-01,2017-08-02,close,63.71999661999387,66.89135190882168
SYNTHETIC,shared,9416042,2017-08-01,2017-08-02,volatility,0.09920150207737544,0.18091764271578817
SYNTHETIC,shared,9416042,2017-08-01,2017-08-02,sharpe,-1.5005383859447738,-1.3073895613985496
SYNTHETIC,shared,9416042,2017-08-02,2017-08-03,open,63.733702829308,68.58717628975667
SYNTHETIC,shared,9416042,2017-08-02,2017-08-03,close,64.620249330338,66.68870166186619
SYNTHETIC,shared,9416042,2017-08-02,2017-08-03,volatility,0.11152876244240727,0.18146359148415508
SYNTHETIC,shared,9416042,2017-08-02,2017-08-03,sharpe,0.6057727045663504,-1.2787942631722027
SYNTHETIC,shared,9416042,2017-08-03,2017-08-04,open,64.76716401153635,68.60190858945316
SYNTHETIC,shared,9416042,2017-08-03,2017-08-04,close,65.46810689207878,66.68759353669776
SYNTHETIC,shared,9416042,2017-08-03,2017-08-04,volatility,0.12043965070825459,0.18159024240832644
SYNTHETIC,shared,9416042,2017-08-03,2017-08-04,sharpe,1.7176222764045126,-1.2309671460153406
SYNTHETIC,shared,9416042,2017-08-04,2017-08-07,open,65.35690892735974,68.54047940460003
SYNTHETIC,shared,9416042,2017-08-04,2017-08-07,close,64.87059027936662,66.54270245736882
SYNTHETIC,shared,9416042,2017-08-04,2017-08-07,volatility,0.11872275317735861,0.18207275463156547
SYNTHETIC,shared,9416042,2017-08-04,2017-08-07,sharpe,-0.4219317497358934,-1.176556267275564
SYNTHETIC,shared,9416042,2017-08-07,2017-08-08,open,64.92901561014358,68.52847382179156
SYNTHETIC,shared,9416042,2017-08-07,2017-08-08,close,65.30188196726495,66.52168967099794
SYNTHETIC,shared,9416042,2017-08-07,2017-08-08,volatility,0.11750039568396116,0.1823228757118216
SYNTHETIC,shared,9416042,2017-08-07,2017-08-08,sharpe,-0.5799248004269861,-1.1346952006514224
SYNTHETIC,shared,9416042,2017-08-08,2017-08-09,open,65.42068359766904,68.45670794164731
SYNTHETIC,shared,9416042,2017-08-08,2017-08-09,close,65.56898345372593,66.40767755413736
SYNTHETIC,shared,9416042,2017-08-08,2017-08-09,volatility,0.1173116180830428,0.18266145140578474
SYNTHETIC,shared,9416042,2017-08-08,2017-08-09,sharpe,0.3506780997194378,-1.1170843021390335
SYNTHETIC,shared,9416042,2017-08-09,2017-08-10,open,65.76033893478028,68.37837355811632
SYNTHETIC,shared,9416042,2017-08-09,2017-08-10,close,65.38853866529412,66.28316052951384
SYNTHETIC,shared,9416042,2017-08-09,2017-08-10,volatility,0.11416731849231211,0.18300547829684355
SYNTHETIC,shared,9416042,2017-08-09,2017-08-10,sharpe,0.9085986022676815,-1.095078125634584
SYNTHETIC,shared,9416042,2017-08-10,2017-08-11,open,65.28601893693474,68.32797389847244
SYNTHETIC,shared,9416042,2017-08-10,2017-08-11,close,65.74251753010802,66.19475412532546
SYNTHETIC,shared,9416042,2017-08-10,2017-08-11,volatility,0.11172904257080937,0.18320861937827343
SYNTHETIC,shared,9416042,2017-08-10,2017-08-11,sharpe,2.3553516190808454,-1.0708502974309422
SYNTHETIC,shared,9416042,2017-08-11,2017-08-14,open,65.89077340672041,68.34746531526737
SYNTHETIC,shared,9416042,2017-08-11,2017-08-14,close,65.6760202656827,66.21012527712567
SYNTHETIC,shared,9416042,2017-08-11,2017-08-14,volatility,0.11010079366183444,0.18321758188323983
SYNTHETIC,shared,9416042,2017-08-11,2017-08-14,sharpe,1.54172070741911,-1.0401037487939258
SYNTHETIC,shared,9416042,2017-08-14,2017-08-15,open,65.68254923999898,68.18066130882394
SYNTHETIC,shared,9416042,2017-08-14,2017-08-15,close,65.24059565213261,65.91255059214927
SYNTHETIC,shared,9416042,2017-08-14,2017-08-15,volatility,0.11185824713824175,0.18401571083215745
SYNTHETIC,shared,9416042,2017-08-14,2017-08-15,sharpe,1.2423970444808519,-1.0024947832950475
SYNTHETIC,shared,9416042,2017-08-15,2017-08-16,open,64.99268795322433,68.16474257506168
SYNTHETIC,shared,9416042,2017-08-15,2017-08-16,close,65.42918018050865,65.84643146681772
SYNTHETIC,shared,9416042,2017-08-15,2017-08-16,volatility,0.11216581258194151,0.18413403323750577
SYNTHETIC,shared,9416042,2017-08-15,2017-08-16,sharpe,1.5030870209378877,-0.9665975368102239
SYNTHETIC,shared,9416042,2017-08-16,2017-08-17,open,65.34214623511917,68.1626120487255
SYNTHETIC,shared,9416042,2017-08-16,2017-08-17,close,66.04739362328394,65.81447111678551
SYNTHETIC,shared,9416042,2017-08-16,2017-08-17,volatility,0.11399629036312162,0.184043969274358
SYNTHETIC,shared,9416042,2017-08-16,2017-08-17,sharpe,3.103836425803899,-0.9572213946357206
SYNTHETIC,shared,9416042,2017-08-17,2017-08-18,open,65.90651416662101,68.09440844429756
SYNTHETIC,shared,9416042,2017-08-17,2017-08-18,close,65.9900849113829,65.68138617531007
SYNTHETIC,shared,9416042,2017-08-17,2017-08-18,volatility,0.11413762443592779,0.18457537429222323
SYNTHETIC,shared,9416042,2017-08-17,2017-08-18,sharpe,3.0309467399788574,-0.9069679691979551
SYNTHETIC,shared,9416042,2017-08-18,2017-08-21,open,66.00490154310857,68.13674243375742
SYNTHETIC,shared,9416042,2017-08-18,2017-08-21,close,65.7809757402576,65.71680755971553
SYNTHETIC,shared,9416042,2017-08-18,2017-08-21,volatility,0.11411510472461844,0.18427596485333692
SYNTHETIC,shared,9416042,2017-08-18,2017-08-21,sharpe,2.0716960198507266,-0.900793520778462
SYNTHETIC,shared,9416042,2017-08-21,2017-08-22,open,65.77427188679755,68.10870661022561
SYNTHETIC,shared,9416042,2017-08-21,2017-08-22,close,65.19602400896325,65.66474647271382
SYNTHETIC,shared,9416042,2017-08-21,2017-08-22,volatility,0.1098973458683604,0.18437724549440512
SYNTHETIC,shared,9416042,2017-08-21,2017-08-22,sharpe,2.5074923391491577,-0.8887332800146464
SYNTHETIC,shared,9416042,2017-08-22,2017-08-23,open,65.21692725304655,67.93497430460107
SYNTHETIC,shared,9416042,2017-08-22,2017-08-23,close,64.37521390080408,65.36920087484208
SYNTHETIC,shared,9416042,2017-08-22,2017-08-23,volatility,0.11731886720070622,0.1851419899251257
SYNTHETIC,shared,9416042,2017-08-22,2017-08-23,sharpe,1.6990699493511432,-0.8552473765904781
SYNTHETIC,shared,9416042,2017-08-23,2017-08-24,open,64.44356677781212,68.36574204956638
SYNTHETIC,shared,9416042,2017-08-23,2017-08-24,close,63.945499977810435,66.0551957126918
SYNTHETIC,shared,9416042,2017-08-23,2017-08-24,volatility,0.11931615356508354,0.18339511425942717
SYNTHETIC,shared,9416042,2017-08-23,2017-08-24,sharpe,1.3502885783895306,-0.8231210778154879
SYNTHETIC,shared,9416042,2017-08-24,2017-08-25,open,63.87651384428869,68.22151894611925
SYNTHETIC,shared,9416042,2017-08-24,2017-08-25,close,63.19060867221463,65.8164586120608
SYNTHETIC,shared,9416042,2017-08-24,2017-08-25,volatility,0.12513766198222068,0.18404141707372973
SYNTHETIC,shared,9416042,2017-08-24,2017-08-25,sharpe,-0.5288787670909499,-0.7994005561886229
SYNTHETIC,shared,9416042,2017-08-25,2017-08-28,open,63.04323940637603,68.3097150052872
SYNTHETIC,shared,9416042,2017-08-25,2017-08-28,close,62.80315053736687,65.94954058269128
SYNTHETIC,shared,9416042,2017-08-25,2017-08-28,volatility,0.12462950688007754,0.18359028445524309
SYNTHETIC,shared,9416042,2017-08-25,2017-08-28,sharpe,-1.738378063601369,-0.7967300558042475
SYNTHETIC,shared,9416042,2017-08-28,2017-08-29,open,62.91360005580229,68.21461740860879
SYNTHETIC,shared,9416042,2017-08-28,2017-08-29,close,63.35261813063501,65.79717188660912
SYNTHETIC,shared,9416042,2017-08-28,2017-08-29,volatility,0.12910082485825058,0.18400486804350102
SYNTHETIC,shared,9416042,2017-08-28,2017-08-29,sharpe,-0.9323885173195089,-0.7816133127010986
SYNTHETIC,shared,9416042,2017-08-29,2017-08-30,open,63.231806723559366,68.19669898334467
SYNTHETIC,shared,9416042,2017-08-29,2017-08-30,close,63.01889364240252,65.78144126256929
SYNTHETIC,shared,9416042,2017-08-29,2017-08-30,volatility,0.12948992505088214,0.18424819409278506
SYNTHETIC,shared,9416042,2017-08-29,2017-08-30,sharpe,-1.0148234960872529,-0.770030807814435
SYNTHETIC,shared,9416042,2017-08-30,2017-08-31,open,62.93797602941491,68.0836799878832
SYNTHETIC,shared,9416042,2017-08-30,2017-08-31,close,62.99585322569132,65.59342539786503
SYNTHETIC,shared,9416042,2017-08-30,2017-08-31,volatility,0.11739755512886804,0.1847503598864673
SYNTHETIC,shared,9416042,2017-08-30,2017-08-31,sharpe,-2.6749466972271607,-0.7606953883065686
SYNTHETIC,shared,9416042,2017-08-31,2017-09-01,open,62.84762013400137,68.06670862840843
SYNTHETIC,shared,9416042,2017-08-31,2017-09-01,close,62.44788000598079,65.56821480757192
SYNTHETIC,shared,9416042,2017-08-31,2017-09-01,volatility,0.10707713321590141,0.18483870612647457
SYNTHETIC,shared,9416042,2017-08-31,2017-09-01,sharpe,-5.500276491054273,-0.7637460628437861
SYNTHETIC,shared,9416042,2017-09-01,2017-09-04,open,62.32841437532842,68.00024453257316
SYNTHETIC,shared,9416042,2017-09-01,2017-09-04,close,62.36906886251994,65.46039690244375
SYNTHETIC,shared,9416042,2017-09-01,2017-09-04,volatility,0.1040595384534047,0.18506369534576694
SYNTHETIC,shared,9416042,2017-09-01,2017-09-04,sharpe,-4.7074714280429415,-0.7553280545060349
SYNTHETIC,shared,9416042,2017-09-04,2017-09-05,open,62.38554874683944,68.13508469693619
SYNTHETIC,shared,9416042,2017-09-04,2017-09-05,close,62.130604352920514,65.68634451554094
SYNTHETIC,shared,9416042,2017-09-04,2017-09-05,volatility,0.09911264588357205,0.18454422769092527
SYNTHETIC,shared,9416042,2017-09-04,2017-09-05,sharpe,-6.273706875058753,-0.7515668917479023
SYNTHETIC,shared,9416042,2017-09-05,2017-09-06,open,62.01987567931899,68.08995113937374
SYNTHETIC,shared,9416042,2017-09-05,2017-09-06,close,62.2184645145487,65.61044833946055
SYNTHETIC,shared,9416042,2017-09-05,2017-09-06,volatility,0.09720099541051173,0.18468815880151612
SYNTHETIC,shared,9416042,2017-09-05,2017-09-06,sharpe,-6.743994814333182,-0.7430867921357562
SYNTHETIC,shared,9416043,2017-03-16,2017-03-17,open,62.14574869322754,64.05567219095695
SYNTHETIC,shared,9416043,2017-03-16,2017-03-17,close,61.13461383615121,62.43512671248358
SYNTHETIC,shared,9416043,2017-03-16,2017-03-17,volatility,0.1410760593356886,0.17218039599400994
SYNTHETIC,shared,9416043,2017-03-16,2017-03-17,sharpe,-1.0618686379435445,-3.872694891935416
SYNTHETIC,shared,9416043,2017-03-17,2017-03-20,open,60.860472767474135,63.89356628856952
SYNTHETIC,shared,9416043,2017-03-17,2017-03-20,close,61.67406672432166,62.245763811838
SYNTHETIC,shared,9416043,2017-03-17,2017-03-20,volatility,0.1440932956408077,0.17251553531031968
SYNTHETIC,shared,9416043,2017-03-17,2017-03-20,sharpe,-0.6331670365419388,-3.8780086798646645
SYNTHETIC,shared,9416043,2017-03-20,2017-03-21,open,61.78272517710395,63.87184140981754
SYNTHETIC,shared,9416043,2017-03-20,2017-03-21,close,62.68088389663312,62.238148514729474
SYNTHETIC,shared,9416043,2017-03-20,2017-03-21,volatility,0.1539925925536921,0.17260666663324764
SYNTHETIC,shared,9416043,2017-03-20,2017-03-21,sharpe,1.2297003566534872,-3.8729597952903094
SYNTHETIC,shared,9416043,2017-03-21,2017-03-22,open,62.628642849637124,63.69605560630657
SYNTHETIC,shared,9416043,2017-03-21,2017-03-22,close,62.90049087641083,62.049825027895366
SYNTHETIC,shared,9416043,2017-03-21,2017-03-22,volatility,0.14826135006958246,0.1730528926697288
SYNTHETIC,shared,9416043,2017-03-21,2017-03-22,sharpe,2.4736502800298408,-3.8706990809687634
SYNTHETIC,shared,9416043,2017-03-22,2017-03-23,open,62.59532750248797,63.59592989410916
SYNTHETIC,shared,9416043,2017-03-22,2017-03-23,close,63.46605058088946,61.94832308732626
SYNTHETIC,shared,9416043,2017-03-22,2017-03-23,volatility,0.15006535777760927,0.17324474828992323
SYNTHETIC,shared,9416043,2017-03-22,2017-03-23,sharpe,2.7453575575882097,-3.853596285666634
SYNTHETIC,shared,9416043,2017-03-23,2017-03-24,open,63.635729286122896,63.34592447620627
SYNTHETIC,shared,9416043,2017-03-23,2017-03-24,close,62.81728809096633,61.68596788208333
SYNTHETIC,shared,9416043,2017-03-23,2017-03-24,volatility,0.15454431497156695,0.1738632882729564
SYNTHETIC,shared,9416043,2017-03-23,2017-03-24,sharpe,1.3019171085877912,-3.8315099868178413
SYNTHETIC,shared,9416043,2017-03-24,2017-03-27,open,62.80298439091001,63.4545290286862
SYNTHETIC,shared,9416043,2017-03-24,2017-03-27,close,62.0066788327715,61.84848367854234
SYNTHETIC,shared,9416043,2017-03-24,2017-03-27,volatility,0.16062203521632068,0.1736744872475735
SYNTHETIC,shared,9416043,2017-03-24,2017-03-27,sharpe,-0.22006875029224,-3.7531387039279096
SYNTHETIC,shared,9416043,2017-03-27,2017-03-28,open,62.13677974721369,63.64499737933227
SYNTHETIC,shared,9416043,2017-03-27,2017-03-28,close,62.30196687279867,62.103618669987725
SYNTHETIC,shared,9416043,2017-03-27,2017-03-28,volatility,0.15928401272883191,0.17337750330037802
SYNTHETIC,shared,9416043,2017-03-27,2017-03-28,sharpe,-0.42593820900769885,-3.730522745292987
SYNTHETIC,shared,9416043,2017-03-28,2017-03-29,open,62.559838588582174,63.61190873819854
SYNTHETIC,shared,9416043,2017-03-28,2017-03-29,close,62.374512173732064,62.07378855422486
SYNTHETIC,shared,9416043,2017-03-28,2017-03-29,volatility,0.15891927025540878,0.17337517175522438
SYNTHETIC,shared,9416043,2017-03-28,2017-03-29,sharpe,-0.5718576897972618,-3.6874699997146454
SYNTHETIC,shared,9416043,2017-03-29,2017-03-30,open,62.24105462291542,63.515179853122106
SYNTHETIC,shared,9416043,2017-03-29,2017-03-30,close,61.66556845498005,61.966646733102195
SYNTHETIC,shared,9416043,2017-03-29,2017-03-30,volatility,0.16196342481796588,0.17360703870087424
SYNTHETIC,shared,9416043,2017-03-29,2017-03-30,sharpe,-0.8862391481359831,-3.6929000042571616
SYNTHETIC,shared,9416043,2017-03-30,2017-03-31,open,61.793060081177195,63.71389423969973
SYNTHETIC,shared,9416043,2017-03-30,2017-03-31,close,61.824534893967666,62.159989634082
SYNTHETIC,shared,9416043,2017-03-30,2017-03-31,volatility,0.16230191244487793,0.1730319976945876
SYNTHETIC,shared,9416043,2017-03-30,2017-03-31,sharpe,-0.5701035650693733,-3.673035925731588
SYNTHETIC,shared,9416043,2017-03-31,2017-04-03,open,62.105344809506484,63.778055647928106
SYNTHETIC,shared,9416043,2017-03-31,2017-04-03,close,62.22245804545226,62.24912201998144
SYNTHETIC,shared,9416043,2017-03-31,2017-04-03,volatility,0.15795185769096753,0.17294287312445356
SYNTHETIC,shared,9416043,2017-03-31,2017-04-03,sharpe,0.8817234187604266,-3.6823523548684713
SYNTHETIC,shared,9416043,2017-04-03,2017-04-04,open,62.04069323810967,63.68955031199933
SYNTHETIC,shared,9416043,2017-04-03,2017-04-04,close,61.65912532926912,62.15037770789175
SYNTHETIC,shared,9416043,2017-04-03,2017-04-04,volatility,0.15448485027083345,0.17306704047025465
SYNTHETIC,shared,9416043,2017-04-03,2017-04-04,sharpe,-0.8811188618567111,-3.646076609926747
SYNTHETIC,shared,9416043,2017-04-04,2017-04-05,open,61.90820414301495,63.61110318223409
SYNTHETIC,shared,9416043,2017-04-04,2017-04-05,close,61.73067899895814,62.06123604151185
SYNTHETIC,shared,9416043,2017-04-04,2017-04-05,volatility,0.14646124269916913,0.1733198217239242
SYNTHETIC,shared,9416043,2017-04-04,2017-04-05,sharpe,-1.931403775721595,-3.6437252437083796
SYNTHETIC,shared,9416043,2017-04-05,2017-04-06,open,61.48206461527924,63.521542290213986
SYNTHETIC,shared,9416043,2017-04-05,2017-04-06,close,60.96743873766739,61.94824619191674
SYNTHETIC,shared,9416043,2017-04-05,2017-04-06,volatility,0.14854494567131532,0.17342455952677852
SYNTHETIC,shared,9416043,2017-04-05,2017-04-06,sharpe,-3.5245636273021437,-3.6126400177470654
SYNTHETIC,shared,9416043,2017-04-06,2017-04-07,open,60.72156009727457,63.40934778882192
SYNTHETIC,shared,9416043,2017-04-06,2017-04-07,close,60.43841499708744,61.829612484419286
SYNTHETIC,shared,9416043,2017-04-06,2017-04-07,volatility,0.14538145778938452,0.17371485429799433
SYNTHETIC,shared,9416043,2017-04-06,2017-04-07,sharpe,-3.2525393892244194,-3.6088958152533843
SYNTHETIC,shared,9416043,2017-04-07,2017-04-10,open,60.15406010770085,63.25411887405208
SYNTHETIC,shared,9416043,2017-04-07,2017-04-10,close,59.1056311469176,61.65022875183358
SYNTHETIC,shared,9416043,2017-04-07,2017-04-10,volatility,0.1602433497131388,0.17401493537233417
SYNTHETIC,shared,9416043,2017-04-07,2017-04-10,sharpe,-3.945828226567272,-3.5715807323568525
SYNTHETIC,shared,9416043,2017-04-10,2017-04-11,open,58.96187540011791,63.295666514188426
SYNTHETIC,shared,9416043,2017-04-10,2017-04-11,close,59.9807934690439,61.70275494545176
SYNTHETIC,shared,9416043,2017-04-10,2017-04-11,volatility,0.17098199421169888,0.1739662319846809
SYNTHETIC,shared,9416043,2017-04-10,2017-04-11,sharpe,-2.782552039025076,-3.5471418919004303
SYNTHETIC,shared,9416043,2017-04-11,2017-04-12,open,60.046030232985636,63.33398663945904
SYNTHETIC,shared,9416043,2017-04-11,2017-04-12,close,61.1513381219161,61.725732089286694
SYNTHETIC,shared,9416043,2017-04-11,2017-04-12,volatility,0.18713729088869197,0.17377386984306833
SYNTHETIC,shared,9416043,2017-04-11,2017-04-12,sharpe,-1.1880168529454327,-3.5238493498216448
SYNTHETIC,shared,9416043,2017-04-12,2017-04-13,open,60.9599105398329,63.13433838997355
SYNTHETIC,shared,9416043,2017-04-12,2017-04-13,close,60.21231019866447,61.52086813470781
SYNTHETIC,shared,9416043,2017-04-12,2017-04-13,volatility,0.19403039535615063,0.1742455766134837
SYNTHETIC,shared,9416043,2017-04-12,2017-04-13,sharpe,-2.1161704560834154,-3.508246351217659
SYNTHETIC,shared,9416043,2017-04-13,2017-04-14,open,60.09042814891499,62.84578268795306
SYNTHETIC,shared,9416043,2017-04-13,2017-04-14,close,59.77443076638834,61.204891639152486
SYNTHETIC,shared,9416043,2017-04-13,2017-04-14,volatility,0.18476304079673786,0.1748678787746835
SYNTHETIC,shared,9416043,2017-04-13,2017-04-14,sharpe,-1.4457409061051967,-3.472744012410244
SYNTHETIC,shared,9416043,2017-04-14,2017-04-17,open,59.10590656015541,62.87912265196569
SYNTHETIC,shared,9416043,2017-04-14,2017-04-17,close,58.58674235797592,61.24703562670226
SYNTHETIC,shared,9416043,2017-04-14,2017-04-17,volatility,0.1923230012777236,0.17485271793132143
SYNTHETIC,shared,9416043,2017-04-14,2017-04-17,sharpe,-3.268760754165303,-3.466890867733456
SYNTHETIC,shared,9416043,2017-04-17,2017-04-18,open,58.36057280275027,63.044154481764195
SYNTHETIC,shared,9416043,2017-04-17,2017-04-18,close,57.6941084221859,61.40423635942378
SYNTHETIC,shared,9416043,2017-04-17,2017-04-18,volatility,0.18380238512307356,0.17444073042275943
SYNTHETIC,shared,9416043,2017-04-17,2017-04-18,sharpe,-5.5838524313137645,-3.4577300307501124
SYNTHETIC,shared,9416043,2017-04-18,2017-04-19,open,57.76591581742588,63.13167039920135
SYNTHETIC,shared,9416043,2017-04-18,2017-04-19,close,57.6770798895428,61.524816316251886
SYNTHETIC,shared,9416043,2017-04-18,2017-04-19,volatility,0.18221334984541931,0.17427805198287874
SYNTHETIC,shared,9416043,2017-04-18,2017-04-19,sharpe,-5.895228404550771,-3.4873255977456665
SYNTHETIC,shared,9416043,2017-04-19,2017-04-20,open,57.65836802312869,63.393124235613634
SYNTHETIC,shared,9416043,2017-04-19,2017-04-20,close,57.24504241243176,61.83303698170887
SYNTHETIC,shared,9416043,2017-04-19,2017-04-20,volatility,0.17558427050054995,0.17380212291178718
SYNTHETIC,shared,9416043,2017-04-19,2017-04-20,sharpe,-7.300552002645455,-3.552966827234934
SYNTHETIC,shared,9416043,2017-04-20,2017-04-21,open,57.10409049692494,63.499838575493925
SYNTHETIC,shared,9416043,2017-04-20,2017-04-21,close,57.17906704012482,61.955064693488666
SYNTHETIC,shared,9416043,2017-04-20,2017-04-21,volatility,0.1750165419552037,0.1735626542782899
SYNTHETIC,shared,9416043,2017-04-20,2017-04-21,sharpe,-6.671278041817694,-3.5554552732259666
SYNTHETIC,shared,9416043,2017-04-21,2017-04-24,open,57.3692224160544,63.66029368339265
SYNTHETIC,shared,9416043,2017-04-21,2017-04-24,close,57.59328783397311,62.110166711843405
SYNTHETIC,shared,9416043,2017-04-21,2017-04-24,volatility,0.17698974017522484,0.17319421601195872
SYNTHETIC,shared,9416043,2017-04-21,2017-04-24,sharpe,-5.16251825915362,-3.568971662042821
SYNTHETIC,shared,9416043,2017-04-24,2017-04-25,open,57.73927081120945,63.588910049276194
SYNTHETIC,shared,9416043,2017-04-24,2017-04-25,close,59.160052335914784,62.05687951882755
SYNTHETIC,shared,9416043,2017-04-24,2017-04-25,volatility,0.2065538793160258,0.17338936595465876
SYNTHETIC,shared,9416043,2017-04-24,2017-04-25,sharpe,-3.054635312280358,-3.58247864774558
SYNTHETIC,shared,9416043,2017-04-25,2017-04-26,open,59.292931914460794,63.61836509068199
SYNTHETIC,shared,9416043,2017-04-25,2017-04-26,close,58.84558906430088,62.08094247887626
SYNTHETIC,shared,9416043,2017-04-25,2017-04-26,volatility,0.20630814896039945,0.17339846014073057
SYNTHETIC,shared,9416043,2017-04-25,2017-04-26,sharpe,-3.454023868038524,-3.640024236770072
SYNTHETIC,shared,9416043,2017-04-26,2017-04-27,open,58.919269811135806,63.67534131007814
SYNTHETIC,shared,9416043,2017-04-26,2017-04-27,close,60.96714363389763,62.126764188253865
SYNTHETIC,shared,9416043,2017-04-26,2017-04-27,volatility,0.2452651897277174,0.17332555972227906
SYNTHETIC,shared,9416043,2017-04-26,2017-04-27,sharpe,-0.469353379146229,-3.6719813077163765
SYNTHETIC,shared,9416043,2017-04-27,2017-04-28,open,60.92039968585204,63.826203820515275
SYNTHETIC,shared,9416043,2017-04-27,2017-04-28,close,61.906523236629575,62.26035803025212
SYNTHETIC,shared,9416043,2017-04-27,2017-04-28,volatility,0.2515192310804749,0.17308096014281354
SYNTHETIC,shared,9416043,2017-04-27,2017-04-28,sharpe,0.18504756846875328,-3.7259162478520675
SYNTHETIC,shared,9416043,2017-04-28,2017-05-01,open,61.76994877744675,64.29295273467609
SYNTHETIC,shared,9416043,2017-04-28,2017-05-01,close,63.78727624868715,62.76062365520749
SYNTHETIC,shared,9416043,2017-04-28,2017-05-01,volatility,0.27286727599098265,0.1721288506732092
SYNTHETIC,shared,9416043,2017-04-28,2017-05-01,sharpe,1.2762246310773426,-3.799606543006609
SYNTHETIC,shared,9416043,2017-05-01,2017-05-02,open,63.88910248990862,64.39506125211274
SYNTHETIC,shared,9416043,2017-05-01,2017-05-02,close,63.177185523966564,62.87508379806398
SYNTHETIC,shared,9416043,2017-05-01,2017-05-02,volatility,0.27313233443478807,0.17202025789437125
SYNTHETIC,shared,9416043,2017-05-01,2017-05-02,sharpe,1.2514161357139157,-3.8648159638657975
SYNTHETIC,shared,9416043,2017-05-02,2017-05-03,open,63.50457469005281,64.34100302361568
SYNTHETIC,shared,9416043,2017-05-02,2017-05-03,close,65.28785163391485,62.80956360601951
SYNTHETIC,shared,9416043,2017-05-02,2017-05-03,volatility,0.2958665812700981,0.17211417701838672
SYNTHETIC,shared,9416043,2017-05-02,2017-05-03,sharpe,2.5286045459104733,-3.845144355331855
SYNTHETIC,shared,9416043,2017-05-03,2017-05-04,open,65.21101246561399,64.21399369988912
SYNTHETIC,shared,9416043,2017-05-03,2017-05-04,close,66.76328801120691,62.67063613932285
SYNTHETIC,shared,9416043,2017-05-03,2017-05-04,volatility,0.2978576134068155,0.1724297630613269
SYNTHETIC,shared,9416043,2017-05-03,2017-05-04,sharpe,3.9907091075849337,-3.848060202243235
SYNTHETIC,shared,9416043,2017-05-04,2017-05-05,open,66.39896478300794,64.13955054041018
SYNTHETIC,shared,9416043,2017-05-04,2017-05-05,close,67.86895178712845,62.584472181387554
SYNTHETIC,shared,9416043,2017-05-04,2017-05-05,volatility,0.2962733510277079,0.17256597479046715
SYNTHETIC,shared,9416043,2017-05-04,2017-05-05,sharpe,5.085382228946306,-3.853112172214402
SYNTHETIC,shared,9416043,2017-05-05,2017-05-08,open,67.74268502562491,63.944594092247954
SYNTHETIC,shared,9416043,2017-05-05,2017-05-08,close,68.76715393744648,62.374717413606476
SYNTHETIC,shared,9416043,2017-05-05,2017-05-08,volatility,0.277901465926641,0.17309634911414254
SYNTHETIC,shared,9416043,2017-05-05,2017-05-08,sharpe,7.021447387694577,-3.855281500020838
SYNTHETIC,shared,9416043,2017-05-08,2017-05-09,open,68.59864196212297,63.9639485994264
SYNTHETIC,shared,9416043,2017-05-08,2017-05-09,close,68.73844212777394,62.36951769298328
SYNTHETIC,shared,9416043,2017-05-08,2017-05-09,volatility,0.27802344622345143,0.17303888019935285
SYNTHETIC,shared,9416043,2017-05-08,2017-05-09,sharpe,6.328403999598374,-3.8636708408774223
SYNTHETIC,shared,9416043,2017-05-09,2017-05-10,open,68.62107025823283,63.7532871168376
SYNTHETIC,shared,9416043,2017-05-09,2017-05-10,close,68.3397784275233,62.13678047823557
SYNTHETIC,shared,9416043,2017-05-09,2017-05-10,volatility,0.2774083632567106,0.1735425364848666
SYNTHETIC,shared,9416043,2017-05-09,2017-05-10,sharpe,5.192616090123128,-3.8682735183032406
SYNTHETIC,shared,9416043,2017-05-10,2017-05-11,open,68.40824481524946,63.804756719682075
SYNTHETIC,shared,9416043,2017-05-10,2017-05-11,close,68.05704379806608,62.187811188716836
SYNTHETIC,shared,9416043,2017-05-10,2017-05-11,volatility,0.2688315919879854,0.17341616905748605
SYNTHETIC,shared,9416043,2017-05-10,2017-05-11,sharpe,5.884091414226732,-3.893830447795015
SYNTHETIC,shared,9416043,2017-05-11,2017-05-12,open,68.14738016661333,63.761333417218026
SYNTHETIC,shared,9416043,2017-05-11,2017-05-12,close,67.27541071909953,62.12913866546859
SYNTHETIC,shared,9416043,2017-05-11,2017-05-12,volatility,0.27204438324935354,0.17359728333035587
SYNTHETIC,shared,9416043,2017-05-11,2017-05-12,sharpe,5.619485589935247,-3.9465988140883015
SYNTHETIC,shared,9416043,2017-05-12,2017-05-15,open,67.27807347801382,63.66504236305167
SYNTHETIC,shared,9416043,2017-05-12,2017-05-15,close,67.1344823940998,62.00298909458182
SYNTHETIC,shared,9416043,2017-05-12,2017-05-15,volatility,0.2564376079881213,0.1738428843529305
SYNTHETIC,shared,9416043,2017-05-12,2017-05-15,sharpe,6.834843137140886,-3.9561857296790723
SYNTHETIC,shared,9416043,2017-05-15,2017-05-16,open,67.19268843620321,63.501887518332865
SYNTHETIC,shared,9416043,2017-05-15,2017-05-16,close,67.8442789784387,61.83306614893317
SYNTHETIC,shared,9416043,2017-05-15,2017-05-16,volatility,0.24281802211709497,0.17423210933028296
SYNTHETIC,shared,9416043,2017-05-15,2017-05-16,sharpe,8.55744771036645,-3.9494257721867525
SYNTHETIC,shared,9416043,2017-05-16,2017-05-17,open,67.68895026025807,63.6435423521387
SYNTHETIC,shared,9416043,2017-05-16,2017-05-17,close,67.08162258409236,61.9909708723867
SYNTHETIC,shared,9416043,2017-05-16,2017-05-17,volatility,0.25089879172014606,0.17390198496267015
SYNTHETIC,shared,9416043,2017-05-16,2017-05-17,sharpe,7.732127077752926,-3.9575571151003572
SYNTHETIC,shared,9416043,2017-05-17,2017-05-18,open,66.81130193112357,63.6719352236932
SYNTHETIC,shared,9416043,2017-05-17,2017-05-18,close,65.70897147989811,62.02200214747761
SYNTHETIC,shared,9416043,2017-05-17,2017-05-18,volatility,0.2651354180186175,0.17387691021918558
SYNTHETIC,shared,9416043,2017-05-17,2017-05-18,sharpe,6.700489096384829,-3.9911692810510306
SYNTHETIC,shared,9416043,2017-05-18,2017-05-19,open,65.82055476952429,63.85174219326639
SYNTHETIC,shared,9416043,2017-05-18,2017-05-19,close,66.8805440116283,62.19021483315586
SYNTHETIC,shared,9416043,2017-05-18,2017-05-19,volatility,0.2659075276584204,0.1735833056591613
SYNTHETIC,shared,9416043,2017-05-18,2017-05-19,sharpe,7.580503879341763,-4.075163920017055
SYNTHETIC,shared,9416043,2017-05-19,2017-05-22,open,66.65315379861003,63.809526563373
SYNTHETIC,shared,9416043,2017-05-19,2017-05-22,close,65.03060301411351,62.13409046468522
SYNTHETIC,shared,9416043,2017-05-19,2017-05-22,volatility,0.29454455577565813,0.17370748460468952
SYNTHETIC,shared,9416043,2017-05-19,2017-05-22,sharpe,5.350343203300052,-4.108622844592713
SYNTHETIC,shared,9416043,2017-05-22,2017-05-23,open,64.94892919314492,63.846232931210736
SYNTHETIC,shared,9416043,2017-05-22,2017-05-23,close,66.1724857221551,62.15134685520831
SYNTHETIC,shared,9416043,2017-05-22,2017-05-23,volatility,0.2873475775318095,0.17361988346538554
SYNTHETIC,shared,9416043,2017-05-22,2017-05-23,sharpe,5.061431879426129,-4.144986009110788
SYNTHETIC,shared,9416043,2017-05-23,2017-05-24,open,66.00357872919457,63.859113890129805
SYNTHETIC,shared,9416043,2017-05-23,2017-05-24,close,66.5875622342459,62.17105461835564
SYNTHETIC,shared,9416043,2017-05-23,2017-05-24,volatility,0.2843459604359226,0.17358503015192833
SYNTHETIC,shared,9416043,2017-05-23,2017-05-24,sharpe,5.628356354742491,-4.185492420776949
SYNTHETIC,shared,9416043,2017-05-24,2017-05-25,open,66.67459410241493,63.90747634854003
SYNTHETIC,shared,9416043,2017-05-24,2017-05-25,close,64.54971858637897,62.187112501116516
SYNTHETIC,shared,9416043,2017-05-24,2017-05-25,volatility,0.2903757073031983,0.17347964276435462
SYNTHETIC,shared,9416043,2017-05-24,2017-05-25,sharpe,2.61910256425512,-4.227959381731907
SYNTHETIC,shared,9416043,2017-05-25,2017-05-26,open,64.55013799734384,63.7955913711146
SYNTHETIC,shared,9416043,2017-05-25,2017-05-26,close,65.1520431525353,62.066511331761646
SYNTHETIC,shared,9416043,2017-05-25,2017-05-26,volatility,0.28772578890732414,0.17370320817195337
SYNTHETIC,shared,9416043,2017-05-25,2017-05-26,sharpe,2.3771111400458467,-4.226737123823222
SYNTHETIC,shared,9416043,2017-05-26,2017-05-29,open,64.9572720664831,63.66060982111926
SYNTHETIC,shared,9416043,2017-05-26,2017-05-29,close,64.36418216535489,61.898075914552365
SYNTHETIC,shared,9416043,2017-05-26,2017-05-29,volatility,0.2726638984176322,0.17394506248266423
SYNTHETIC,shared,9416043,2017-05-26,2017-05-29,sharpe,0.5457050973520534,-4.215861100059497
SYNTHETIC,shared,9416043,2017-05-29,2017-05-30,open,64.5023610164954,63.451481408091674
SYNTHETIC,shared,9416043,2017-05-29,2017-05-30,close,64.96268767706059,61.69864766995694
SYNTHETIC,shared,9416043,2017-05-29,2017-05-30,volatility,0.2715652983893232,0.17441197083262247
SYNTHETIC,shared,9416043,2017-05-29,2017-05-30,sharpe,1.4231211455695405,-4.225516335151114
SYNTHETIC,shared,9416043,2017-05-30,2017-05-31,open,64.70003222775243,63.36335702473721
SYNTHETIC,shared,9416043,2017-05-30,2017-05-31,close,65.97459987296278,61.57752016478172
SYNTHETIC,shared,9416043,2017-05-30,2017-05-31,volatility,0.2503534792898585,0.17464342018809553
SYNTHETIC,shared,9416043,2017-05-30,2017-05-31,sharpe,0.6462420885064433,-4.272026635166898
SYNTHETIC,shared,9416043,2017-05-31,2017-06-01,open,66.0031527595436,63.36707395784079
SYNTHETIC,shared,9416043,2017-05-31,2017-06-01,close,67.14781894266562,61.58256344302002
SYNTHETIC,shared,9416043,2017-05-31,2017-06-01,volatility,0.24528365268038604,0.1746512809365156
SYNTHETIC,shared,9416043,2017-05-31,2017-06-01,sharpe,0.4122031834782254,-4.318985786957059
SYNTHETIC,shared,9416043,2017-06-01,2017-06-02,open,67.30638456864162,63.44526844197514
SYNTHETIC,shared,9416043,2017-06-01,2017-06-02,close,67.85250283800886,61.62740009568599
SYNTHETIC,shared,9416043,2017-06-01,2017-06-02,volatility,0.24088865130249584,0.1744674793935268
SYNTHETIC,shared,9416043,2017-06-01,2017-06-02,sharpe,0.10241073487964168,-4.372112793898872
SYNTHETIC,shared,9416043,2017-06-02,2017-06-05,open,67.62304826506683,63.504843869039796
SYNTHETIC,shared,9416043,2017-06-02,2017-06-05,close,67.97901447708134,61.715062188324055
SYNTHETIC,shared,9416043,2017-06-02,2017-06-05,volatility,0.2359962444084572,0.17426906606092685
SYNTHETIC,shared,9416043,2017-06-02,2017-06-05,sharpe,-0.502510258248657,-4.414613400371452
SYNTHETIC,shared,9416043,2017-06-05,2017-06-06,open,67.83008330832791,63.537617695198925
SYNTHETIC,shared,9416043,2017-06-05,2017-06-06,close,67.12594673684147,61.722282402121586
SYNTHETIC,shared,9416043,2017-06-05,2017-06-06,volatility,0.2398572913603607,0.17424888253571644
SYNTHETIC,shared,9416043,2017-06-05,2017-06-06,sharpe,-1.1317020384334715,-4.522945502470062
SYNTHETIC,shared,9416043,2017-06-06,2017-06-07,open,66.98566994152763,63.43657531586956
SYNTHETIC,shared,9416043,2017-06-06,2017-06-07,close,67.36017321996086,61.621448656145574
SYNTHETIC,shared,9416043,2017-06-06,2017-06-07,volatility,0.23969788536252798,0.17442534918458186
SYNTHETIC,shared,9416043,2017-06-06,2017-06-07,sharpe,-0.644163386040812,-4.545005795831437
SYNTHETIC,shared,9416043,2017-06-07,2017-06-08,open,67.412297050308,63.49368248771313
SYNTHETIC,shared,9416043,2017-06-07,2017-06-08,close,66.81975175290479,61.64329888449613
SYNTHETIC,shared,9416043,2017-06-07,2017-06-08,volatility,0.2408497321229481,0.17424964425113146
SYNTHETIC,shared,9416043,2017-06-07,2017-06-08,sharpe,-0.844360870452939,-4.587624235077517
SYNTHETIC,shared,9416043,2017-06-08,2017-06-09,open,66.60843041690107,63.4707274496066
SYNTHETIC,shared,9416043,2017-06-08,2017-06-09,close,66.45302027632191,61.69983822302161
SYNTHETIC,shared,9416043,2017-06-08,2017-06-09,volatility,0.2382502034214412,0.17424125764841472
SYNTHETIC,shared,9416043,2017-06-08,2017-06-09,sharpe,-0.5364399456054292,-4.563375954605176
SYNTHETIC,shared,9416043,2017-06-09,2017-06-12,open,66.27382120418025,63.82963107093212
SYNTHETIC,shared,9416043,2017-06-09,2017-06-12,close,65.91655641283641,62.080866909249664
SYNTHETIC,shared,9416043,2017-06-09,2017-06-12,volatility,0.23971900653320152,0.1736162179516117
SYNTHETIC,shared,9416043,2017-06-09,2017-06-12,sharpe,-0.847367640463747,-4.740265573875407
SYNTHETIC,shared,9416043,2017-06-12,2017-06-13,open,65.82698593755693,63.78792999156446
SYNTHETIC,shared,9416043,2017-06-12,2017-06-13,close,66.01419214650804,62.03936194906868
SYNTHETIC,shared,9416043,2017-06-12,2017-06-13,volatility,0.23614083045058742,0.1737474224652064
SYNTHETIC,shared,9416043,2017-06-12,2017-06-13,sharpe,-1.3453146775373954,-4.768400572789432
SYNTHETIC,shared,9416043,2017-06-13,2017-06-14,open,65.69011726333235,64.16475161140278
SYNTHETIC,shared,9416043,2017-06-13,2017-06-14,close,65.21174992902316,62.379096474600466
SYNTHETIC,shared,9416043,2017-06-13,2017-06-14,volatility,0.23667507641615937,0.17251381081755268
SYNTHETIC,shared,9416043,2017-06-13,2017-06-14,sharpe,-1.3909542495069795,-4.958520667438568
SYNTHETIC,shared,9416043,2017-06-14,2017-06-15,open,65.31925174851139,64.10707168794575
SYNTHETIC,shared,9416043,2017-06-14,2017-06-15,close,65.06286644812359,62.357744740628874
SYNTHETIC,shared,9416043,2017-06-14,2017-06-15,volatility,0.22570248966550677,0.1726730016061422
SYNTHETIC,shared,9416043,2017-06-14,2017-06-15,sharpe,-0.443702325147858,-4.927976414385029
SYNTHETIC,shared,9416043,2017-06-15,2017-06-16,open,65.2236350410095,64.52050708298222
SYNTHETIC,shared,9416043,2017-06-15,2017-06-16,close,64.92833015203279,62.79533795525793
SYNTHETIC,shared,9416043,2017-06-15,2017-06-16,volatility,0.21519683677004814,0.17122668962863707
SYNTHETIC,shared,9416043,2017-06-15,2017-06-16,sharpe,-1.6303833055092942,-5.159421726244875
SYNTHETIC,shared,9416043,2017-06-16,2017-06-19,open,65.07789105160906,64.42940783039292
SYNTHETIC,shared,9416043,2017-06-16,2017-06-19,close,65.48212700376725,62.7033153625868
SYNTHETIC,shared,9416043,2017-06-16,2017-06-19,volatility,0.19389429776124265,0.17126035976992676
SYNTHETIC,shared,9416043,2017-06-16,2017-06-19,sharpe,0.5422402656729878,-5.224506555842305
SYNTHETIC,shared,9416043,2017-06-19,2017-06-20,open,65.47654175549638,64.6046896653941
SYNTHETIC,shared,9416043,2017-06-19,2017-06-20,close,65.11898651932582,62.856501624618105
SYNTHETIC,shared,9416043,2017-06-19,2017-06-20,volatility,0.18388918683413685,0.17049529590033263
SYNTHETIC,shared,9416043,2017-06-19,2017-06-20,sharpe,-1.0113874117985564,-5.368766781508444
SYNTHETIC,shared,9416043,2017-06-20,2017-06-21,open,64.99648146407716,64.63254682239096
SYNTHETIC,shared,9416043,2017-06-20,2017-06-21,close,64.55336570027487,62.91458152289986
SYNTHETIC,shared,9416043,2017-06-20,2017-06-21,volatility,0.18399129063489555,0.1704713463303799
SYNTHETIC,shared,9416043,2017-06-20,2017-06-21,sharpe,-2.0352138000568814,-5.241353410132663
SYNTHETIC,shared,9416043,2017-06-21,2017-06-22,open,64.53575729115195,64.79560246071021
SYNTHETIC,shared,9416043,2017-06-21,2017-06-22,close,63.99801613338989,63.05488515227037
SYNTHETIC,shared,9416043,2017-06-21,2017-06-22,volatility,0.1515200194958971,0.16971570917236872
SYNTHETIC,shared,9416043,2017-06-21,2017-06-22,sharpe,-0.6418215872581934,-5.492466510511351
SYNTHETIC,shared,9416043,2017-06-22,2017-06-23,open,64.02323765592416,64.74590137728191
SYNTHETIC,shared,9416043,2017-06-22,2017-06-23,close,63.68591895997141,63.037827629185706
SYNTHETIC,shared,9416043,2017-06-22,2017-06-23,volatility,0.14778226340021344,0.16996796457174163
SYNTHETIC,shared,9416043,2017-06-22,2017-06-23,sharpe,-1.8694234590750038,-5.438148246552633
SYNTHETIC,shared,9416043,2017-06-23,2017-06-26,open,63.56651607042151,65.1711436566182
SYNTHETIC,shared,9416043,2017-06-23,2017-06-26,close,63.8707725102159,63.44815081487582
SYNTHETIC,shared,9416043,2017-06-23,2017-06-26,volatility,0.14247384216988768,0.16853179462232593
SYNTHETIC,shared,9416043,2017-06-23,2017-06-26,sharpe,-0.6129384181386653,-5.644363827906478
SYNTHETIC,shared,9416043,2017-06-26,2017-06-27,open,63.47153865580402,65.39014376777814
SYNTHETIC,shared,9416043,2017-06-26,2017-06-27,close,64.51896152311602,63.666494004430746
SYNTHETIC,shared,9416043,2017-06-26,2017-06-27,volatility,0.14326651436381793,0.1682211307302656
SYNTHETIC,shared,9416043,2017-06-26,2017-06-27,sharpe,-0.5348169113789938,-5.464535147786945
SYNTHETIC,shared,9416043,2017-06-27,2017-06-28,open,64.89383991992014,66.19606745727168
SYNTHETIC,shared,9416043,2017-06-27,2017-06-28,close,64.18612880088308,64.41228004307541
SYNTHETIC,shared,9416043,2017-06-27,2017-06-28,volatility,0.13117828726778186,0.1661980532537068
SYNTHETIC,shared,9416043,2017-06-27,2017-06-28,sharpe,-2.575797342097439,-5.556124417544874
SYNTHETIC,shared,9416043,2017-06-28,2017-06-29,open,64.34512441227047,67.26044498165479
SYNTHETIC,shared,9416043,2017-06-28,2017-06-29,close,64.34715184421727,65.3369340847488
SYNTHETIC,shared,9416043,2017-06-28,2017-06-29,volatility,0.11135086121488831,0.1645649199375827
SYNTHETIC,shared,9416043,2017-06-28,2017-06-29,sharpe,-4.762815592389284,-4.993420913096591
SYNTHETIC,shared,9416043,2017-06-29,2017-06-30,open,64.4779256632741,67.70886055317663
SYNTHETIC,shared,9416043,2017-06-29,2017-06-30,close,64.52657684238903,65.71173291702266
SYNTHETIC,shared,9416043,2017-06-29,2017-06-30,volatility,0.10281935640642624,0.1638813132184881
SYNTHETIC,shared,9416043,2017-06-29,2017-06-30,sharpe,-6.102360738548323,-4.771534748256204
SYNTHETIC,shared,9416043,2017-06-30,2017-07-03,open,64.24829517064828,68.00782366788712
SYNTHETIC,shared,9416043,2017-06-30,2017-07-03,close,64.65320805750372,65.93975167034813
SYNTHETIC,shared,9416043,2017-06-30,2017-07-03,volatility,0.10287495038079235,0.16287590300271032
SYNTHETIC,shared,9416043,2017-06-30,2017-07-03,sharpe,-6.087065409414556,-4.520994062448046
SYNTHETIC,shared,9416043,2017-07-03,2017-07-04,open,65.07463372344948,68.4131836619993
SYNTHETIC,shared,9416043,2017-07-03,2017-07-04,close,64.39334324273533,66.3230023687548
SYNTHETIC,shared,9416043,2017-07-03,2017-07-04,volatility,0.09603581308669956,0.16203009729912315
SYNTHETIC,shared,9416043,2017-07-03,2017-07-04,sharpe,-5.4014570000113995,-4.610352443386948
SYNTHETIC,shared,9416043,2017-07-04,2017-07-05,open,64.50995901102932,68.25263331595698
SYNTHETIC,shared,9416043,2017-07-04,2017-07-05,close,64.50140627727566,66.19089738097884
SYNTHETIC,shared,9416043,2017-07-04,2017-07-05,volatility,0.09485604915024062,0.16241851802872778
SYNTHETIC,shared,9416043,2017-07-04,2017-07-05,sharpe,-5.70922236049002,-4.500180857093514
SYNTHETIC,shared,9416043,2017-07-05,2017-07-06,open,64.44176432321431,68.33891642853558
SYNTHETIC,shared,9416043,2017-07-05,2017-07-06,close,64.30482718547786,66.28153055314688
SYNTHETIC,shared,9416043,2017-07-05,2017-07-06,volatility,0.09238160478814646,0.16224068261206073
SYNTHETIC,shared,9416043,2017-07-05,2017-07-06,sharpe,-5.18357371143115,-4.4419006497803535
SYNTHETIC,shared,9416043,2017-07-06,2017-07-07,open,64.3040088014945,67.79887782847666
SYNTHETIC,shared,9416043,2017-07-06,2017-07-07,close,64.43757598392546,66.91880400163379
SYNTHETIC,shared,9416043,2017-07-06,2017-07-07,volatility,0.09238100405427947,0.1713222028309538
SYNTHETIC,shared,9416043,2017-07-06,2017-07-07,sharpe,-4.153476974836998,-2.689613061759058
SYNTHETIC,shared,9416043,2017-07-07,2017-07-10,open,64.6454088607199,67.80283706897437
SYNTHETIC,shared,9416043,2017-07-07,2017-07-10,close,65.1635962204534,67.01056746062196
SYNTHETIC,shared,9416043,2017-07-07,2017-07-10,volatility,0.09943177530561557,0.1717282276062768
SYNTHETIC,shared,9416043,2017-07-07,2017-07-10,sharpe,-1.4082030030439014,-2.6642196011840698
SYNTHETIC,shared,9416043,2017-07-10,2017-07-11,open,64.9551437597653,67.56908576986436
SYNTHETIC,shared,9416043,2017-07-10,2017-07-11,close,65.69017760801282,66.80958385768656
SYNTHETIC,shared,9416043,2017-07-10,2017-07-11,volatility,0.10388487383950597,0.1726713117972476
SYNTHETIC,shared,9416043,2017-07-10,2017-07-11,sharpe,-0.5473728434319896,-2.5746883723452356
SYNTHETIC,shared,9416043,2017-07-11,2017-07-12,open,66.09399836298421,67.33971743770412
SYNTHETIC,shared,9416043,2017-07-11,2017-07-12,close,65.38913532438947,66.63247099396932
SYNTHETIC,shared,9416043,2017-07-11,2017-07-12,volatility,0.09548909404867599,0.17364496279022285
SYNTHETIC,shared,9416043,2017-07-11,2017-07-12,sharpe,0.40375345478195507,-2.489995658226052
SYNTHETIC,shared,9416043,2017-07-12,2017-07-13,open,65.42104701279469,66.911778996031
SYNTHETIC,shared,9416043,2017-07-12,2017-07-13,close,64.88434859446562,66.37390350325977
SYNTHETIC,shared,9416043,2017-07-12,2017-07-13,volatility,0.09920637442911993,0.17607864864983472
SYNTHETIC,shared,9416043,2017-07-12,2017-07-13,sharpe,-0.3018739455410224,-2.3705309670676256
SYNTHETIC,shared,9416043,2017-07-13,2017-07-14,open,64.98218886479933,66.94291322632105
SYNTHETIC,shared,9416043,2017-07-13,2017-07-14,close,64.41461063555369,66.40851533241484
SYNTHETIC,shared,9416043,2017-07-13,2017-07-14,volatility,0.10220715609105899,0.17618981568165937
SYNTHETIC,shared,9416043,2017-07-13,2017-07-14,sharpe,-0.9305891811699611,-2.3732755021233243
SYNTHETIC,shared,9416043,2017-07-14,2017-07-17,open,64.39100593130591,66.91041415082752
SYNTHETIC,shared,9416043,2017-07-14,2017-07-17,close,64.82702699734105,66.41684409624783
SYNTHETIC,shared,9416043,2017-07-14,2017-07-17,volatility,0.1000040204053371,0.17686062449880988
SYNTHETIC,shared,9416043,2017-07-14,2017-07-17,sharpe,-1.2190600454453162,-2.316548251912929
SYNTHETIC,shared,9416043,2017-07-17,2017-07-18,open,64.66148634443117,67.01663122166377
SYNTHETIC,shared,9416043,2017-07-17,2017-07-18,close,64.55555475474361,66.52487144594538
SYNTHETIC,shared,9416043,2017-07-17,2017-07-18,volatility,0.09920533194082061,0.1768155139463037
SYNTHETIC,shared,9416043,2017-07-17,2017-07-18,sharpe,-1.056395527938714,-2.331012281179101
SYNTHETIC,shared,9416043,2017-07-18,2017-07-19,open,64.77573721078609,67.00657626729426
SYNTHETIC,shared,9416043,2017-07-18,2017-07-19,close,64.59038888417169,66.57464201148633
SYNTHETIC,shared,9416043,2017-07-18,2017-07-19,volatility,0.09428806750745172,0.17731339356016224
SYNTHETIC,shared,9416043,2017-07-18,2017-07-19,sharpe,0.1213510884942163,-2.3092066602104295
SYNTHETIC,shared,9416043,2017-07-19,2017-07-20,open,64.57209110481251,67.27393279095162
SYNTHETIC,shared,9416043,2017-07-19,2017-07-20,close,64.2511425383096,66.83711022162257
SYNTHETIC,shared,9416043,2017-07-19,2017-07-20,volatility,0.09090117828678801,0.17651342225834946
SYNTHETIC,shared,9416043,2017-07-19,2017-07-20,sharpe,0.590317196204403,-2.37339270569921
SYNTHETIC,shared,9416043,2017-07-20,2017-07-21,open,64.30511426186214,67.34559162441326
SYNTHETIC,shared,9416043,2017-07-20,2017-07-21,close,64.23557884335507,66.93730939486213
SYNTHETIC,shared,9416043,2017-07-20,2017-07-21,volatility,0.08892670273599083,0.1764481406509839
SYNTHETIC,shared,9416043,2017-07-20,2017-07-21,sharpe,1.2600763929690366,-2.346212340268055
SYNTHETIC,shared,9416043,2017-07-21,2017-07-24,open,64.27105305848286,67.39334633894057
SYNTHETIC,shared,9416043,2017-07-21,2017-07-24,close,64.59043663694042,66.9790854166276
SYNTHETIC,shared,9416043,2017-07-21,2017-07-24,volatility,0.09036316069240366,0.17608794982261272
SYNTHETIC,shared,9416043,2017-07-21,2017-07-24,sharpe,1.6056136955743134,-2.346713531250019
SYNTHETIC,shared,9416043,2017-07-24,2017-07-25,open,64.47789535987688,67.26962564873538
SYNTHETIC,shared,9416043,2017-07-24,2017-07-25,close,63.81535461240955,66.89359489676315
SYNTHETIC,shared,9416043,2017-07-24,2017-07-25,volatility,0.09339347964277239,0.17684219826051592
SYNTHETIC,shared,9416043,2017-07-24,2017-07-25,sharpe,-1.434591045964266,-2.3068551780307667
SYNTHETIC,shared,9416043,2017-07-25,2017-07-26,open,63.67661076497034,67.31991974845612
SYNTHETIC,shared,9416043,2017-07-25,2017-07-26,close,63.398029062303976,66.92018395911565
SYNTHETIC,shared,9416043,2017-07-25,2017-07-26,volatility,0.09442381427638367,0.17664572216161847
SYNTHETIC,shared,9416043,2017-07-25,2017-07-26,sharpe,-1.6032053853178805,-2.318556325456801
SYNTHETIC,shared,9416043,2017-07-26,2017-07-27,open,63.543543019760016,67.15050499236419
SYNTHETIC,shared,9416043,2017-07-26,2017-07-27,close,63.16715401145569,66.7861632014792
SYNTHETIC,shared,9416043,2017-07-26,2017-07-27,volatility,0.0942612746083887,0.17768335698690518
SYNTHETIC,shared,9416043,2017-07-26,2017-07-27,sharpe,-2.4280953457681527,-2.2151722670922176
SYNTHETIC,shared,9416043,2017-07-27,2017-07-28,open,62.97076309035871,67.01194792929886
SYNTHETIC,shared,9416043,2017-07-27,2017-07-28,close,63.56093604173733,66.63652025564379
SYNTHETIC,shared,9416043,2017-07-27,2017-07-28,volatility,0.09681240189156318,0.1782284306376469
SYNTHETIC,shared,9416043,2017-07-27,2017-07-28,sharpe,-1.915674867558252,-2.1831362273018486
SYNTHETIC,shared,9416043,2017-07-28,2017-07-31,open,63.61018191921295,66.85839838362787
SYNTHETIC,shared,9416043,2017-07-28,2017-07-31,close,63.93025871630451,66.50767470991995
SYNTHETIC,shared,9416043,2017-07-28,2017-07-31,volatility,0.09916984485737215,0.18018916825301956
SYNTHETIC,shared,9416043,2017-07-28,2017-07-31,sharpe,-1.3812211715000207,-2.0904483442650976
SYNTHETIC,shared,9416043,2017-07-31,2017-08-01,open,64.09452750826084,66.80939627789606
SYNTHETIC,shared,9416043,2017-07-31,2017-08-01,close,64.00107362180886,66.4380574146532
SYNTHETIC,shared,9416043,2017-07-31,2017-08-01,volatility,0.09845381458019951,0.1803041446203892
SYNTHETIC,shared,9416043,2017-07-31,2017-08-01,sharpe,-0.7351122186216328,-2.084869626728559
SYNTHETIC,shared,9416043,2017-08-01,2017-08-02,open,63.80909779824455,66.81041916841893
SYNTHETIC,shared,9416043,2017-08-01,2017-08-02,close,63.71999661999387,66.4446794280592
SYNTHETIC,shared,9416043,2017-08-01,2017-08-02,volatility,0.09920150207737544,0.181359596081909
SYNTHETIC,shared,9416043,2017-08-01,2017-08-02,sharpe,-1.5005383859447738,-2.0452888135915535
SYNTHETIC,shared,9416043,2017-08-02,2017-08-03,open,63.733702829308,66.69422742822516
SYNTHETIC,shared,9416043,2017-08-02,2017-08-03,close,64.620249330338,66.32845254628424
SYNTHETIC,shared,9416043,2017-08-02,2017-08-03,volatility,0.11152876244240727,0.18212981338446516
SYNTHETIC,shared,9416043,2017-08-02,2017-08-03,sharpe,0.6057727045663504,-1.9922936950509722
SYNTHETIC,shared,9416043,2017-08-03,2017-08-04,open,64.76716401153635,66.56432776561725
SYNTHETIC,shared,9416043,2017-08-03,2017-08-04,close,65.46810689207878,66.23677969806721
SYNTHETIC,shared,9416043,2017-08-03,2017-08-04,volatility,0.12043965070825459,0.18362741870345026
SYNTHETIC,shared,9416043,2017-08-03,2017-08-04,sharpe,1.7176222764045126,-1.9304768669668118
SYNTHETIC,shared,9416043,2017-08-04,2017-08-07,open,65.35690892735974,66.36145348740709
SYNTHETIC,shared,9416043,2017-08-04,2017-08-07,close,64.87059027936662,66.0428265997192
SYNTHETIC,shared,9416043,2017-08-04,2017-08-07,volatility,0.11872275317735861,0.18485502449630908
SYNTHETIC,shared,9416043,2017-08-04,2017-08-07,sharpe,-0.4219317497358934,-1.8733175679699254
SYNTHETIC,shared,9416043,2017-08-07,2017-08-08,open,64.92901561014358,66.21866956713748
SYNTHETIC,shared,9416043,2017-08-07,2017-08-08,close,65.30188196726495,65.9251974791252
SYNTHETIC,shared,9416043,2017-08-07,2017-08-08,volatility,0.11750039568396116,0.18570301889380786
SYNTHETIC,shared,9416043,2017-08-07,2017-08-08,sharpe,-0.5799248004269861,-1.8166331269232203
SYNTHETIC,shared,9416043,2017-08-08,2017-08-09,open,65.42068359766904,66.07560910960443
SYNTHETIC,shared,9416043,2017-08-08,2017-08-09,close,65.56898345372593,65.78404520817286
SYNTHETIC,shared,9416043,2017-08-08,2017-08-09,volatility,0.1173116180830428,0.1862771610801555
SYNTHETIC,shared,9416043,2017-08-08,2017-08-09,sharpe,0.3506780997194378,-1.783529484148948
SYNTHETIC,shared,9416043,2017-08-09,2017-08-10,open,65.76033893478028,66.02275183653859
SYNTHETIC,shared,9416043,2017-08-09,2017-08-10,close,65.38853866529412,65.7299802862486
SYNTHETIC,shared,9416043,2017-08-09,2017-08-10,volatility,0.11416731849231211,0.18660591269823953
SYNTHETIC,shared,9416043,2017-08-09,2017-08-10,sharpe,0.9085986022676815,-1.767795065969692
SYNTHETIC,shared,9416043,2017-08-10,2017-08-11,open,65.28601893693474,65.94303625344982
SYNTHETIC,shared,9416043,2017-08-10,2017-08-11,close,65.74251753010802,65.64607322674547
SYNTHETIC,shared,9416043,2017-08-10,2017-08-11,volatility,0.11172904257080937,0.18694568050289953
SYNTHETIC,shared,9416043,2017-08-10,2017-08-11,sharpe,2.3553516190808454,-1.7452393133360822
SYNTHETIC,shared,9416043,2017-08-11,2017-08-14,open,65.89077340672041,65.84578285552406
SYNTHETIC,shared,9416043,2017-08-11,2017-08-14,close,65.6760202656827,65.54832648601673
SYNTHETIC,shared,9416043,2017-08-11,2017-08-14,volatility,0.11010079366183444,0.18739397914913866
SYNTHETIC,shared,9416043,2017-08-11,2017-08-14,sharpe,1.54172070741911,-1.7326402526951594
SYNTHETIC,shared,9416043,2017-08-14,2017-08-15,open,65.68254923999898,65.6381554072534
SYNTHETIC,shared,9416043,2017-08-14,2017-08-15,close,65.24059565213261,65.3347435296247
SYNTHETIC,shared,9416043,2017-08-14,2017-08-15,volatility,0.11185824713824175,0.18839041571247891
SYNTHETIC,shared,9416043,2017-08-14,2017-08-15,sharpe,1.2423970444808519,-1.6844536105114707
SYNTHETIC,shared,9416043,2017-08-15,2017-08-16,open,64.99268795322433,65.5193380498163
SYNTHETIC,shared,9416043,2017-08-15,2017-08-16,close,65.42918018050865,65.22093194479862
SYNTHETIC,shared,9416043,2017-08-15,2017-08-16,volatility,0.11216581258194151,0.18898027750397015
SYNTHETIC,shared,9416043,2017-08-15,2017-08-16,sharpe,1.5030870209378877,-1.66077258843228
SYNTHETIC,shared,9416043,2017-08-16,2017-08-17,open,65.34214623511917,65.47155657361833
SYNTHETIC,shared,9416043,2017-08-16,2017-08-17,close,66.04739362328394,65.18452869613533
SYNTHETIC,shared,9416043,2017-08-16,2017-08-17,volatility,0.11399629036312162,0.18909089995795375
SYNTHETIC,shared,9416043,2017-08-16,2017-08-17,sharpe,3.103836425803899,-1.6456061291407105
SYNTHETIC,shared,9416043,2017-08-17,2017-08-18,open,65.90651416662101,65.3072399157865
SYNTHETIC,shared,9416043,2017-08-17,2017-08-18,close,65.9900849113829,65.03631769756852
SYNTHETIC,shared,9416043,2017-08-17,2017-08-18,volatility,0.11413762443592779,0.1902013835841886
SYNTHETIC,shared,9416043,2017-08-17,2017-08-18,sharpe,3.0309467399788574,-1.6069071488016433
SYNTHETIC,shared,9416043,2017-08-18,2017-08-21,open,66.00490154310857,65.29871483692287
SYNTHETIC,shared,9416043,2017-08-18,2017-08-21,close,65.7809757402576,65.04143497800452
SYNTHETIC,shared,9416043,2017-08-18,2017-08-21,volatility,0.11411510472461844,0.19030025291043814
SYNTHETIC,shared,9416043,2017-08-18,2017-08-21,sharpe,2.0716960198507266,-1.5984806505793283
SYNTHETIC,shared,9416043,2017-08-21,2017-08-22,open,65.77427188679755,65.20803737618124
SYNTHETIC,shared,9416043,2017-08-21,2017-08-22,close,65.19602400896325,64.95448725868934
SYNTHETIC,shared,9416043,2017-08-21,2017-08-22,volatility,0.1098973458683604,0.19081639891138355
SYNTHETIC,shared,9416043,2017-08-21,2017-08-22,sharpe,2.5074923391491577,-1.5820894894653368
SYNTHETIC,shared,9416043,2017-08-22,2017-08-23,open,65.21692725304655,64.98324974998174
SYNTHETIC,shared,9416043,2017-08-22,2017-08-23,close,64.37521390080408,64.7364094138795
SYNTHETIC,shared,9416043,2017-08-22,2017-08-23,volatility,0.11731886720070622,0.1917449556079076
SYNTHETIC,shared,9416043,2017-08-22,2017-08-23,sharpe,1.6990699493511432,-1.5149027734204563
SYNTHETIC,shared,9416043,2017-08-23,2017-08-24,open,64.44356677781212,65.11275096104876
SYNTHETIC,shared,9416043,2017-08-23,2017-08-24,close,63.945499977810435,64.87992202114906
SYNTHETIC,shared,9416043,2017-08-23,2017-08-24,volatility,0.11931615356508354,0.19173694137281372
SYNTHETIC,shared,9416043,2017-08-23,2017-08-24,sharpe,1.3502885783895306,-1.5567054541011778
SYNTHETIC,shared,9416043,2017-08-24,2017-08-25,open,63.87651384428869,64.96758525209071
SYNTHETIC,shared,9416043,2017-08-24,2017-08-25,close,63.19060867221463,64.73220269742238
SYNTHETIC,shared,9416043,2017-08-24,2017-08-25,volatility,0.12513766198222068,0.19234153115009617
SYNTHETIC,shared,9416043,2017-08-24,2017-08-25,sharpe,-0.5288787670909499,-1.5089066845249781
SYNTHETIC,shared,9416043,2017-08-25,2017-08-28,open,63.04323940637603,64.99302816708777
SYNTHETIC,shared,9416043,2017-08-25,2017-08-28,close,62.80315053736687,64.75815896979935
SYNTHETIC,shared,9416043,2017-08-25,2017-08-28,volatility,0.12462950688007754,0.19229729842455767
SYNTHETIC,shared,9416043,2017-08-25,2017-08-28,sharpe,-1.738378063601369,-1.5345087228571748
SYNTHETIC,shared,9416043,2017-08-28,2017-08-29,open,62.91360005580229,64.87989915142471
SYNTHETIC,shared,9416043,2017-08-28,2017-08-29,close,63.35261813063501,64.63167376039274
SYNTHETIC,shared,9416043,2017-08-28,2017-08-29,volatility,0.12910082485825058,0.19270329881579823
SYNTHETIC,shared,9416043,2017-08-28,2017-08-29,sharpe,-0.9323885173195089,-1.5015873967565023
SYNTHETIC,shared,9416043,2017-08-29,2017-08-30,open,63.231806723559366,64.70016331101618
SYNTHETIC,shared,9416043,2017-08-29,2017-08-30,close,63.01889364240252,64.46037335483109
SYNTHETIC,shared,9416043,2017-08-29,2017-08-30,volatility,0.12948992505088214,0.19357526818501633
SYNTHETIC,shared,9416043,2017-08-29,2017-08-30,sharpe,-1.0148234960872529,-1.4852541539227981
SYNTHETIC,shared,9416043,2017-08-30,2017-08-31,open,62.93797602941491,64.58345269176357
SYNTHETIC,shared,9416043,2017-08-30,2017-08-31,close,62.99585322569132,64.34318986098043
SYNTHETIC,shared,9416043,2017-08-30,2017-08-31,volatility,0.11739755512886804,0.1940781058956368
SYNTHETIC,shared,9416043,2017-08-30,2017-08-31,sharpe,-2.6749466972271607,-1.440661754732936
SYNTHETIC,shared,9416043,2017-08-31,2017-09-01,open,62.84762013400137,64.51186522275702
SYNTHETIC,shared,9416043,2017-08-31,2017-09-01,close,62.44788000598079,64.26560327412031
SYNTHETIC,shared,9416043,2017-08-31,2017-09-01,volatility,0.10707713321590141,0.19438300988109863
SYNTHETIC,shared,9416043,2017-08-31,2017-09-01,sharpe,-5.500276491054273,-1.4335869468606295
SYNTHETIC,shared,9416043,2017-09-01,2017-09-04,open,62.32841437532842,64.37860399696274
SYNTHETIC,shared,9416043,2017-09-01,2017-09-04,close,62.36906886251994,64.12774567022372
SYNTHETIC,shared,9416043,2017-09-01,2017-09-04,volatility,0.1040595384534047,0.1950036443846238
SYNTHETIC,shared,9416043,2017-09-01,2017-09-04,sharpe,-4.7074714280429415,-1.3901760805886272
SYNTHETIC,shared,9416043,2017-09-04,2017-09-05,open,62.38554874683944,64.35191517752065
SYNTHETIC,shared,9416043,2017-09-04,2017-09-05,close,62.130604352920514,64.10379620361425
SYNTHETIC,shared,9416043,2017-09-04,2017-09-05,volatility,0.09911264588357205,0.19542850721829966
SYNTHETIC,shared,9416043,2017-09-04,2017-09-05,sharpe,-6.273706875058753,-1.3868343037383137
SYNTHETIC,shared,9416043,2017-09-05,2017-09-06,open,62.01987567931899,64.2549888666807
SYNTHETIC,shared,9416043,2017-09-05,2017-09-06,close,62.2184645145487,63.99387791110247
SYNTHETIC,shared,9416043,2017-09-05,2017-09-06,volatility,0.09720099541051173,0.19594276751687004
SYNTHETIC,shared,9416043,2017-09-05,2017-09-06,sharpe,-6.743994814333182,-1.3568868834729129
SYNTHETIC,none,9416042,2017-03-16,2017-03-17,open,62.14574869322754,59.625300894572675
SYNTHETIC,none,9416042,2017-03-16,2017-03-17,close,61.13461383615121,62.00303814854996
SYNTHETIC,none,9416042,2017-03-16,2017-03-17,volatility,0.1410760593356886,0.174627544028227
SYNTHETIC,none,9416042,2017-03-16,2017-03-17,sharpe,-1.0618686379435445,-3.6117533334726435
SYNTHETIC,none,9416042,2017-03-17,2017-03-20,open,60.860472767474135,59.36786425596662
SYNTHETIC,none,9416042,2017-03-17,2017-03-20,close,61.67406672432166,61.980966514451296
SYNTHETIC,none,9416042,2017-03-17,2017-03-20,volatility,0.1440932956408077,0.17550357475414552
SYNTHETIC,none,9416042,2017-03-17,2017-03-20,sharpe,-0.6331670365419388,-3.682387616546327
SYNTHETIC,none,9416042,2017-03-20,2017-03-21,open,61.78272517710395,59.17561019012845
SYNTHETIC,none,9416042,2017-03-20,2017-03-21,close,62.68088389663312,61.930098875269536
SYNTHETIC,none,9416042,2017-03-20,2017-03-21,volatility,0.1539925925536921,0.1760106800251933
SYNTHETIC,none,9416042,2017-03-20,2017-03-21,sharpe,1.2297003566534872,-3.728018872317892
SYNTHETIC,none,9416042,2017-03-21,2017-03-22,open,62.628642849637124,59.16246732631455
SYNTHETIC,none,9416042,2017-03-21,2017-03-22,close,62.90049087641083,61.95604179550277
SYNTHETIC,none,9416042,2017-03-21,2017-03-22,volatility,0.14826135006958246,0.17627702135988066
SYNTHETIC,none,9416042,2017-03-21,2017-03-22,sharpe,2.4736502800298408,-3.73610202427176
SYNTHETIC,none,9416042,2017-03-22,2017-03-23,open,62.59532750248797,59.16275568624927
SYNTHETIC,none,9416042,2017-03-22,2017-03-23,close,63.46605058088946,61.92837005433821
SYNTHETIC,none,9416042,2017-03-22,2017-03-23,volatility,0.15006535777760927,0.17630984472108968
SYNTHETIC,none,9416042,2017-03-22,2017-03-23,sharpe,2.7453575575882097,-3.725537037891457
SYNTHETIC,none,9416042,2017-03-23,2017-03-24,open,63.635729286122896,59.1721604529277
SYNTHETIC,none,9416042,2017-03-23,2017-03-24,close,62.81728809096633,61.89970927911325
SYNTHETIC,none,9416042,2017-03-23,2017-03-24,volatility,0.15454431497156695,0.1765992463133163
SYNTHETIC,none,9416042,2017-03-23,2017-03-24,sharpe,1.3019171085877912,-3.756374256718517
SYNTHETIC,none,9416042,2017-03-24,2017-03-27,open,62.80298439091001,59.38996479628493
SYNTHETIC,none,9416042,2017-03-24,2017-03-27,close,62.0066788327715,62.03043147530073
SYNTHETIC,none,9416042,2017-03-24,2017-03-27,volatility,0.16062203521632068,0.17661745015176278
SYNTHETIC,none,9416042,2017-03-24,2017-03-27,sharpe,-0.22006875029224,-3.7437902454336403
SYNTHETIC,none,9416042,2017-03-27,2017-03-28,open,62.13677974721369,59.730872376730005
SYNTHETIC,none,9416042,2017-03-27,2017-03-28,close,62.30196687279867,62.2812377855032
SYNTHETIC,none,9416042,2017-03-27,2017-03-28,volatility,0.15928401272883191,0.17639540044184265
SYNTHETIC,none,9416042,2017-03-27,2017-03-28,sharpe,-0.42593820900769885,-3.731647005121964
SYNTHETIC,none,9416042,2017-03-28,2017-03-29,open,62.559838588582174,59.6260178261535
SYNTHETIC,none,9416042,2017-03-28,2017-03-29,close,62.374512173732064,62.20531815221233
SYNTHETIC,none,9416042,2017-03-28,2017-03-29,volatility,0.15891927025540878,0.17663998068842962
SYNTHETIC,none,9416042,2017-03-28,2017-03-29,sharpe,-0.5718576897972618,-3.7434780326609562
SYNTHETIC,none,9416042,2017-03-29,2017-03-30,open,62.24105462291542,59.41498597300633
SYNTHETIC,none,9416042,2017-03-29,2017-03-30,close,61.66556845498005,62.07013071914088
SYNTHETIC,none,9416042,2017-03-29,2017-03-30,volatility,0.16196342481796588,0.17708401824305847
SYNTHETIC,none,9416042,2017-03-29,2017-03-30,sharpe,-0.8862391481359831,-3.746253861326516
SYNTHETIC,none,9416042,2017-03-30,2017-03-31,open,61.793060081177195,59.43485635346249
SYNTHETIC,none,9416042,2017-03-30,2017-03-31,close,61.824534893967666,62.14987125881524
SYNTHETIC,none,9416042,2017-03-30,2017-03-31,volatility,0.16230191244487793,0.17716592778291618
SYNTHETIC,none,9416042,2017-03-30,2017-03-31,sharpe,-0.5701035650693733,-3.7597520316098114
SYNTHETIC,none,9416042,2017-03-31,2017-04-03,open,62.105344809506484,59.601351146966536
SYNTHETIC,none,9416042,2017-03-31,2017-04-03,close,62.22245804545226,62.285395440749085
SYNTHETIC,none,9416042,2017-03-31,2017-04-03,volatility,0.15795185769096753,0.17719321807428304
SYNTHETIC,none,9416042,2017-03-31,2017-04-03,sharpe,0.8817234187604266,-3.7481847320364503
SYNTHETIC,none,9416042,2017-04-03,2017-04-04,open,62.04069323810967,59.59014479207207
SYNTHETIC,none,9416042,2017-04-03,2017-04-04,close,61.65912532926912,62.29779416264305
SYNTHETIC,none,9416042,2017-04-03,2017-04-04,volatility,0.15448485027083345,0.17758296890593217
SYNTHETIC,none,9416042,2017-04-03,2017-04-04,sharpe,-0.8811188618567111,-3.750887833491432
SYNTHETIC,none,9416042,2017-04-04,2017-04-05,open,61.90820414301495,59.39527961379744
SYNTHETIC,none,9416042,2017-04-04,2017-04-05,close,61.73067899895814,62.19060461333516
SYNTHETIC,none,9416042,2017-04-04,2017-04-05,volatility,0.14646124269916913,0.17806866108069352
SYNTHETIC,none,9416042,2017-04-04,2017-04-05,sharpe,-1.931403775721595,-3.7876513649768313
SYNTHETIC,none,9416042,2017-04-05,2017-04-06,open,61.48206461527924,59.233530854448425
SYNTHETIC,none,9416042,2017-04-05,2017-04-06,close,60.96743873766739,62.10188056857594
SYNTHETIC,none,9416042,2017-04-05,2017-04-06,volatility,0.14854494567131532,0.17865436223621484
SYNTHETIC,none,9416042,2017-04-05,2017-04-06,sharpe,-3.5245636273021437,-3.8086394094840665
SYNTHETIC,none,9416042,2017-04-06,2017-04-07,open,60.72156009727457,59.054250340168906
SYNTHETIC,none,9416042,2017-04-06,2017-04-07,close,60.43841499708744,61.94171538523905
SYNTHETIC,none,9416042,2017-04-06,2017-04-07,volatility,0.14538145778938452,0.17899579247120603
SYNTHETIC,none,9416042,2017-04-06,2017-04-07,sharpe,-3.2525393892244194,-3.824764427843979
SYNTHETIC,none,9416042,2017-04-07,2017-04-10,open,60.15406010770085,58.84270261374402
SYNTHETIC,none,9416042,2017-04-07,2017-04-10,close,59.1056311469176,61.72885298228695
SYNTHETIC,none,9416042,2017-04-07,2017-04-10,volatility,0.1602433497131388,0.17912157604565423
SYNTHETIC,none,9416042,2017-04-07,2017-04-10,sharpe,-3.945828226567272,-3.860639511971064
SYNTHETIC,none,9416042,2017-04-10,2017-04-11,open,58.96187540011791,58.82446980025661
SYNTHETIC,none,9416042,2017-04-10,2017-04-11,close,59.9807934690439,61.62592184772708
SYNTHETIC,none,9416042,2017-04-10,2017-04-11,volatility,0.17098199421169888,0.17858360003413137
SYNTHETIC,none,9416042,2017-04-10,2017-04-11,sharpe,-2.782552039025076,-3.849646977746757
SYNTHETIC,none,9416042,2017-04-11,2017-04-12,open,60.046030232985636,58.65890886966044
SYNTHETIC,none,9416042,2017-04-11,2017-04-12,close,61.1513381219161,61.338522603072576
SYNTHETIC,none,9416042,2017-04-11,2017-04-12,volatility,0.18713729088869197,0.1783303470582251
SYNTHETIC,none,9416042,2017-04-11,2017-04-12,sharpe,-1.1880168529454327,-3.847971313430306
SYNTHETIC,none,9416042,2017-04-12,2017-04-13,open,60.9599105398329,58.358316124493165
SYNTHETIC,none,9416042,2017-04-12,2017-04-13,close,60.21231019866447,61.03435883335935
SYNTHETIC,none,9416042,2017-04-12,2017-04-13,volatility,0.19403039535615063,0.17839453608160016
SYNTHETIC,none,9416042,2017-04-12,2017-04-13,sharpe,-2.1161704560834154,-3.8337828958029787
SYNTHETIC,none,9416042,2017-04-13,2017-04-14,open,60.09042814891499,57.95858576286811
SYNTHETIC,none,9416042,2017-04-13,2017-04-14,close,59.77443076638834,60.735370920176706
SYNTHETIC,none,9416042,2017-04-13,2017-04-14,volatility,0.18476304079673786,0.17876891340822312
SYNTHETIC,none,9416042,2017-04-13,2017-04-14,sharpe,-1.4457409061051967,-3.8724740656778422
SYNTHETIC,none,9416042,2017-04-14,2017-04-17,open,59.10590656015541,58.029313311995466
SYNTHETIC,none,9416042,2017-04-14,2017-04-17,close,58.58674235797592,60.72500860085215
SYNTHETIC,none,9416042,2017-04-14,2017-04-17,volatility,0.1923230012777236,0.17853474198344965
SYNTHETIC,none,9416042,2017-04-14,2017-04-17,sharpe,-3.268760754165303,-3.86890690619173
SYNTHETIC,none,9416042,2017-04-17,2017-04-18,open,58.36057280275027,58.04110961427932
SYNTHETIC,none,9416042,2017-04-17,2017-04-18,close,57.6941084221859,60.65107499037962
SYNTHETIC,none,9416042,2017-04-17,2017-04-18,volatility,0.18380238512307356,0.17836581515722028
SYNTHETIC,none,9416042,2017-04-17,2017-04-18,sharpe,-5.5838524313137645,-3.8980803615186153
SYNTHETIC,none,9416042,2017-04-18,2017-04-19,open,57.76591581742588,58.10717049437132
SYNTHETIC,none,9416042,2017-04-18,2017-04-19,close,57.6770798895428,60.631641664297305
SYNTHETIC,none,9416042,2017-04-18,2017-04-19,volatility,0.18221334984541931,0.17794016317009634
SYNTHETIC,none,9416042,2017-04-18,2017-04-19,sharpe,-5.895228404550771,-3.907565165167261
SYNTHETIC,none,9416042,2017-04-19,2017-04-20,open,57.65836802312869,58.41516271419388
SYNTHETIC,none,9416042,2017-04-19,2017-04-20,close,57.24504241243176,60.84681623266676
SYNTHETIC,none,9416042,2017-04-19,2017-04-20,volatility,0.17558427050054995,0.17733443315239306
SYNTHETIC,none,9416042,2017-04-19,2017-04-20,sharpe,-7.300552002645455,-3.8820539289330416
SYNTHETIC,none,9416042,2017-04-20,2017-04-21,open,57.10409049692494,58.37458068301327
SYNTHETIC,none,9416042,2017-04-20,2017-04-21,close,57.17906704012482,60.78919770684214
SYNTHETIC,none,9416042,2017-04-20,2017-04-21,volatility,0.1750165419552037,0.1772442066081814
SYNTHETIC,none,9416042,2017-04-20,2017-04-21,sharpe,-6.671278041817694,-3.892367088163989
SYNTHETIC,none,9416042,2017-04-21,2017-04-24,open,57.3692224160544,58.294694399078395
SYNTHETIC,none,9416042,2017-04-21,2017-04-24,close,57.59328783397311,60.71365989903303
SYNTHETIC,none,9416042,2017-04-21,2017-04-24,volatility,0.17698974017522484,0.17679178245083582
SYNTHETIC,none,9416042,2017-04-21,2017-04-24,sharpe,-5.16251825915362,-3.8690129850726134
SYNTHETIC,none,9416042,2017-04-24,2017-04-25,open,57.73927081120945,58.325929864668325
SYNTHETIC,none,9416042,2017-04-24,2017-04-25,close,59.160052335914784,60.74068730969711
SYNTHETIC,none,9416042,2017-04-24,2017-04-25,volatility,0.2065538793160258,0.17678588592287686
SYNTHETIC,none,9416042,2017-04-24,2017-04-25,sharpe,-3.054635312280358,-3.838908180679355
SYNTHETIC,none,9416042,2017-04-25,2017-04-26,open,59.292931914460794,58.2116917114453
SYNTHETIC,none,9416042,2017-04-25,2017-04-26,close,58.84558906430088,60.615422036019844
SYNTHETIC,none,9416042,2017-04-25,2017-04-26,volatility,0.20630814896039945,0.17674426223535006
SYNTHETIC,none,9416042,2017-04-25,2017-04-26,sharpe,-3.454023868038524,-3.803236438894573
SYNTHETIC,none,9416042,2017-04-26,2017-04-27,open,58.919269811135806,58.143405962499145
SYNTHETIC,none,9416042,2017-04-26,2017-04-27,close,60.96714363389763,60.63682547552543
SYNTHETIC,none,9416042,2017-04-26,2017-04-27,volatility,0.2452651897277174,0.177128507063187
SYNTHETIC,none,9416042,2017-04-26,2017-04-27,sharpe,-0.469353379146229,-3.8059859682253987
SYNTHETIC,none,9416042,2017-04-27,2017-04-28,open,60.92039968585204,58.166424492701395
SYNTHETIC,none,9416042,2017-04-27,2017-04-28,close,61.906523236629575,60.654389447686604
SYNTHETIC,none,9416042,2017-04-27,2017-04-28,volatility,0.2515192310804749,0.17728594242640383
SYNTHETIC,none,9416042,2017-04-27,2017-04-28,sharpe,0.18504756846875328,-3.7518346095418664
SYNTHETIC,none,9416042,2017-04-28,2017-05-01,open,61.76994877744675,58.70195121955018
SYNTHETIC,none,9416042,2017-04-28,2017-05-01,close,63.78727624868715,61.123045756196724
SYNTHETIC,none,9416042,2017-04-28,2017-05-01,volatility,0.27286727599098265,0.17684073329933464
SYNTHETIC,none,9416042,2017-04-28,2017-05-01,sharpe,1.2762246310773426,-3.6872898713102646
SYNTHETIC,none,9416042,2017-05-01,2017-05-02,open,63.88910248990862,59.105345604199044
SYNTHETIC,none,9416042,2017-05-01,2017-05-02,close,63.177185523966564,61.5021971338061
SYNTHETIC,none,9416042,2017-05-01,2017-05-02,volatility,0.27313233443478807,0.17682341490672593
SYNTHETIC,none,9416042,2017-05-01,2017-05-02,sharpe,1.2514161357139157,-3.6442297795490366
SYNTHETIC,none,9416042,2017-05-02,2017-05-03,open,63.50457469005281,59.16135621463946
SYNTHETIC,none,9416042,2017-05-02,2017-05-03,close,65.28785163391485,61.71509135554835
SYNTHETIC,none,9416042,2017-05-02,2017-05-03,volatility,0.2958665812700981,0.1779702837948835
SYNTHETIC,none,9416042,2017-05-02,2017-05-03,sharpe,2.5286045459104733,-3.6748398544012404
SYNTHETIC,none,9416042,2017-05-03,2017-05-04,open,65.21101246561399,59.36385102641637
SYNTHETIC,none,9416042,2017-05-03,2017-05-04,close,66.76328801120691,61.9901860088964
SYNTHETIC,none,9416042,2017-05-03,2017-05-04,volatility,0.2978576134068155,0.17843565711428455
SYNTHETIC,none,9416042,2017-05-03,2017-05-04,sharpe,3.9907091075849337,-3.6121542881345983
SYNTHETIC,none,9416042,2017-05-04,2017-05-05,open,66.39896478300794,59.45834313787068
SYNTHETIC,none,9416042,2017-05-04,2017-05-05,close,67.86895178712845,62.22187452935218
SYNTHETIC,none,9416042,2017-05-04,2017-05-05,volatility,0.2962733510277079,0.17904078007960125
SYNTHETIC,none,9416042,2017-05-04,2017-05-05,sharpe,5.085382228946306,-3.609557706331474
SYNTHETIC,none,9416042,2017-05-05,2017-05-08,open,67.74268502562491,59.47376113511453
SYNTHETIC,none,9416042,2017-05-05,2017-05-08,close,68.76715393744648,62.4690084208585
SYNTHETIC,none,9416042,2017-05-05,2017-05-08,volatility,0.277901465926641,0.1795957226253431
SYNTHETIC,none,9416042,2017-05-05,2017-05-08,sharpe,7.021447387694577,-3.599480506494846
SYNTHETIC,none,9416042,2017-05-08,2017-05-09,open,68.59864196212297,59.673922612373744
SYNTHETIC,none,9416042,2017-05-08,2017-05-09,close,68.73844212777394,62.72007458451384
SYNTHETIC,none,9416042,2017-05-08,2017-05-09,volatility,0.27802344622345143,0.17966123788418698
SYNTHETIC,none,9416042,2017-05-08,2017-05-09,sharpe,6.328403999598374,-3.5658548235676615
SYNTHETIC,none,9416042,2017-05-09,2017-05-10,open,68.62107025823283,59.80293325986747
SYNTHETIC,none,9416042,2017-05-09,2017-05-10,close,68.3397784275233,62.89142407258741
SYNTHETIC,none,9416042,2017-05-09,2017-05-10,volatility,0.2774083632567106,0.1800420375930656
SYNTHETIC,none,9416042,2017-05-09,2017-05-10,sharpe,5.192616090123128,-3.530926809338327
SYNTHETIC,none,9416042,2017-05-10,2017-05-11,open,68.40824481524946,60.17068476928189
SYNTHETIC,none,9416042,2017-05-10,2017-05-11,close,68.05704379806608,63.201797809511014
SYNTHETIC,none,9416042,2017-05-10,2017-05-11,volatility,0.2688315919879854,0.17972227564835774
SYNTHETIC,none,9416042,2017-05-10,2017-05-11,sharpe,5.884091414226732,-3.478540150707832
SYNTHETIC,none,9416042,2017-05-11,2017-05-12,open,68.14738016661333,60.275123975732235
SYNTHETIC,none,9416042,2017-05-11,2017-05-12,close,67.27541071909953,63.43242702941148
SYNTHETIC,none,9416042,2017-05-11,2017-05-12,volatility,0.27204438324935354,0.18012434152364581
SYNTHETIC,none,9416042,2017-05-11,2017-05-12,sharpe,5.619485589935247,-3.4573643377660135
SYNTHETIC,none,9416042,2017-05-12,2017-05-15,open,67.27807347801382,60.22128267856223
SYNTHETIC,none,9416042,2017-05-12,2017-05-15,close,67.1344823940998,63.5980265969489
SYNTHETIC,none,9416042,2017-05-12,2017-05-15,volatility,0.2564376079881213,0.18064646457475436
SYNTHETIC,none,9416042,2017-05-12,2017-05-15,sharpe,6.834843137140886,-3.4656073426594958
SYNTHETIC,none,9416042,2017-05-15,2017-05-16,open,67.19268843620321,60.37434095730966
SYNTHETIC,none,9416042,2017-05-15,2017-05-16,close,67.8442789784387,63.79394681993062
SYNTHETIC,none,9416042,2017-05-15,2017-05-16,volatility,0.24281802211709497,0.18070614517085062
SYNTHETIC,none,9416042,2017-05-15,2017-05-16,sharpe,8.55744771036645,-3.4462519138369956
SYNTHETIC,none,9416042,2017-05-16,2017-05-17,open,67.68895026025807,60.89135973825627
SYNTHETIC,none,9416042,2017-05-16,2017-05-17,close,67.08162258409236,64.28351735404782
SYNTHETIC,none,9416042,2017-05-16,2017-05-17,volatility,0.25089879172014606,0.1801467715293442
SYNTHETIC,none,9416042,2017-05-16,2017-05-17,sharpe,7.732127077752926,-3.3785430277124444
SYNTHETIC,none,9416042,2017-05-17,2017-05-18,open,66.81130193112357,61.1112222837164
SYNTHETIC,none,9416042,2017-05-17,2017-05-18,close,65.70897147989811,64.51005123049977
SYNTHETIC,none,9416042,2017-05-17,2017-05-18,volatility,0.2651354180186175,0.18018952425697854
SYNTHETIC,none,9416042,2017-05-17,2017-05-18,sharpe,6.700489096384829,-3.3399223811932925
SYNTHETIC,none,9416042,2017-05-18,2017-05-19,open,65.82055476952429,61.3748917297189
SYNTHETIC,none,9416042,2017-05-18,2017-05-19,close,66.8805440116283,64.9450021597637
SYNTHETIC,none,9416042,2017-05-18,2017-05-19,volatility,0.2659075276584204,0.18056945785289796
SYNTHETIC,none,9416042,2017-05-18,2017-05-19,sharpe,7.580503879341763,-3.349001675546594
SYNTHETIC,none,9416042,2017-05-19,2017-05-22,open,66.65315379861003,61.53523308094613
SYNTHETIC,none,9416042,2017-05-19,2017-05-22,close,65.03060301411351,65.17801778892519
SYNTHETIC,none,9416042,2017-05-19,2017-05-22,volatility,0.29454455577565813,0.18109264807890268
SYNTHETIC,none,9416042,2017-05-19,2017-05-22,sharpe,5.350343203300052,-3.3224317074347467
SYNTHETIC,none,9416042,2017-05-22,2017-05-23,open,64.94892919314492,61.59436803159674
SYNTHETIC,none,9416042,2017-05-22,2017-05-23,close,66.1724857221551,65.45139025025654
SYNTHETIC,none,9416042,2017-05-22,2017-05-23,volatility,0.2873475775318095,0.18171798163545974
SYNTHETIC,none,9416042,2017-05-22,2017-05-23,sharpe,5.061431879426129,-3.3437006699755685
SYNTHETIC,none,9416042,2017-05-23,2017-05-24,open,66.00357872919457,61.7068323743956
SYNTHETIC,none,9416042,2017-05-23,2017-05-24,close,66.5875622342459,65.70116510134505
SYNTHETIC,none,9416042,2017-05-23,2017-05-24,volatility,0.2843459604359226,0.1821509955827371
SYNTHETIC,none,9416042,2017-05-23,2017-05-24,sharpe,5.628356354742491,-3.3539214142258014
SYNTHETIC,none,9416042,2017-05-24,2017-05-25,open,66.67459410241493,61.7271710090577
SYNTHETIC,none,9416042,2017-05-24,2017-05-25,close,64.54971858637897,65.75250471924733
SYNTHETIC,none,9416042,2017-05-24,2017-05-25,volatility,0.2903757073031983,0.1824968646466443
SYNTHETIC,none,9416042,2017-05-24,2017-05-25,sharpe,2.61910256425512,-3.35303017531799
SYNTHETIC,none,9416042,2017-05-25,2017-05-26,open,64.55013799734384,61.69436675960271
SYNTHETIC,none,9416042,2017-05-25,2017-05-26,close,65.1520431525353,65.84450875095754
SYNTHETIC,none,9416042,2017-05-25,2017-05-26,volatility,0.28772578890732414,0.1831243982847808
SYNTHETIC,none,9416042,2017-05-25,2017-05-26,sharpe,2.3771111400458467,-3.3757203304000676
SYNTHETIC,none,9416042,2017-05-26,2017-05-29,open,64.9572720664831,61.589833637760776
SYNTHETIC,none,9416042,2017-05-26,2017-05-29,close,64.36418216535489,65.76586463376033
SYNTHETIC,none,9416042,2017-05-26,2017-05-29,volatility,0.2726638984176322,0.1834752629645064
SYNTHETIC,none,9416042,2017-05-26,2017-05-29,sharpe,0.5457050973520534,-3.3786779036302437
SYNTHETIC,none,9416042,2017-05-29,2017-05-30,open,64.5023610164954,61.34432028563003
SYNTHETIC,none,9416042,2017-05-29,2017-05-30,close,64.96268767706059,65.67148877640125
SYNTHETIC,none,9416042,2017-05-29,2017-05-30,volatility,0.2715652983893232,0.18367198660352071
SYNTHETIC,none,9416042,2017-05-29,2017-05-30,sharpe,1.4231211455695405,-3.415170948661756
SYNTHETIC,none,9416042,2017-05-30,2017-05-31,open,64.70003222775243,61.27661919306529
SYNTHETIC,none,9416042,2017-05-30,2017-05-31,close,65.97459987296278,65.55312155127127
SYNTHETIC,none,9416042,2017-05-30,2017-05-31,volatility,0.2503534792898585,0.1835814391335251
SYNTHETIC,none,9416042,2017-05-30,2017-05-31,sharpe,0.6462420885064433,-3.4096821746561465
SYNTHETIC,none,9416042,2017-05-31,2017-06-01,open,66.0031527595436,61.42780710049299
SYNTHETIC,none,9416042,2017-05-31,2017-06-01,close,67.14781894266562,65.5911211414044
SYNTHETIC,none,9416042,2017-05-31,2017-06-01,volatility,0.24528365268038604,0.18314606270848843
SYNTHETIC,none,9416042,2017-05-31,2017-06-01,sharpe,0.4122031834782254,-3.3826377900534776
SYNTHETIC,none,9416042,2017-06-01,2017-06-02,open,67.30638456864162,61.42199492823068
SYNTHETIC,none,9416042,2017-06-01,2017-06-02,close,67.85250283800886,65.54903946565199
SYNTHETIC,none,9416042,2017-06-01,2017-06-02,volatility,0.24088865130249584,0.1832815977868793
SYNTHETIC,none,9416042,2017-06-01,2017-06-02,sharpe,0.10241073487964168,-3.371001877131955
SYNTHETIC,none,9416042,2017-06-02,2017-06-05,open,67.62304826506683,61.638760911272506
SYNTHETIC,none,9416042,2017-06-02,2017-06-05,close,67.97901447708134,65.77086416116218
SYNTHETIC,none,9416042,2017-06-02,2017-06-05,volatility,0.2359962444084572,0.1834038434445521
SYNTHETIC,none,9416042,2017-06-02,2017-06-05,sharpe,-0.502510258248657,-3.355727399826662
SYNTHETIC,none,9416042,2017-06-05,2017-06-06,open,67.83008330832791,61.662417007935936
SYNTHETIC,none,9416042,2017-06-05,2017-06-06,close,67.12594673684147,65.85913743972765
SYNTHETIC,none,9416042,2017-06-05,2017-06-06,volatility,0.2398572913603607,0.18380334191356817
SYNTHETIC,none,9416042,2017-06-05,2017-06-06,sharpe,-1.1317020384334715,-3.3710393426646776
SYNTHETIC,none,9416042,2017-06-06,2017-06-07,open,66.98566994152763,61.67552283469401
SYNTHETIC,none,9416042,2017-06-06,2017-06-07,close,67.36017321996086,65.90940052189661
SYNTHETIC,none,9416042,2017-06-06,2017-06-07,volatility,0.23969788536252798,0.18407549471154888
SYNTHETIC,none,9416042,2017-06-06,2017-06-07,sharpe,-0.644163386040812,-3.392125385251621
SYNTHETIC,none,9416042,2017-06-07,2017-06-08,open,67.412297050308,61.59025691839891
SYNTHETIC,none,9416042,2017-06-07,2017-06-08,close,66.81975175290479,65.92986663287579
SYNTHETIC,none,9416042,2017-06-07,2017-06-08,volatility,0.2408497321229481,0.1842642725374775
SYNTHETIC,none,9416042,2017-06-07,2017-06-08,sharpe,-0.844360870452939,-3.420013405496995
SYNTHETIC,none,9416042,2017-06-08,2017-06-09,open,66.60843041690107,61.83201497761826
SYNTHETIC,none,9416042,2017-06-08,2017-06-09,close,66.45302027632191,66.24773502066193
SYNTHETIC,none,9416042,2017-06-08,2017-06-09,volatility,0.2382502034214412,0.18378593072314242
SYNTHETIC,none,9416042,2017-06-08,2017-06-09,sharpe,-0.5364399456054292,-3.443884679863593
SYNTHETIC,none,9416042,2017-06-09,2017-06-12,open,66.27382120418025,62.059729378915684
SYNTHETIC,none,9416042,2017-06-09,2017-06-12,close,65.91655641283641,66.53985935565328
SYNTHETIC,none,9416042,2017-06-09,2017-06-12,volatility,0.23971900653320152,0.18326294542565036
SYNTHETIC,none,9416042,2017-06-09,2017-06-12,sharpe,-0.847367640463747,-3.450770404006933
SYNTHETIC,none,9416042,2017-06-12,2017-06-13,open,65.82698593755693,62.061107686493585
SYNTHETIC,none,9416042,2017-06-12,2017-06-13,close,66.01419214650804,66.57184254288276
SYNTHETIC,none,9416042,2017-06-12,2017-06-13,volatility,0.23614083045058742,0.18338957191360353
SYNTHETIC,none,9416042,2017-06-12,2017-06-13,sharpe,-1.3453146775373954,-3.47488028239369
SYNTHETIC,none,9416042,2017-06-13,2017-06-14,open,65.69011726333235,62.067472769089456
SYNTHETIC,none,9416042,2017-06-13,2017-06-14,close,65.21174992902316,66.6292701559665
SYNTHETIC,none,9416042,2017-06-13,2017-06-14,volatility,0.23667507641615937,0.18339702280499826
SYNTHETIC,none,9416042,2017-06-13,2017-06-14,sharpe,-1.3909542495069795,-3.4804147496568545
SYNTHETIC,none,9416042,2017-06-14,2017-06-15,open,65.31925174851139,62.10249130538266
SYNTHETIC,none,9416042,2017-06-14,2017-06-15,close,65.06286644812359,66.69474792295745
SYNTHETIC,none,9416042,2017-06-14,2017-06-15,volatility,0.22570248966550677,0.18358690647158016
SYNTHETIC,none,9416042,2017-06-14,2017-06-15,sharpe,-0.443702325147858,-3.518930933455357
SYNTHETIC,none,9416042,2017-06-15,2017-06-16,open,65.2236350410095,62.364248052001614
SYNTHETIC,none,9416042,2017-06-15,2017-06-16,close,64.92833015203279,66.92062421107968
SYNTHETIC,none,9416042,2017-06-15,2017-06-16,volatility,0.21519683677004814,0.183316698561182
SYNTHETIC,none,9416042,2017-06-15,2017-06-16,sharpe,-1.6303833055092942,-3.497686066394404
SYNTHETIC,none,9416042,2017-06-16,2017-06-19,open,65.07789105160906,62.18934320131875
SYNTHETIC,none,9416042,2017-06-16,2017-06-19,close,65.48212700376725,66.85911451237666
SYNTHETIC,none,9416042,2017-06-16,2017-06-19,volatility,0.19389429776124265,0.1838179459700279
SYNTHETIC,none,9416042,2017-06-16,2017-06-19,sharpe,0.5422402656729878,-3.511114301016618
SYNTHETIC,none,9416042,2017-06-19,2017-06-20,open,65.47654175549638,61.97406795977433
SYNTHETIC,none,9416042,2017-06-19,2017-06-20,close,65.11898651932582,66.83988270529862
SYNTHETIC,none,9416042,2017-06-19,2017-06-20,volatility,0.18388918683413685,0.18417365933569482
SYNTHETIC,none,9416042,2017-06-19,2017-06-20,sharpe,-1.0113874117985564,-3.5523155146602012
SYNTHETIC,none,9416042,2017-06-20,2017-06-21,open,64.99648146407716,61.826028202092715
SYNTHETIC,none,9416042,2017-06-20,2017-06-21,close,64.55336570027487,66.73602882582448
SYNTHETIC,none,9416042,2017-06-20,2017-06-21,volatility,0.18399129063489555,0.1842784358043062
SYNTHETIC,none,9416042,2017-06-20,2017-06-21,sharpe,-2.0352138000568814,-3.579032406429782
SYNTHETIC,none,9416042,2017-06-21,2017-06-22,open,64.53575729115195,61.56368547634037
SYNTHETIC,none,9416042,2017-06-21,2017-06-22,close,63.99801613338989,66.66072965894148
SYNTHETIC,none,9416042,2017-06-21,2017-06-22,volatility,0.1515200194958971,0.18469534546374805
SYNTHETIC,none,9416042,2017-06-21,2017-06-22,sharpe,-0.6418215872581934,-3.630901746861397
SYNTHETIC,none,9416042,2017-06-22,2017-06-23,open,64.02323765592416,61.73442498099364
SYNTHETIC,none,9416042,2017-06-22,2017-06-23,close,63.68591895997141,66.82719496272748
SYNTHETIC,none,9416042,2017-06-22,2017-06-23,volatility,0.14778226340021344,0.1842434046283663
SYNTHETIC,none,9416042,2017-06-22,2017-06-23,sharpe,-1.8694234590750038,-3.6378503543302463
SYNTHETIC,none,9416042,2017-06-23,2017-06-26,open,63.56651607042151,61.90079279030624
SYNTHETIC,none,9416042,2017-06-23,2017-06-26,close,63.8707725102159,67.01055339251573
SYNTHETIC,none,9416042,2017-06-23,2017-06-26,volatility,0.14247384216988768,0.18383969159182545
SYNTHETIC,none,9416042,2017-06-23,2017-06-26,sharpe,-0.6129384181386653,-3.643248623362692
SYNTHETIC,none,9416042,2017-06-26,2017-06-27,open,63.47153865580402,61.9583748301157
SYNTHETIC,none,9416042,2017-06-26,2017-06-27,close,64.51896152311602,67.01107442520438
SYNTHETIC,none,9416042,2017-06-26,2017-06-27,volatility,0.14326651436381793,0.1836076738497229
SYNTHETIC,none,9416042,2017-06-26,2017-06-27,sharpe,-0.5348169113789938,-3.6427423244381423
SYNTHETIC,none,9416042,2017-06-27,2017-06-28,open,64.89383991992014,62.03076375574772
SYNTHETIC,none,9416042,2017-06-27,2017-06-28,close,64.18612880088308,67.00772152019263
SYNTHETIC,none,9416042,2017-06-27,2017-06-28,volatility,0.13117828726778186,0.18325777194734932
SYNTHETIC,none,9416042,2017-06-27,2017-06-28,sharpe,-2.575797342097439,-3.6345977583953415
SYNTHETIC,none,9416042,2017-06-28,2017-06-29,open,64.34512441227047,62.20224267876573
SYNTHETIC,none,9416042,2017-06-28,2017-06-29,close,64.34715184421727,67.10746149525735
SYNTHETIC,none,9416042,2017-06-28,2017-06-29,volatility,0.11135086121488831,0.1831331986110986
SYNTHETIC,none,9416042,2017-06-28,2017-06-29,sharpe,-4.762815592389284,-3.6008665842819045
SYNTHETIC,none,9416042,2017-06-29,2017-06-30,open,64.4779256632741,62.18140404384984
SYNTHETIC,none,9416042,2017-06-29,2017-06-30,close,64.52657684238903,67.02318280063827
SYNTHETIC,none,9416042,2017-06-29,2017-06-30,volatility,0.10281935640642624,0.18312403096008828
SYNTHETIC,none,9416042,2017-06-29,2017-06-30,sharpe,-6.102360738548323,-3.5831956351953194
SYNTHETIC,none,9416042,2017-06-30,2017-07-03,open,64.24829517064828,62.191345847837894
SYNTHETIC,none,9416042,2017-06-30,2017-07-03,close,64.65320805750372,66.92415211943725
SYNTHETIC,none,9416042,2017-06-30,2017-07-03,volatility,0.10287495038079235,0.18286730193261796
SYNTHETIC,none,9416042,2017-06-30,2017-07-03,sharpe,-6.087065409414556,-3.5601114308632003
SYNTHETIC,none,9416042,2017-07-03,2017-07-04,open,65.07463372344948,62.34172158554118
SYNTHETIC,none,9416042,2017-07-03,2017-07-04,close,64.39334324273533,66.97203939860856
SYNTHETIC,none,9416042,2017-07-03,2017-07-04,volatility,0.09603581308669956,0.18242276558972242
SYNTHETIC,none,9416042,2017-07-03,2017-07-04,sharpe,-5.4014570000113995,-3.5299065714590254
SYNTHETIC,none,9416042,2017-07-04,2017-07-05,open,64.50995901102932,62.35697027052978
SYNTHETIC,none,9416042,2017-07-04,2017-07-05,close,64.50140627727566,66.95877361468308
SYNTHETIC,none,9416042,2017-07-04,2017-07-05,volatility,0.09485604915024062,0.18239972079848604
SYNTHETIC,none,9416042,2017-07-04,2017-07-05,sharpe,-5.70922236049002,-3.50928157531005
SYNTHETIC,none,9416042,2017-07-05,2017-07-06,open,64.44176432321431,62.57020582849921
SYNTHETIC,none,9416042,2017-07-05,2017-07-06,close,64.30482718547786,67.0768584480505
SYNTHETIC,none,9416042,2017-07-05,2017-07-06,volatility,0.09238160478814646,0.18208652816591084
SYNTHETIC,none,9416042,2017-07-05,2017-07-06,sharpe,-5.18357371143115,-3.4679002332620854
SYNTHETIC,none,9416042,2017-07-06,2017-07-07,open,64.3040088014945,66.29161147403116
SYNTHETIC,none,9416042,2017-07-06,2017-07-07,close,64.43757598392546,66.78760851755008
SYNTHETIC,none,9416042,2017-07-06,2017-07-07,volatility,0.09238100405427947,0.20074771598505817
SYNTHETIC,none,9416042,2017-07-06,2017-07-07,sharpe,-4.153476974836998,-0.9903315846938515
SYNTHETIC,none,9416042,2017-07-07,2017-07-10,open,64.6454088607199,66.58793899293381
SYNTHETIC,none,9416042,2017-07-07,2017-07-10,close,65.1635962204534,67.0744257729423
SYNTHETIC,none,9416042,2017-07-07,2017-07-10,volatility,0.09943177530561557,0.20028813563667877
SYNTHETIC,none,9416042,2017-07-07,2017-07-10,sharpe,-1.4082030030439014,-0.9771167196293528
SYNTHETIC,none,9416042,2017-07-10,2017-07-11,open,64.9551437597653,66.47457804279172
SYNTHETIC,none,9416042,2017-07-10,2017-07-11,close,65.69017760801282,67.104012417855
SYNTHETIC,none,9416042,2017-07-10,2017-07-11,volatility,0.10388487383950597,0.20068277304550425
SYNTHETIC,none,9416042,2017-07-10,2017-07-11,sharpe,-0.5473728434319896,-0.976435370419017
SYNTHETIC,none,9416042,2017-07-11,2017-07-12,open,66.09399836298421,66.46847192160357
SYNTHETIC,none,9416042,2017-07-11,2017-07-12,close,65.38913532438947,67.08129882274706
SYNTHETIC,none,9416042,2017-07-11,2017-07-12,volatility,0.09548909404867599,0.20056698116604427
SYNTHETIC,none,9416042,2017-07-11,2017-07-12,sharpe,0.40375345478195507,-0.9693389780944294
SYNTHETIC,none,9416042,2017-07-12,2017-07-13,open,65.42104701279469,66.7258225539543
SYNTHETIC,none,9416042,2017-07-12,2017-07-13,close,64.88434859446562,67.24924217350889
SYNTHETIC,none,9416042,2017-07-12,2017-07-13,volatility,0.09920637442911993,0.20031347340767203
SYNTHETIC,none,9416042,2017-07-12,2017-07-13,sharpe,-0.3018739455410224,-0.9447260832620951
SYNTHETIC,none,9416042,2017-07-13,2017-07-14,open,64.98218886479933,66.80368860824879
SYNTHETIC,none,9416042,2017-07-13,2017-07-14,close,64.41461063555369,67.31708438891468
SYNTHETIC,none,9416042,2017-07-13,2017-07-14,volatility,0.10220715609105899,0.20054524682056651
SYNTHETIC,none,9416042,2017-07-13,2017-07-14,sharpe,-0.9305891811699611,-0.9510565153234053
SYNTHETIC,none,9416042,2017-07-14,2017-07-17,open,64.39100593130591,66.94492035162031
SYNTHETIC,none,9416042,2017-07-14,2017-07-17,close,64.82702699734105,67.55204851645209
SYNTHETIC,none,9416042,2017-07-14,2017-07-17,volatility,0.1000040204053371,0.20078610736818203
SYNTHETIC,none,9416042,2017-07-14,2017-07-17,sharpe,-1.2190600454453162,-0.9657067464645883
SYNTHETIC,none,9416042,2017-07-17,2017-07-18,open,64.66148634443117,67.33077606618583
SYNTHETIC,none,9416042,2017-07-17,2017-07-18,close,64.55555475474361,67.89267668652487
SYNTHETIC,none,9416042,2017-07-17,2017-07-18,volatility,0.09920533194082061,0.20031415074329523
SYNTHETIC,none,9416042,2017-07-17,2017-07-18,sharpe,-1.056395527938714,-0.9637450075449456
SYNTHETIC,none,9416042,2017-07-18,2017-07-19,open,64.77573721078609,67.46511816612275
SYNTHETIC,none,9416042,2017-07-18,2017-07-19,close,64.59038888417169,68.01120300229546
SYNTHETIC,none,9416042,2017-07-18,2017-07-19,volatility,0.09428806750745172,0.20039031036076962
SYNTHETIC,none,9416042,2017-07-18,2017-07-19,sharpe,0.1213510884942163,-0.9916623381251474
SYNTHETIC,none,9416042,2017-07-19,2017-07-20,open,64.57209110481251,67.73749398978771
SYNTHETIC,none,9416042,2017-07-19,2017-07-20,close,64.2511425383096,68.35207032538716
SYNTHETIC,none,9416042,2017-07-19,2017-07-20,volatility,0.09090117828678801,0.2004756600679798
SYNTHETIC,none,9416042,2017-07-19,2017-07-20,sharpe,0.590317196204403,-1.002509100981727
SYNTHETIC,none,9416042,2017-07-20,2017-07-21,open,64.30511426186214,67.94135101601475
SYNTHETIC,none,9416042,2017-07-20,2017-07-21,close,64.23557884335507,68.5659741330344
SYNTHETIC,none,9416042,2017-07-20,2017-07-21,volatility,0.08892670273599083,0.20094292411166897
SYNTHETIC,none,9416042,2017-07-20,2017-07-21,sharpe,1.2600763929690366,-1.029936464495151
SYNTHETIC,none,9416042,2017-07-21,2017-07-24,open,64.27105305848286,68.10575836617494
SYNTHETIC,none,9416042,2017-07-21,2017-07-24,close,64.59043663694042,68.74167881624271
SYNTHETIC,none,9416042,2017-07-21,2017-07-24,volatility,0.09036316069240366,0.20086000739401738
SYNTHETIC,none,9416042,2017-07-21,2017-07-24,sharpe,1.6056136955743134,-1.0628705973708432
SYNTHETIC,none,9416042,2017-07-24,2017-07-25,open,64.47789535987688,68.1511476463681
SYNTHETIC,none,9416042,2017-07-24,2017-07-25,close,63.81535461240955,68.7691918113764
SYNTHETIC,none,9416042,2017-07-24,2017-07-25,volatility,0.09339347964277239,0.2008718526393962
SYNTHETIC,none,9416042,2017-07-24,2017-07-25,sharpe,-1.434591045964266,-1.0852261182354601
SYNTHETIC,none,9416042,2017-07-25,2017-07-26,open,63.67661076497034,68.37837504487581
SYNTHETIC,none,9416042,2017-07-25,2017-07-26,close,63.398029062303976,68.86931819891456
SYNTHETIC,none,9416042,2017-07-25,2017-07-26,volatility,0.09442381427638367,0.20018764612361847
SYNTHETIC,none,9416042,2017-07-25,2017-07-26,sharpe,-1.6032053853178805,-1.089416595749461
SYNTHETIC,none,9416042,2017-07-26,2017-07-27,open,63.543543019760016,68.28975674601526
SYNTHETIC,none,9416042,2017-07-26,2017-07-27,close,63.16715401145569,68.75406278344008
SYNTHETIC,none,9416042,2017-07-26,2017-07-27,volatility,0.0942612746083887,0.1998050815449412
SYNTHETIC,none,9416042,2017-07-26,2017-07-27,sharpe,-2.4280953457681527,-1.1521384239436752
SYNTHETIC,none,9416042,2017-07-27,2017-07-28,open,62.97076309035871,68.22130039247554
SYNTHETIC,none,9416042,2017-07-27,2017-07-28,close,63.56093604173733,68.67523438338851
SYNTHETIC,none,9416042,2017-07-27,2017-07-28,volatility,0.09681240189156318,0.19922548816149793
SYNTHETIC,none,9416042,2017-07-27,2017-07-28,sharpe,-1.915674867558252,-1.1821296606472065
SYNTHETIC,none,9416042,2017-07-28,2017-07-31,open,63.61018191921295,68.03011204378546
SYNTHETIC,none,9416042,2017-07-28,2017-07-31,close,63.93025871630451,68.48565436881515
SYNTHETIC,none,9416042,2017-07-28,2017-07-31,volatility,0.09916984485737215,0.1987777205463874
SYNTHETIC,none,9416042,2017-07-28,2017-07-31,sharpe,-1.3812211715000207,-1.2285137132727375
SYNTHETIC,none,9416042,2017-07-31,2017-08-01,open,64.09452750826084,68.08622680687402
SYNTHETIC,none,9416042,2017-07-31,2017-08-01,close,64.00107362180886,68.33837175929695
SYNTHETIC,none,9416042,2017-07-31,2017-08-01,volatility,0.09845381458019951,0.19777106434316405
SYNTHETIC,none,9416042,2017-07-31,2017-08-01,sharpe,-0.7351122186216328,-1.2188606425754696
SYNTHETIC,none,9416042,2017-08-01,2017-08-02,open,63.80909779824455,67.99046165518867
SYNTHETIC,none,9416042,2017-08-01,2017-08-02,close,63.71999661999387,68.38635536159711
SYNTHETIC,none,9416042,2017-08-01,2017-08-02,volatility,0.09920150207737544,0.19751612063327062
SYNTHETIC,none,9416042,2017-08-01,2017-08-02,sharpe,-1.5005383859447738,-1.279529861305938
SYNTHETIC,none,9416042,2017-08-02,2017-08-03,open,63.733702829308,67.86666067997152
SYNTHETIC,none,9416042,2017-08-02,2017-08-03,close,64.620249330338,68.18458002848107
SYNTHETIC,none,9416042,2017-08-02,2017-08-03,volatility,0.11152876244240727,0.19723843470249208
SYNTHETIC,none,9416042,2017-08-02,2017-08-03,sharpe,0.6057727045663504,-1.3189643678305663
SYNTHETIC,none,9416042,2017-08-03,2017-08-04,open,64.76716401153635,67.76437608796232
SYNTHETIC,none,9416042,2017-08-03,2017-08-04,close,65.46810689207878,68.09390092790167
SYNTHETIC,none,9416042,2017-08-03,2017-08-04,volatility,0.12043965070825459,0.19653000124614317
SYNTHETIC,none,9416042,2017-08-03,2017-08-04,sharpe,1.7176222764045126,-1.340842944247948
SYNTHETIC,none,9416042,2017-08-04,2017-08-07,open,65.35690892735974,67.57697005539171
SYNTHETIC,none,9416042,2017-08-04,2017-08-07,close,64.87059027936662,67.90052565889754
SYNTHETIC,none,9416042,2017-08-04,2017-08-07,volatility,0.11872275317735861,0.19635394817095692
SYNTHETIC,none,9416042,2017-08-04,2017-08-07,sharpe,-0.4219317497358934,-1.3248027463280447
SYNTHETIC,none,9416042,2017-08-07,2017-08-08,open,64.92901561014358,67.48104284692293
SYNTHETIC,none,9416042,2017-08-07,2017-08-08,close,65.30188196726495,67.71153535704784
SYNTHETIC,none,9416042,2017-08-07,2017-08-08,volatility,0.11750039568396116,0.19579718370735852
SYNTHETIC,none,9416042,2017-08-07,2017-08-08,sharpe,-0.5799248004269861,-1.3370826448679065
SYNTHETIC,none,9416042,2017-08-08,2017-08-09,open,65.42068359766904,67.49750573465522
SYNTHETIC,none,9416042,2017-08-08,2017-08-09,close,65.56898345372593,67.57318756373357
SYNTHETIC,none,9416042,2017-08-08,2017-08-09,volatility,0.1173116180830428,0.1952769791113588
SYNTHETIC,none,9416042,2017-08-08,2017-08-09,sharpe,0.3506780997194378,-1.320300949063978
SYNTHETIC,none,9416042,2017-08-09,2017-08-10,open,65.76033893478028,67.50672661695592
SYNTHETIC,none,9416042,2017-08-09,2017-08-10,close,65.38853866529412,67.45938192059741
SYNTHETIC,none,9416042,2017-08-09,2017-08-10,volatility,0.11416731849231211,0.19491501637299727
SYNTHETIC,none,9416042,2017-08-09,2017-08-10,sharpe,0.9085986022676815,-1.3080334256100907
SYNTHETIC,none,9416042,2017-08-10,2017-08-11,open,65.28601893693474,67.60839123026157
SYNTHETIC,none,9416042,2017-08-10,2017-08-11,close,65.74251753010802,67.4645660450449
SYNTHETIC,none,9416042,2017-08-10,2017-08-11,volatility,0.11172904257080937,0.19436653166005705
SYNTHETIC,none,9416042,2017-08-10,2017-08-11,sharpe,2.3553516190808454,-1.3039025931325594
SYNTHETIC,none,9416042,2017-08-11,2017-08-14,open,65.89077340672041,67.46294006348319
SYNTHETIC,none,9416042,2017-08-11,2017-08-14,close,65.6760202656827,67.30554859795214
SYNTHETIC,none,9416042,2017-08-11,2017-08-14,volatility,0.11010079366183444,0.19431099555763834
SYNTHETIC,none,9416042,2017-08-11,2017-08-14,sharpe,1.54172070741911,-1.2971496094437622
SYNTHETIC,none,9416042,2017-08-14,2017-08-15,open,65.68254923999898,67.32863215901435
SYNTHETIC,none,9416042,2017-08-14,2017-08-15,close,65.24059565213261,67.23600705923175
SYNTHETIC,none,9416042,2017-08-14,2017-08-15,volatility,0.11185824713824175,0.19421730649423513
SYNTHETIC,none,9416042,2017-08-14,2017-08-15,sharpe,1.2423970444808519,-1.31396044425827
SYNTHETIC,none,9416042,2017-08-15,2017-08-16,open,64.99268795322433,67.32339579212253
SYNTHETIC,none,9416042,2017-08-15,2017-08-16,close,65.42918018050865,67.1765173744186
SYNTHETIC,none,9416042,2017-08-15,2017-08-16,volatility,0.11216581258194151,0.1938243542964402
SYNTHETIC,none,9416042,2017-08-15,2017-08-16,sharpe,1.5030870209378877,-1.3234653736647162
SYNTHETIC,none,9416042,2017-08-16,2017-08-17,open,65.34214623511917,67.50013283865802
SYNTHETIC,none,9416042,2017-08-16,2017-08-17,close,66.04739362328394,67.1524966075302
SYNTHETIC,none,9416042,2017-08-16,2017-08-17,volatility,0.11399629036312162,0.19309864065367183
SYNTHETIC,none,9416042,2017-08-16,2017-08-17,sharpe,3.103836425803899,-1.3374515951055623
SYNTHETIC,none,9416042,2017-08-17,2017-08-18,open,65.90651416662101,67.35933374229545
SYNTHETIC,none,9416042,2017-08-17,2017-08-18,close,65.9900849113829,66.97242923850462
SYNTHETIC,none,9416042,2017-08-17,2017-08-18,volatility,0.11413762443592779,0.19289145723324258
SYNTHETIC,none,9416042,2017-08-17,2017-08-18,sharpe,3.0309467399788574,-1.3364995768636234
SYNTHETIC,none,9416042,2017-08-18,2017-08-21,open,66.00490154310857,67.73260998489287
SYNTHETIC,none,9416042,2017-08-18,2017-08-21,close,65.7809757402576,67.11355774269731
SYNTHETIC,none,9416042,2017-08-18,2017-08-21,volatility,0.11411510472461844,0.19188123011661365
SYNTHETIC,none,9416042,2017-08-18,2017-08-21,sharpe,2.0716960198507266,-1.3384882963486173
SYNTHETIC,none,9416042,2017-08-21,2017-08-22,open,65.77427188679755,67.64595420854715
SYNTHETIC,none,9416042,2017-08-21,2017-08-22,close,65.19602400896325,67.04761835348557
SYNTHETIC,none,9416042,2017-08-21,2017-08-22,volatility,0.1098973458683604,0.1918947985038179
SYNTHETIC,none,9416042,2017-08-21,2017-08-22,sharpe,2.5074923391491577,-1.3482789319550892
SYNTHETIC,none,9416042,2017-08-22,2017-08-23,open,65.21692725304655,67.56361598173403
SYNTHETIC,none,9416042,2017-08-22,2017-08-23,close,64.37521390080408,66.94161860547021
SYNTHETIC,none,9416042,2017-08-22,2017-08-23,volatility,0.11731886720070622,0.19189948566633055
SYNTHETIC,none,9416042,2017-08-22,2017-08-23,sharpe,1.6990699493511432,-1.3545945426925
SYNTHETIC,none,9416042,2017-08-23,2017-08-24,open,64.44356677781212,68.12745464728008
SYNTHETIC,none,9416042,2017-08-23,2017-08-24,close,63.945499977810435,67.40743966739392
SYNTHETIC,none,9416042,2017-08-23,2017-08-24,volatility,0.11931615356508354,0.19087220594805154
SYNTHETIC,none,9416042,2017-08-23,2017-08-24,sharpe,1.3502885783895306,-1.3599158296615008
SYNTHETIC,none,9416042,2017-08-24,2017-08-25,open,63.87651384428869,68.06766015447623
SYNTHETIC,none,9416042,2017-08-24,2017-08-25,close,63.19060867221463,67.40819723285759
SYNTHETIC,none,9416042,2017-08-24,2017-08-25,volatility,0.12513766198222068,0.1910149286918906
SYNTHETIC,none,9416042,2017-08-24,2017-08-25,sharpe,-0.5288787670909499,-1.3743631669512428
SYNTHETIC,none,9416042,2017-08-25,2017-08-28,open,63.04323940637603,68.21442859015471
SYNTHETIC,none,9416042,2017-08-25,2017-08-28,close,62.80315053736687,67.53274693677564
SYNTHETIC,none,9416042,2017-08-25,2017-08-28,volatility,0.12462950688007754,0.1908332347656342
SYNTHETIC,none,9416042,2017-08-25,2017-08-28,sharpe,-1.738378063601369,-1.3739968787960348
SYNTHETIC,none,9416042,2017-08-28,2017-08-29,open,62.91360005580229,68.11454660146669
SYNTHETIC,none,9416042,2017-08-28,2017-08-29,close,63.35261813063501,67.53110554493767
SYNTHETIC,none,9416042,2017-08-28,2017-08-29,volatility,0.12910082485825058,0.19092315784297234
SYNTHETIC,none,9416042,2017-08-28,2017-08-29,sharpe,-0.9323885173195089,-1.4083339291218158
SYNTHETIC,none,9416042,2017-08-29,2017-08-30,open,63.231806723559366,68.03567847128205
SYNTHETIC,none,9416042,2017-08-29,2017-08-30,close,63.01889364240252,67.515698742998
SYNTHETIC,none,9416042,2017-08-29,2017-08-30,volatility,0.12948992505088214,0.1909093564523137
SYNTHETIC,none,9416042,2017-08-29,2017-08-30,sharpe,-1.0148234960872529,-1.4138118472662022
SYNTHETIC,none,9416042,2017-08-30,2017-08-31,open,62.93797602941491,67.9708795460654
SYNTHETIC,none,9416042,2017-08-30,2017-08-31,close,62.99585322569132,67.48031597957696
SYNTHETIC,none,9416042,2017-08-30,2017-08-31,volatility,0.11739755512886804,0.1907215502493934
SYNTHETIC,none,9416042,2017-08-30,2017-08-31,sharpe,-2.6749466972271607,-1.4484974145481466
SYNTHETIC,none,9416042,2017-08-31,2017-09-01,open,62.84762013400137,67.84064684933378
SYNTHETIC,none,9416042,2017-08-31,2017-09-01,close,62.44788000598079,67.38292128397546
SYNTHETIC,none,9416042,2017-08-31,2017-09-01,volatility,0.10707713321590141,0.1904351944226377
SYNTHETIC,none,9416042,2017-08-31,2017-09-01,sharpe,-5.500276491054273,-1.4607019833495476
SYNTHETIC,none,9416042,2017-09-01,2017-09-04,open,62.32841437532842,67.7715556494957
SYNTHETIC,none,9416042,2017-09-01,2017-09-04,close,62.36906886251994,67.31909565094962
SYNTHETIC,none,9416042,2017-09-01,2017-09-04,volatility,0.1040595384534047,0.19005941403756255
SYNTHETIC,none,9416042,2017-09-01,2017-09-04,sharpe,-4.7074714280429415,-1.471339377019002
SYNTHETIC,none,9416042,2017-09-04,2017-09-05,open,62.38554874683944,67.99862991177687
SYNTHETIC,none,9416042,2017-09-04,2017-09-05,close,62.130604352920514,67.36135740586533
SYNTHETIC,none,9416042,2017-09-04,2017-09-05,volatility,0.09911264588357205,0.18937767302345335
SYNTHETIC,none,9416042,2017-09-04,2017-09-05,sharpe,-6.273706875058753,-1.4762285432533377
SYNTHETIC,none,9416042,2017-09-05,2017-09-06,open,62.01987567931899,67.82272247703175
SYNTHETIC,none,9416042,2017-09-05,2017-09-06,close,62.2184645145487,67.18615182460957
SYNTHETIC,none,9416042,2017-09-05,2017-09-06,volatility,0.09720099541051173,0.18929294646501654
SYNTHETIC,none,9416042,2017-09-05,2017-09-06,sharpe,-6.743994814333182,-1.4521569145360358
SYNTHETIC,none,9416043,2017-03-16,2017-03-17,open,62.14574869322754,59.49429553707176
SYNTHETIC,none,9416043,2017-03-16,2017-03-17,close,61.13461383615121,60.57735085360889
SYNTHETIC,none,9416043,2017-03-16,2017-03-17,volatility,0.1410760593356886,0.18104529025959676
SYNTHETIC,none,9416043,2017-03-16,2017-03-17,sharpe,-1.0618686379435445,-2.3776417342741984
SYNTHETIC,none,9416043,2017-03-17,2017-03-20,open,60.860472767474135,59.3389806434223
SYNTHETIC,none,9416043,2017-03-17,2017-03-20,close,61.67406672432166,60.283082727631395
SYNTHETIC,none,9416043,2017-03-17,2017-03-20,volatility,0.1440932956408077,0.18133135886356067
SYNTHETIC,none,9416043,2017-03-17,2017-03-20,sharpe,-0.6331670365419388,-2.4169433352160303
SYNTHETIC,none,9416043,2017-03-20,2017-03-21,open,61.78272517710395,59.31429280020343
SYNTHETIC,none,9416043,2017-03-20,2017-03-21,close,62.68088389663312,60.170096855385054
SYNTHETIC,none,9416043,2017-03-20,2017-03-21,volatility,0.1539925925536921,0.1814783428726312
SYNTHETIC,none,9416043,2017-03-20,2017-03-21,sharpe,1.2297003566534872,-2.439762893309657
SYNTHETIC,none,9416043,2017-03-21,2017-03-22,open,62.628642849637124,59.15626361946197
SYNTHETIC,none,9416043,2017-03-21,2017-03-22,close,62.90049087641083,60.036473846162494
SYNTHETIC,none,9416043,2017-03-21,2017-03-22,volatility,0.14826135006958246,0.1819927946375295
SYNTHETIC,none,9416043,2017-03-21,2017-03-22,sharpe,2.4736502800298408,-2.4512671993647643
SYNTHETIC,none,9416043,2017-03-22,2017-03-23,open,62.59532750248797,59.00852015822704
SYNTHETIC,none,9416043,2017-03-22,2017-03-23,close,63.46605058088946,59.8858993764891
SYNTHETIC,none,9416043,2017-03-22,2017-03-23,volatility,0.15006535777760927,0.18258775237530248
SYNTHETIC,none,9416043,2017-03-22,2017-03-23,sharpe,2.7453575575882097,-2.4550635964878555
SYNTHETIC,none,9416043,2017-03-23,2017-03-24,open,63.635729286122896,58.81378196414386
SYNTHETIC,none,9416043,2017-03-23,2017-03-24,close,62.81728809096633,59.786266789841136
SYNTHETIC,none,9416043,2017-03-23,2017-03-24,volatility,0.15454431497156695,0.1828914641642348
SYNTHETIC,none,9416043,2017-03-23,2017-03-24,sharpe,1.3019171085877912,-2.4801901131243
SYNTHETIC,none,9416043,2017-03-24,2017-03-27,open,62.80298439091001,58.83195128553554
SYNTHETIC,none,9416043,2017-03-24,2017-03-27,close,62.0066788327715,59.77393700865915
SYNTHETIC,none,9416043,2017-03-24,2017-03-27,volatility,0.16062203521632068,0.18309932354129624
SYNTHETIC,none,9416043,2017-03-24,2017-03-27,sharpe,-0.22006875029224,-2.4735090903670978
SYNTHETIC,none,9416043,2017-03-27,2017-03-28,open,62.13677974721369,59.023356144593464
SYNTHETIC,none,9416043,2017-03-27,2017-03-28,close,62.30196687279867,59.941714837538726
SYNTHETIC,none,9416043,2017-03-27,2017-03-28,volatility,0.15928401272883191,0.18309928487553911
SYNTHETIC,none,9416043,2017-03-27,2017-03-28,sharpe,-0.42593820900769885,-2.4877771773478305
SYNTHETIC,none,9416043,2017-03-28,2017-03-29,open,62.559838588582174,59.13196731083337
SYNTHETIC,none,9416043,2017-03-28,2017-03-29,close,62.374512173732064,59.97073887728453
SYNTHETIC,none,9416043,2017-03-28,2017-03-29,volatility,0.15891927025540878,0.18319000247486603
SYNTHETIC,none,9416043,2017-03-28,2017-03-29,sharpe,-0.5718576897972618,-2.4724308543739055
SYNTHETIC,none,9416043,2017-03-29,2017-03-30,open,62.24105462291542,58.94682965072374
SYNTHETIC,none,9416043,2017-03-29,2017-03-30,close,61.66556845498005,59.77462111264731
SYNTHETIC,none,9416043,2017-03-29,2017-03-30,volatility,0.16196342481796588,0.18353362892486097
SYNTHETIC,none,9416043,2017-03-29,2017-03-30,sharpe,-0.8862391481359831,-2.481703390068041
SYNTHETIC,none,9416043,2017-03-30,2017-03-31,open,61.793060081177195,58.86952273317746
SYNTHETIC,none,9416043,2017-03-30,2017-03-31,close,61.824534893967666,59.71118505135747
SYNTHETIC,none,9416043,2017-03-30,2017-03-31,volatility,0.16230191244487793,0.18375669554419302
SYNTHETIC,none,9416043,2017-03-30,2017-03-31,sharpe,-0.5701035650693733,-2.4942699908994763
SYNTHETIC,none,9416043,2017-03-31,2017-04-03,open,62.105344809506484,58.93565239637314
SYNTHETIC,none,9416043,2017-03-31,2017-04-03,close,62.22245804545226,59.790952106690284
SYNTHETIC,none,9416043,2017-03-31,2017-04-03,volatility,0.15795185769096753,0.1840502305058545
SYNTHETIC,none,9416043,2017-03-31,2017-04-03,sharpe,0.8817234187604266,-2.482474078114682
SYNTHETIC,none,9416043,2017-04-03,2017-04-04,open,62.04069323810967,58.958710609135224
SYNTHETIC,none,9416043,2017-04-03,2017-04-04,close,61.65912532926912,59.778333304831136
SYNTHETIC,none,9416043,2017-04-03,2017-04-04,volatility,0.15448485027083345,0.1841529654224906
SYNTHETIC,none,9416043,2017-04-03,2017-04-04,sharpe,-0.8811188618567111,-2.481979018849949
SYNTHETIC,none,9416043,2017-04-04,2017-04-05,open,61.90820414301495,58.83805975424454
SYNTHETIC,none,9416043,2017-04-04,2017-04-05,close,61.73067899895814,59.56159431261278
SYNTHETIC,none,9416043,2017-04-04,2017-04-05,volatility,0.14646124269916913,0.18396972453297983
SYNTHETIC,none,9416043,2017-04-04,2017-04-05,sharpe,-1.931403775721595,-2.532866321553273
SYNTHETIC,none,9416043,2017-04-05,2017-04-06,open,61.48206461527924,58.68530570845576
SYNTHETIC,none,9416043,2017-04-05,2017-04-06,close,60.96743873766739,59.32057228038054
SYNTHETIC,none,9416043,2017-04-05,2017-04-06,volatility,0.14854494567131532,0.1842816527952976
SYNTHETIC,none,9416043,2017-04-05,2017-04-06,sharpe,-3.5245636273021437,-2.5442928682625254
SYNTHETIC,none,9416043,2017-04-06,2017-04-07,open,60.72156009727457,58.519527846532554
SYNTHETIC,none,9416043,2017-04-06,2017-04-07,close,60.43841499708744,59.13075993932413
SYNTHETIC,none,9416043,2017-04-06,2017-04-07,volatility,0.14538145778938452,0.18420531112446348
SYNTHETIC,none,9416043,2017-04-06,2017-04-07,sharpe,-3.2525393892244194,-2.5873600123593246
SYNTHETIC,none,9416043,2017-04-07,2017-04-10,open,60.15406010770085,58.37982671742208
SYNTHETIC,none,9416043,2017-04-07,2017-04-10,close,59.1056311469176,58.853841008674316
SYNTHETIC,none,9416043,2017-04-07,2017-04-10,volatility,0.1602433497131388,0.18390632042447405
SYNTHETIC,none,9416043,2017-04-07,2017-04-10,sharpe,-3.945828226567272,-2.6439225351899216
SYNTHETIC,none,9416043,2017-04-10,2017-04-11,open,58.96187540011791,58.304906044473256
SYNTHETIC,none,9416043,2017-04-10,2017-04-11,close,59.9807934690439,58.75227808209077
SYNTHETIC,none,9416043,2017-04-10,2017-04-11,volatility,0.17098199421169888,0.18359698276788253
SYNTHETIC,none,9416043,2017-04-10,2017-04-11,sharpe,-2.782552039025076,-2.696095860669387
SYNTHETIC,none,9416043,2017-04-11,2017-04-12,open,60.046030232985636,58.15003294998985
SYNTHETIC,none,9416043,2017-04-11,2017-04-12,close,61.1513381219161,58.67668193983305
SYNTHETIC,none,9416043,2017-04-11,2017-04-12,volatility,0.18713729088869197,0.18371738793551698
SYNTHETIC,none,9416043,2017-04-11,2017-04-12,sharpe,-1.1880168529454327,-2.708007843143791
SYNTHETIC,none,9416043,2017-04-12,2017-04-13,open,60.9599105398329,57.8991571612748
SYNTHETIC,none,9416043,2017-04-12,2017-04-13,close,60.21231019866447,58.51996909522712
SYNTHETIC,none,9416043,2017-04-12,2017-04-13,volatility,0.19403039535615063,0.1840552415879757
SYNTHETIC,none,9416043,2017-04-12,2017-04-13,sharpe,-2.1161704560834154,-2.694468240389015
SYNTHETIC,none,9416043,2017-04-13,2017-04-14,open,60.09042814891499,57.57214112227232
SYNTHETIC,none,9416043,2017-04-13,2017-04-14,close,59.77443076638834,58.13508900960835
SYNTHETIC,none,9416043,2017-04-13,2017-04-14,volatility,0.18476304079673786,0.18428291716555503
SYNTHETIC,none,9416043,2017-04-13,2017-04-14,sharpe,-1.4457409061051967,-2.7430026341755656
SYNTHETIC,none,9416043,2017-04-14,2017-04-17,open,59.10590656015541,57.57078397872632
SYNTHETIC,none,9416043,2017-04-14,2017-04-17,close,58.58674235797592,58.191437435392935
SYNTHETIC,none,9416043,2017-04-14,2017-04-17,volatility,0.1923230012777236,0.18442942945238885
SYNTHETIC,none,9416043,2017-04-14,2017-04-17,sharpe,-3.268760754165303,-2.7317104491513104
SYNTHETIC,none,9416043,2017-04-17,2017-04-18,open,58.36057280275027,57.55078132307074
SYNTHETIC,none,9416043,2017-04-17,2017-04-18,close,57.6941084221859,58.23580343512131
SYNTHETIC,none,9416043,2017-04-17,2017-04-18,volatility,0.18380238512307356,0.1846050145219922
SYNTHETIC,none,9416043,2017-04-17,2017-04-18,sharpe,-5.5838524313137645,-2.746515946141119
SYNTHETIC,none,9416043,2017-04-18,2017-04-19,open,57.76591581742588,57.60903002988526
SYNTHETIC,none,9416043,2017-04-18,2017-04-19,close,57.6770798895428,58.22905254847845
SYNTHETIC,none,9416043,2017-04-18,2017-04-19,volatility,0.18221334984541931,0.184590163004687
SYNTHETIC,none,9416043,2017-04-18,2017-04-19,sharpe,-5.895228404550771,-2.745076681989961
SYNTHETIC,none,9416043,2017-04-19,2017-04-20,open,57.65836802312869,57.6579771446769
SYNTHETIC,none,9416043,2017-04-19,2017-04-20,close,57.24504241243176,58.275192445757526
SYNTHETIC,none,9416043,2017-04-19,2017-04-20,volatility,0.17558427050054995,0.18462209318690684
SYNTHETIC,none,9416043,2017-04-19,2017-04-20,sharpe,-7.300552002645455,-2.789736258151105
SYNTHETIC,none,9416043,2017-04-20,2017-04-21,open,57.10409049692494,57.72388194003358
SYNTHETIC,none,9416043,2017-04-20,2017-04-21,close,57.17906704012482,58.35471555703255
SYNTHETIC,none,9416043,2017-04-20,2017-04-21,volatility,0.1750165419552037,0.18445190585699575
SYNTHETIC,none,9416043,2017-04-20,2017-04-21,sharpe,-6.671278041817694,-2.8143619120383354
SYNTHETIC,none,9416043,2017-04-21,2017-04-24,open,57.3692224160544,57.66092688162386
SYNTHETIC,none,9416043,2017-04-21,2017-04-24,close,57.59328783397311,58.312492022507406
SYNTHETIC,none,9416043,2017-04-21,2017-04-24,volatility,0.17698974017522484,0.184709504864001
SYNTHETIC,none,9416043,2017-04-21,2017-04-24,sharpe,-5.16251825915362,-2.8242749246874457
SYNTHETIC,none,9416043,2017-04-24,2017-04-25,open,57.73927081120945,57.50016224975849
SYNTHETIC,none,9416043,2017-04-24,2017-04-25,close,59.160052335914784,58.236060637008336
SYNTHETIC,none,9416043,2017-04-24,2017-04-25,volatility,0.2065538793160258,0.18521842742563288
SYNTHETIC,none,9416043,2017-04-24,2017-04-25,sharpe,-3.054635312280358,-2.8160127462566296
SYNTHETIC,none,9416043,2017-04-25,2017-04-26,open,59.292931914460794,57.506029977604555
SYNTHETIC,none,9416043,2017-04-25,2017-04-26,close,58.84558906430088,58.29604170800138
SYNTHETIC,none,9416043,2017-04-25,2017-04-26,volatility,0.20630814896039945,0.1858557744329234
SYNTHETIC,none,9416043,2017-04-25,2017-04-26,sharpe,-3.454023868038524,-2.7492039879211823
SYNTHETIC,none,9416043,2017-04-26,2017-04-27,open,58.919269811135806,57.410045801900836
SYNTHETIC,none,9416043,2017-04-26,2017-04-27,close,60.96714363389763,58.19295413105661
SYNTHETIC,none,9416043,2017-04-26,2017-04-27,volatility,0.2452651897277174,0.18633108098532553
SYNTHETIC,none,9416043,2017-04-26,2017-04-27,sharpe,-0.469353379146229,-2.715716707079583
SYNTHETIC,none,9416043,2017-04-27,2017-04-28,open,60.92039968585204,57.45510138032567
SYNTHETIC,none,9416043,2017-04-27,2017-04-28,close,61.906523236629575,58.413848126955
SYNTHETIC,none,9416043,2017-04-27,2017-04-28,volatility,0.2515192310804749,0.18703422164491113
SYNTHETIC,none,9416043,2017-04-27,2017-04-28,sharpe,0.18504756846875328,-2.623274986259484
SYNTHETIC,none,9416043,2017-04-28,2017-05-01,open,61.76994877744675,57.645061794205986
SYNTHETIC,none,9416043,2017-04-28,2017-05-01,close,63.78727624868715,58.83166861507351
SYNTHETIC,none,9416043,2017-04-28,2017-05-01,volatility,0.27286727599098265,0.1874934161763263
SYNTHETIC,none,9416043,2017-04-28,2017-05-01,sharpe,1.2762246310773426,-2.552471667517578
SYNTHETIC,none,9416043,2017-05-01,2017-05-02,open,63.88910248990862,57.65215174489465
SYNTHETIC,none,9416043,2017-05-01,2017-05-02,close,63.177185523966564,59.12917960608016
SYNTHETIC,none,9416043,2017-05-01,2017-05-02,volatility,0.27313233443478807,0.18840917596767334
SYNTHETIC,none,9416043,2017-05-01,2017-05-02,sharpe,1.2514161357139157,-2.4429839006581493
SYNTHETIC,none,9416043,2017-05-02,2017-05-03,open,63.50457469005281,57.65863058416201
SYNTHETIC,none,9416043,2017-05-02,2017-05-03,close,65.28785163391485,59.10628068343766
SYNTHETIC,none,9416043,2017-05-02,2017-05-03,volatility,0.2958665812700981,0.18865175719461783
SYNTHETIC,none,9416043,2017-05-02,2017-05-03,sharpe,2.5286045459104733,-2.4598817741886547
SYNTHETIC,none,9416043,2017-05-03,2017-05-04,open,65.21101246561399,57.674241703197
SYNTHETIC,none,9416043,2017-05-03,2017-05-04,close,66.76328801120691,59.228006116711065
SYNTHETIC,none,9416043,2017-05-03,2017-05-04,volatility,0.2978576134068155,0.18931917456121128
SYNTHETIC,none,9416043,2017-05-03,2017-05-04,sharpe,3.9907091075849337,-2.406695630474603
SYNTHETIC,none,9416043,2017-05-04,2017-05-05,open,66.39896478300794,57.66205386632288
SYNTHETIC,none,9416043,2017-05-04,2017-05-05,close,67.86895178712845,59.326103446734436
SYNTHETIC,none,9416043,2017-05-04,2017-05-05,volatility,0.2962733510277079,0.18944254539241595
SYNTHETIC,none,9416043,2017-05-04,2017-05-05,sharpe,5.085382228946306,-2.3852404789285186
SYNTHETIC,none,9416043,2017-05-05,2017-05-08,open,67.74268502562491,57.771971911533
SYNTHETIC,none,9416043,2017-05-05,2017-05-08,close,68.76715393744648,59.394489981457994
SYNTHETIC,none,9416043,2017-05-05,2017-05-08,volatility,0.277901465926641,0.18934598539719
SYNTHETIC,none,9416043,2017-05-05,2017-05-08,sharpe,7.021447387694577,-2.3666622027936004
SYNTHETIC,none,9416043,2017-05-08,2017-05-09,open,68.59864196212297,57.83148516925394
SYNTHETIC,none,9416043,2017-05-08,2017-05-09,close,68.73844212777394,59.53181987973268
SYNTHETIC,none,9416043,2017-05-08,2017-05-09,volatility,0.27802344622345143,0.18950653335385406
SYNTHETIC,none,9416043,2017-05-08,2017-05-09,sharpe,6.328403999598374,-2.323308006600504
SYNTHETIC,none,9416043,2017-05-09,2017-05-10,open,68.62107025823283,57.83395606997901
SYNTHETIC,none,9416043,2017-05-09,2017-05-10,close,68.3397784275233,59.500608298164266
SYNTHETIC,none,9416043,2017-05-09,2017-05-10,volatility,0.2774083632567106,0.18967650802210104
SYNTHETIC,none,9416043,2017-05-09,2017-05-10,sharpe,5.192616090123128,-2.332299697722882
SYNTHETIC,none,9416043,2017-05-10,2017-05-11,open,68.40824481524946,58.038173104852305
SYNTHETIC,none,9416043,2017-05-10,2017-05-11,close,68.05704379806608,59.614413504256895
SYNTHETIC,none,9416043,2017-05-10,2017-05-11,volatility,0.2688315919879854,0.18954716333142319
SYNTHETIC,none,9416043,2017-05-10,2017-05-11,sharpe,5.884091414226732,-2.335215654827005
SYNTHETIC,none,9416043,2017-05-11,2017-05-12,open,68.14738016661333,58.038270988499875
SYNTHETIC,none,9416043,2017-05-11,2017-05-12,close,67.27541071909953,59.53746771498378
SYNTHETIC,none,9416043,2017-05-11,2017-05-12,volatility,0.27204438324935354,0.19004957844613377
SYNTHETIC,none,9416043,2017-05-11,2017-05-12,sharpe,5.619485589935247,-2.3153579307496286
SYNTHETIC,none,9416043,2017-05-12,2017-05-15,open,67.27807347801382,58.02579214618703
SYNTHETIC,none,9416043,2017-05-12,2017-05-15,close,67.1344823940998,59.43061226297243
SYNTHETIC,none,9416043,2017-05-12,2017-05-15,volatility,0.2564376079881213,0.18980308424456996
SYNTHETIC,none,9416043,2017-05-12,2017-05-15,sharpe,6.834843137140886,-2.3680913292123744
SYNTHETIC,none,9416043,2017-05-15,2017-05-16,open,67.19268843620321,57.88954869078927
SYNTHETIC,none,9416043,2017-05-15,2017-05-16,close,67.8442789784387,59.350298985075426
SYNTHETIC,none,9416043,2017-05-15,2017-05-16,volatility,0.24281802211709497,0.1900609655116021
SYNTHETIC,none,9416043,2017-05-15,2017-05-16,sharpe,8.55744771036645,-2.384533555749334
SYNTHETIC,none,9416043,2017-05-16,2017-05-17,open,67.68895026025807,58.12461759317419
SYNTHETIC,none,9416043,2017-05-16,2017-05-17,close,67.08162258409236,59.71749577806997
SYNTHETIC,none,9416043,2017-05-16,2017-05-17,volatility,0.25089879172014606,0.19002677338259144
SYNTHETIC,none,9416043,2017-05-16,2017-05-17,sharpe,7.732127077752926,-2.356331780032869
SYNTHETIC,none,9416043,2017-05-17,2017-05-18,open,66.81130193112357,58.19401180829145
SYNTHETIC,none,9416043,2017-05-17,2017-05-18,close,65.70897147989811,59.78458039396334
SYNTHETIC,none,9416043,2017-05-17,2017-05-18,volatility,0.2651354180186175,0.19007185765537943
SYNTHETIC,none,9416043,2017-05-17,2017-05-18,sharpe,6.700489096384829,-2.3688978299005883
SYNTHETIC,none,9416043,2017-05-18,2017-05-19,open,65.82055476952429,58.48154634577244
SYNTHETIC,none,9416043,2017-05-18,2017-05-19,close,66.8805440116283,59.93995419781726
SYNTHETIC,none,9416043,2017-05-18,2017-05-19,volatility,0.2659075276584204,0.1900078619607899
SYNTHETIC,none,9416043,2017-05-18,2017-05-19,sharpe,7.580503879341763,-2.3532810939346045
SYNTHETIC,none,9416043,2017-05-19,2017-05-22,open,66.65315379861003,58.55504638307956
SYNTHETIC,none,9416043,2017-05-19,2017-05-22,close,65.03060301411351,60.03857388631221
SYNTHETIC,none,9416043,2017-05-19,2017-05-22,volatility,0.29454455577565813,0.19027644977596525
SYNTHETIC,none,9416043,2017-05-19,2017-05-22,sharpe,5.350343203300052,-2.320354069730857
SYNTHETIC,none,9416043,2017-05-22,2017-05-23,open,64.94892919314492,58.6651628410888
SYNTHETIC,none,9416043,2017-05-22,2017-05-23,close,66.1724857221551,60.00028262393607
SYNTHETIC,none,9416043,2017-05-22,2017-05-23,volatility,0.2873475775318095,0.19037421614281297
SYNTHETIC,none,9416043,2017-05-22,2017-05-23,sharpe,5.061431879426129,-2.3308367421319147
SYNTHETIC,none,9416043,2017-05-23,2017-05-24,open,66.00357872919457,58.87267881943551
SYNTHETIC,none,9416043,2017-05-23,2017-05-24,close,66.5875622342459,60.1760204534841
SYNTHETIC,none,9416043,2017-05-23,2017-05-24,volatility,0.2843459604359226,0.19071855017616296
SYNTHETIC,none,9416043,2017-05-23,2017-05-24,sharpe,5.628356354742491,-2.2407733480213774
SYNTHETIC,none,9416043,2017-05-24,2017-05-25,open,66.67459410241493,58.91886138255937
SYNTHETIC,none,9416043,2017-05-24,2017-05-25,close,64.54971858637897,60.28935102929037
SYNTHETIC,none,9416043,2017-05-24,2017-05-25,volatility,0.2903757073031983,0.19087834801713913
SYNTHETIC,none,9416043,2017-05-24,2017-05-25,sharpe,2.61910256425512,-2.2272467847412254
SYNTHETIC,none,9416043,2017-05-25,2017-05-26,open,64.55013799734384,58.892702639123
SYNTHETIC,none,9416043,2017-05-25,2017-05-26,close,65.1520431525353,60.120963340266314
SYNTHETIC,none,9416043,2017-05-25,2017-05-26,volatility,0.28772578890732414,0.19071647769158198
SYNTHETIC,none,9416043,2017-05-25,2017-05-26,sharpe,2.3771111400458467,-2.240973458043211
SYNTHETIC,none,9416043,2017-05-26,2017-05-29,open,64.9572720664831,58.73780044409572
SYNTHETIC,none,9416043,2017-05-26,2017-05-29,close,64.36418216535489,59.968023673858646
SYNTHETIC,none,9416043,2017-05-26,2017-05-29,volatility,0.2726638984176322,0.1910966664814983
SYNTHETIC,none,9416043,2017-05-26,2017-05-29,sharpe,0.5457050973520534,-2.2365391183982406
SYNTHETIC,none,9416043,2017-05-29,2017-05-30,open,64.5023610164954,58.64195383459939
SYNTHETIC,none,9416043,2017-05-29,2017-05-30,close,64.96268767706059,59.82604823222249
SYNTHETIC,none,9416043,2017-05-29,2017-05-30,volatility,0.2715652983893232,0.19103828505484086
SYNTHETIC,none,9416043,2017-05-29,2017-05-30,sharpe,1.4231211455695405,-2.267485721888483
SYNTHETIC,none,9416043,2017-05-30,2017-05-31,open,64.70003222775243,58.436742090226495
SYNTHETIC,none,9416043,2017-05-30,2017-05-31,close,65.97459987296278,59.66326065026431
SYNTHETIC,none,9416043,2017-05-30,2017-05-31,volatility,0.2503534792898585,0.19123715077679898
SYNTHETIC,none,9416043,2017-05-30,2017-05-31,sharpe,0.6462420885064433,-2.2774304700476637
SYNTHETIC,none,9416043,2017-05-31,2017-06-01,open,66.0031527595436,58.3700039611135
SYNTHETIC,none,9416043,2017-05-31,2017-06-01,close,67.14781894266562,59.740275380249415
SYNTHETIC,none,9416043,2017-05-31,2017-06-01,volatility,0.24528365268038604,0.19140979338228642
SYNTHETIC,none,9416043,2017-05-31,2017-06-01,sharpe,0.4122031834782254,-2.250935396270346
SYNTHETIC,none,9416043,2017-06-01,2017-06-02,open,67.30638456864162,58.356876970323526
SYNTHETIC,none,9416043,2017-06-01,2017-06-02,close,67.85250283800886,59.761434875697205
SYNTHETIC,none,9416043,2017-06-01,2017-06-02,volatility,0.24088865130249584,0.19179338475882823
SYNTHETIC,none,9416043,2017-06-01,2017-06-02,sharpe,0.10241073487964168,-2.213353867320515
SYNTHETIC,none,9416043,2017-06-02,2017-06-05,open,67.62304826506683,58.4341627238379
SYNTHETIC,none,9416043,2017-06-02,2017-06-05,close,67.97901447708134,60.02038944774316
SYNTHETIC,none,9416043,2017-06-02,2017-06-05,volatility,0.2359962444084572,0.19201009472769173
SYNTHETIC,none,9416043,2017-06-02,2017-06-05,sharpe,-0.502510258248657,-2.1515743792511155
SYNTHETIC,none,9416043,2017-06-05,2017-06-06,open,67.83008330832791,58.39092196114903
SYNTHETIC,none,9416043,2017-06-05,2017-06-06,close,67.12594673684147,60.01131313785372
SYNTHETIC,none,9416043,2017-06-05,2017-06-06,volatility,0.2398572913603607,0.19176906013103157
SYNTHETIC,none,9416043,2017-06-05,2017-06-06,sharpe,-1.1317020384334715,-2.1679205177159173
SYNTHETIC,none,9416043,2017-06-06,2017-06-07,open,66.98566994152763,58.351448396139524
SYNTHETIC,none,9416043,2017-06-06,2017-06-07,close,67.36017321996086,60.01600110626872
SYNTHETIC,none,9416043,2017-06-06,2017-06-07,volatility,0.23969788536252798,0.19131369737614579
SYNTHETIC,none,9416043,2017-06-06,2017-06-07,sharpe,-0.644163386040812,-2.2043679796826177
SYNTHETIC,none,9416043,2017-06-07,2017-06-08,open,67.412297050308,58.24953564599801
SYNTHETIC,none,9416043,2017-06-07,2017-06-08,close,66.81975175290479,59.91788786685027
SYNTHETIC,none,9416043,2017-06-07,2017-06-08,volatility,0.2408497321229481,0.19126569770527185
SYNTHETIC,none,9416043,2017-06-07,2017-06-08,sharpe,-0.844360870452939,-2.2045888059401912
SYNTHETIC,none,9416043,2017-06-08,2017-06-09,open,66.60843041690107,58.547837384711414
SYNTHETIC,none,9416043,2017-06-08,2017-06-09,close,66.45302027632191,60.195748103375266
SYNTHETIC,none,9416043,2017-06-08,2017-06-09,volatility,0.2382502034214412,0.19083810083056535
SYNTHETIC,none,9416043,2017-06-08,2017-06-09,sharpe,-0.5364399456054292,-2.1994398296240054
SYNTHETIC,none,9416043,2017-06-09,2017-06-12,open,66.27382120418025,58.73545652756208
SYNTHETIC,none,9416043,2017-06-09,2017-06-12,close,65.91655641283641,60.465741144036414
SYNTHETIC,none,9416043,2017-06-09,2017-06-12,volatility,0.23971900653320152,0.1903535840948201
SYNTHETIC,none,9416043,2017-06-09,2017-06-12,sharpe,-0.847367640463747,-2.204097199381415
SYNTHETIC,none,9416043,2017-06-12,2017-06-13,open,65.82698593755693,58.660512045077354
SYNTHETIC,none,9416043,2017-06-12,2017-06-13,close,66.01419214650804,60.403434649796786
SYNTHETIC,none,9416043,2017-06-12,2017-06-13,volatility,0.23614083045058742,0.19030019055082958
SYNTHETIC,none,9416043,2017-06-12,2017-06-13,sharpe,-1.3453146775373954,-2.242277148389195
SYNTHETIC,none,9416043,2017-06-13,2017-06-14,open,65.69011726333235,58.674448560087754
SYNTHETIC,none,9416043,2017-06-13,2017-06-14,close,65.21174992902316,60.416013678168255
SYNTHETIC,none,9416043,2017-06-13,2017-06-14,volatility,0.23667507641615937,0.19032412465447948
SYNTHETIC,none,9416043,2017-06-13,2017-06-14,sharpe,-1.3909542495069795,-2.23734069714392
SYNTHETIC,none,9416043,2017-06-14,2017-06-15,open,65.31925174851139,58.57948554892352
SYNTHETIC,none,9416043,2017-06-14,2017-06-15,close,65.06286644812359,60.34243537751904
SYNTHETIC,none,9416043,2017-06-14,2017-06-15,volatility,0.22570248966550677,0.19029385709981528
SYNTHETIC,none,9416043,2017-06-14,2017-06-15,sharpe,-0.443702325147858,-2.2695588146991033
SYNTHETIC,none,9416043,2017-06-15,2017-06-16,open,65.2236350410095,58.638427377782975
SYNTHETIC,none,9416043,2017-06-15,2017-06-16,close,64.92833015203279,60.47858002586075
SYNTHETIC,none,9416043,2017-06-15,2017-06-16,volatility,0.21519683677004814,0.19036555887979645
SYNTHETIC,none,9416043,2017-06-15,2017-06-16,sharpe,-1.6303833055092942,-2.245452315556474
SYNTHETIC,none,9416043,2017-06-16,2017-06-19,open,65.07789105160906,58.496678628585556
SYNTHETIC,none,9416043,2017-06-16,2017-06-19,close,65.48212700376725,60.248270319644675
SYNTHETIC,none,9416043,2017-06-16,2017-06-19,volatility,0.19389429776124265,0.19032687378980986
SYNTHETIC,none,9416043,2017-06-16,2017-06-19,sharpe,0.5422402656729878,-2.302060347990054
SYNTHETIC,none,9416043,2017-06-19,2017-06-20,open,65.47654175549638,58.580144279416615
SYNTHETIC,none,9416043,2017-06-19,2017-06-20,close,65.11898651932582,60.21253781830953
SYNTHETIC,none,9416043,2017-06-19,2017-06-20,volatility,0.18388918683413685,0.1902159223997883
SYNTHETIC,none,9416043,2017-06-19,2017-06-20,sharpe,-1.0113874117985564,-2.2952243575048574
SYNTHETIC,none,9416043,2017-06-20,2017-06-21,open,64.99648146407716,58.49372624613461
SYNTHETIC,none,9416043,2017-06-20,2017-06-21,close,64.55336570027487,60.08737860726609
SYNTHETIC,none,9416043,2017-06-20,2017-06-21,volatility,0.18399129063489555,0.19012006612134175
SYNTHETIC,none,9416043,2017-06-20,2017-06-21,sharpe,-2.0352138000568814,-2.306027066363373
SYNTHETIC,none,9416043,2017-06-21,2017-06-22,open,64.53575729115195,58.36112564972875
SYNTHETIC,none,9416043,2017-06-21,2017-06-22,close,63.99801613338989,59.86749750952072
SYNTHETIC,none,9416043,2017-06-21,2017-06-22,volatility,0.1515200194958971,0.18993684456470955
SYNTHETIC,none,9416043,2017-06-21,2017-06-22,sharpe,-0.6418215872581934,-2.3441553717054595
SYNTHETIC,none,9416043,2017-06-22,2017-06-23,open,64.02323765592416,58.37292988852457
SYNTHETIC,none,9416043,2017-06-22,2017-06-23,close,63.68591895997141,59.892180935977294
SYNTHETIC,none,9416043,2017-06-22,2017-06-23,volatility,0.14778226340021344,0.18960118326067885
SYNTHETIC,none,9416043,2017-06-22,2017-06-23,sharpe,-1.8694234590750038,-2.369451181126527
SYNTHETIC,none,9416043,2017-06-23,2017-06-26,open,63.56651607042151,58.476041051972786
SYNTHETIC,none,9416043,2017-06-23,2017-06-26,close,63.8707725102159,59.99476736697724
SYNTHETIC,none,9416043,2017-06-23,2017-06-26,volatility,0.14247384216988768,0.18923947670266017
SYNTHETIC,none,9416043,2017-06-23,2017-06-26,sharpe,-0.6129384181386653,-2.369881814367344
SYNTHETIC,none,9416043,2017-06-26,2017-06-27,open,63.47153865580402,58.43543521125628
SYNTHETIC,none,9416043,2017-06-26,2017-06-27,close,64.51896152311602,60.01552117285066
SYNTHETIC,none,9416043,2017-06-26,2017-06-27,volatility,0.14326651436381793,0.18906791673837176
SYNTHETIC,none,9416043,2017-06-26,2017-06-27,sharpe,-0.5348169113789938,-2.3870253075226655
SYNTHETIC,none,9416043,2017-06-27,2017-06-28,open,64.89383991992014,58.497546353893725
SYNTHETIC,none,9416043,2017-06-27,2017-06-28,close,64.18612880088308,60.25876521726151
SYNTHETIC,none,9416043,2017-06-27,2017-06-28,volatility,0.13117828726778186,0.1888570452988316
SYNTHETIC,none,9416043,2017-06-27,2017-06-28,sharpe,-2.575797342097439,-2.366738199055563
SYNTHETIC,none,9416043,2017-06-28,2017-06-29,open,64.34512441227047,58.63507816973379
SYNTHETIC,none,9416043,2017-06-28,2017-06-29,close,64.34715184421727,60.387106307319655
SYNTHETIC,none,9416043,2017-06-28,2017-06-29,volatility,0.11135086121488831,0.18852662707146475
SYNTHETIC,none,9416043,2017-06-28,2017-06-29,sharpe,-4.762815592389284,-2.342879449930787
SYNTHETIC,none,9416043,2017-06-29,2017-06-30,open,64.4779256632741,58.742924785321065
SYNTHETIC,none,9416043,2017-06-29,2017-06-30,close,64.52657684238903,60.48091605537071
SYNTHETIC,none,9416043,2017-06-29,2017-06-30,volatility,0.10281935640642624,0.18839345447083322
SYNTHETIC,none,9416043,2017-06-29,2017-06-30,sharpe,-6.102360738548323,-2.335700135588381
SYNTHETIC,none,9416043,2017-06-30,2017-07-03,open,64.24829517064828,58.73119197513293
SYNTHETIC,none,9416043,2017-06-30,2017-07-03,close,64.65320805750372,60.432527630254576
SYNTHETIC,none,9416043,2017-06-30,2017-07-03,volatility,0.10287495038079235,0.18793380755005984
SYNTHETIC,none,9416043,2017-06-30,2017-07-03,sharpe,-6.087065409414556,-2.348660014320655
SYNTHETIC,none,9416043,2017-07-03,2017-07-04,open,65.07463372344948,58.738530603196494
SYNTHETIC,none,9416043,2017-07-03,2017-07-04,close,64.39334324273533,60.466690404609125
SYNTHETIC,none,9416043,2017-07-03,2017-07-04,volatility,0.09603581308669956,0.1878212051322098
SYNTHETIC,none,9416043,2017-07-03,2017-07-04,sharpe,-5.4014570000113995,-2.3411264303085395
SYNTHETIC,none,9416043,2017-07-04,2017-07-05,open,64.50995901102932,58.81293275736361
SYNTHETIC,none,9416043,2017-07-04,2017-07-05,close,64.50140627727566,60.48648434364644
SYNTHETIC,none,9416043,2017-07-04,2017-07-05,volatility,0.09485604915024062,0.18770779460003617
SYNTHETIC,none,9416043,2017-07-04,2017-07-05,sharpe,-5.70922236049002,-2.31318717043753
SYNTHETIC,none,9416043,2017-07-05,2017-07-06,open,64.44176432321431,58.79948036958307
SYNTHETIC,none,9416043,2017-07-05,2017-07-06,close,64.30482718547786,60.51542088171934
SYNTHETIC,none,9416043,2017-07-05,2017-07-06,volatility,0.09238160478814646,0.18778240017837616
SYNTHETIC,none,9416043,2017-07-05,2017-07-06,sharpe,-5.18357371143115,-2.304580566222072
SYNTHETIC,none,9416043,2017-07-06,2017-07-07,open,64.3040088014945,64.48669289798548
SYNTHETIC,none,9416043,2017-07-06,2017-07-07,close,64.43757598392546,64.03632088756046
SYNTHETIC,none,9416043,2017-07-06,2017-07-07,volatility,0.09238100405427947,0.20234536106624978
SYNTHETIC,none,9416043,2017-07-06,2017-07-07,sharpe,-4.153476974836998,-0.8821563535082874
SYNTHETIC,none,9416043,2017-07-07,2017-07-10,open,64.6454088607199,64.62216790864686
SYNTHETIC,none,9416043,2017-07-07,2017-07-10,close,65.1635962204534,64.28734985919522
SYNTHETIC,none,9416043,2017-07-07,2017-07-10,volatility,0.09943177530561557,0.20249596257805808
SYNTHETIC,none,9416043,2017-07-07,2017-07-10,sharpe,-1.4082030030439014,-0.8497180874496629
SYNTHETIC,none,9416043,2017-07-10,2017-07-11,open,64.9551437597653,64.63649580976454
SYNTHETIC,none,9416043,2017-07-10,2017-07-11,close,65.69017760801282,64.26815820078212
SYNTHETIC,none,9416043,2017-07-10,2017-07-11,volatility,0.10388487383950597,0.20237918991661566
SYNTHETIC,none,9416043,2017-07-10,2017-07-11,sharpe,-0.5473728434319896,-0.8524958625618748
SYNTHETIC,none,9416043,2017-07-11,2017-07-12,open,66.09399836298421,64.65024982172257
SYNTHETIC,none,9416043,2017-07-11,2017-07-12,close,65.38913532438947,64.27794267864334
SYNTHETIC,none,9416043,2017-07-11,2017-07-12,volatility,0.09548909404867599,0.20230250468669767
SYNTHETIC,none,9416043,2017-07-11,2017-07-12,sharpe,0.40375345478195507,-0.8640403788125238
SYNTHETIC,none,9416043,2017-07-12,2017-07-13,open,65.42104701279469,64.78738405596467
SYNTHETIC,none,9416043,2017-07-12,2017-07-13,close,64.88434859446562,64.45966480830918
SYNTHETIC,none,9416043,2017-07-12,2017-07-13,volatility,0.09920637442911993,0.20216613806034686
SYNTHETIC,none,9416043,2017-07-12,2017-07-13,sharpe,-0.3018739455410224,-0.8127234874108751
SYNTHETIC,none,9416043,2017-07-13,2017-07-14,open,64.98218886479933,64.91443954768556
SYNTHETIC,none,9416043,2017-07-13,2017-07-14,close,64.41461063555369,64.62458383890623
SYNTHETIC,none,9416043,2017-07-13,2017-07-14,volatility,0.10220715609105899,0.20193396366476346
SYNTHETIC,none,9416043,2017-07-13,2017-07-14,sharpe,-0.9305891811699611,-0.7786450907715944
SYNTHETIC,none,9416043,2017-07-14,2017-07-17,open,64.39100593130591,65.09123903811926
SYNTHETIC,none,9416043,2017-07-14,2017-07-17,close,64.82702699734105,64.71988557423651
SYNTHETIC,none,9416043,2017-07-14,2017-07-17,volatility,0.1000040204053371,0.20148094534390176
SYNTHETIC,none,9416043,2017-07-14,2017-07-17,sharpe,-1.2190600454453162,-0.7363257502514406
SYNTHETIC,none,9416043,2017-07-17,2017-07-18,open,64.66148634443117,65.26616223808801
SYNTHETIC,none,9416043,2017-07-17,2017-07-18,close,64.55555475474361,65.0471820775711
SYNTHETIC,none,9416043,2017-07-17,2017-07-18,volatility,0.09920533194082061,0.20185344742456052
SYNTHETIC,none,9416043,2017-07-17,2017-07-18,sharpe,-1.056395527938714,-0.6948243165763871
SYNTHETIC,none,9416043,2017-07-18,2017-07-19,open,64.77573721078609,65.51804754258686
SYNTHETIC,none,9416043,2017-07-18,2017-07-19,close,64.59038888417169,65.36585867426705
SYNTHETIC,none,9416043,2017-07-18,2017-07-19,volatility,0.09428806750745172,0.20191054410825512
SYNTHETIC,none,9416043,2017-07-18,2017-07-19,sharpe,0.1213510884942163,-0.6698072169010045
SYNTHETIC,none,9416043,2017-07-19,2017-07-20,open,64.57209110481251,65.88888549963556
SYNTHETIC,none,9416043,2017-07-19,2017-07-20,close,64.2511425383096,65.73071705579758
SYNTHETIC,none,9416043,2017-07-19,2017-07-20,volatility,0.09090117828678801,0.2018085482007688
SYNTHETIC,none,9416043,2017-07-19,2017-07-20,sharpe,0.590317196204403,-0.6326838296302735
SYNTHETIC,none,9416043,2017-07-20,2017-07-21,open,64.30511426186214,66.08018832880569
SYNTHETIC,none,9416043,2017-07-20,2017-07-21,close,64.23557884335507,65.93921244020319
SYNTHETIC,none,9416043,2017-07-20,2017-07-21,volatility,0.08892670273599083,0.20177502279676213
SYNTHETIC,none,9416043,2017-07-20,2017-07-21,sharpe,1.2600763929690366,-0.6294749410578366
SYNTHETIC,none,9416043,2017-07-21,2017-07-24,open,64.27105305848286,66.29854274673123
SYNTHETIC,none,9416043,2017-07-21,2017-07-24,close,64.59043663694042,66.08777696931972
SYNTHETIC,none,9416043,2017-07-21,2017-07-24,volatility,0.09036316069240366,0.2015724886080506
SYNTHETIC,none,9416043,2017-07-21,2017-07-24,sharpe,1.6056136955743134,-0.6304836544611003
SYNTHETIC,none,9416043,2017-07-24,2017-07-25,open,64.47789535987688,66.45416186159966
SYNTHETIC,none,9416043,2017-07-24,2017-07-25,close,63.81535461240955,66.14993892917043
SYNTHETIC,none,9416043,2017-07-24,2017-07-25,volatility,0.09339347964277239,0.20077608280095846
SYNTHETIC,none,9416043,2017-07-24,2017-07-25,sharpe,-1.434591045964266,-0.6902996397929024
SYNTHETIC,none,9416043,2017-07-25,2017-07-26,open,63.67661076497034,66.4956246100037
SYNTHETIC,none,9416043,2017-07-25,2017-07-26,close,63.398029062303976,66.18633475072133
SYNTHETIC,none,9416043,2017-07-25,2017-07-26,volatility,0.09442381427638367,0.20059223223807773
SYNTHETIC,none,9416043,2017-07-25,2017-07-26,sharpe,-1.6032053853178805,-0.7220951208625996
SYNTHETIC,none,9416043,2017-07-26,2017-07-27,open,63.543543019760016,66.6291653465804
SYNTHETIC,none,9416043,2017-07-26,2017-07-27,close,63.16715401145569,66.04490767661059
SYNTHETIC,none,9416043,2017-07-26,2017-07-27,volatility,0.0942612746083887,0.19914115174838007
SYNTHETIC,none,9416043,2017-07-26,2017-07-27,sharpe,-2.4280953457681527,-0.8553375276528382
SYNTHETIC,none,9416043,2017-07-27,2017-07-28,open,62.97076309035871,66.68191705972309
SYNTHETIC,none,9416043,2017-07-27,2017-07-28,close,63.56093604173733,65.90182732728208
SYNTHETIC,none,9416043,2017-07-27,2017-07-28,volatility,0.09681240189156318,0.19844636254082523
SYNTHETIC,none,9416043,2017-07-27,2017-07-28,sharpe,-1.915674867558252,-0.9189060419618604
SYNTHETIC,none,9416043,2017-07-28,2017-07-31,open,63.61018191921295,66.7719641344448
SYNTHETIC,none,9416043,2017-07-28,2017-07-31,close,63.93025871630451,65.79631331241696
SYNTHETIC,none,9416043,2017-07-28,2017-07-31,volatility,0.09916984485737215,0.1975151344326032
SYNTHETIC,none,9416043,2017-07-28,2017-07-31,sharpe,-1.3812211715000207,-0.9981454442122584
SYNTHETIC,none,9416043,2017-07-31,2017-08-01,open,64.09452750826084,66.75319082247917
SYNTHETIC,none,9416043,2017-07-31,2017-08-01,close,64.00107362180886,65.71056432904136
SYNTHETIC,none,9416043,2017-07-31,2017-08-01,volatility,0.09845381458019951,0.19769310572227441
SYNTHETIC,none,9416043,2017-07-31,2017-08-01,sharpe,-0.7351122186216328,-0.9973380418006017
SYNTHETIC,none,9416043,2017-08-01,2017-08-02,open,63.80909779824455,66.92017324006031
SYNTHETIC,none,9416043,2017-08-01,2017-08-02,close,63.71999661999387,65.61339987392392
SYNTHETIC,none,9416043,2017-08-01,2017-08-02,volatility,0.09920150207737544,0.1962369587621151
SYNTHETIC,none,9416043,2017-08-01,2017-08-02,sharpe,-1.5005383859447738,-1.0758886122305396
SYNTHETIC,none,9416043,2017-08-02,2017-08-03,open,63.733702829308,66.83269231220268
SYNTHETIC,none,9416043,2017-08-02,2017-08-03,close,64.620249330338,65.40364336583468
SYNTHETIC,none,9416043,2017-08-02,2017-08-03,volatility,0.11152876244240727,0.19578320350009534
SYNTHETIC,none,9416043,2017-08-02,2017-08-03,sharpe,0.6057727045663504,-1.1456662539790532
SYNTHETIC,none,9416043,2017-08-03,2017-08-04,open,64.76716401153635,66.79285905218973
SYNTHETIC,none,9416043,2017-08-03,2017-08-04,close,65.46810689207878,65.35365889945692
SYNTHETIC,none,9416043,2017-08-03,2017-08-04,volatility,0.12043965070825459,0.19588505310308707
SYNTHETIC,none,9416043,2017-08-03,2017-08-04,sharpe,1.7176222764045126,-1.1455636558825444
SYNTHETIC,none,9416043,2017-08-04,2017-08-07,open,65.35690892735974,66.61249728603974
SYNTHETIC,none,9416043,2017-08-04,2017-08-07,close,64.87059027936662,65.19757813260276
SYNTHETIC,none,9416043,2017-08-04,2017-08-07,volatility,0.11872275317735861,0.19608133412932505
SYNTHETIC,none,9416043,2017-08-04,2017-08-07,sharpe,-0.4219317497358934,-1.1215502332382266
SYNTHETIC,none,9416043,2017-08-07,2017-08-08,open,64.92901561014358,66.28935308637963
SYNTHETIC,none,9416043,2017-08-07,2017-08-08,close,65.30188196726495,64.9070963399578
SYNTHETIC,none,9416043,2017-08-07,2017-08-08,volatility,0.11750039568396116,0.1961718532620116
SYNTHETIC,none,9416043,2017-08-07,2017-08-08,sharpe,-0.5799248004269861,-1.1338745238016128
SYNTHETIC,none,9416043,2017-08-08,2017-08-09,open,65.42068359766904,66.09193372870499
SYNTHETIC,none,9416043,2017-08-08,2017-08-09,close,65.56898345372593,64.80920699867121
SYNTHETIC,none,9416043,2017-08-08,2017-08-09,volatility,0.1173116180830428,0.19637758447486467
SYNTHETIC,none,9416043,2017-08-08,2017-08-09,sharpe,0.3506780997194378,-1.1176822993894775
SYNTHETIC,none,9416043,2017-08-09,2017-08-10,open,65.76033893478028,65.90037071662572
SYNTHETIC,none,9416043,2017-08-09,2017-08-10,close,65.38853866529412,64.73495667069622
SYNTHETIC,none,9416043,2017-08-09,2017-08-10,volatility,0.11416731849231211,0.19685106916891745
SYNTHETIC,none,9416043,2017-08-09,2017-08-10,sharpe,0.9085986022676815,-1.1002606245754185
SYNTHETIC,none,9416043,2017-08-10,2017-08-11,open,65.28601893693474,65.79437219943316
SYNTHETIC,none,9416043,2017-08-10,2017-08-11,close,65.74251753010802,64.7200415435967
SYNTHETIC,none,9416043,2017-08-10,2017-08-11,volatility,0.11172904257080937,0.19708052338463805
SYNTHETIC,none,9416043,2017-08-10,2017-08-11,sharpe,2.3553516190808454,-1.0933609385592848
SYNTHETIC,none,9416043,2017-08-11,2017-08-14,open,65.89077340672041,65.66237174567871
SYNTHETIC,none,9416043,2017-08-11,2017-08-14,close,65.6760202656827,64.6584470151325
SYNTHETIC,none,9416043,2017-08-11,2017-08-14,volatility,0.11010079366183444,0.19751124923546845
SYNTHETIC,none,9416043,2017-08-11,2017-08-14,sharpe,1.54172070741911,-1.051654740380259
SYNTHETIC,none,9416043,2017-08-14,2017-08-15,open,65.68254923999898,65.46887297275526
SYNTHETIC,none,9416043,2017-08-14,2017-08-15,close,65.24059565213261,64.48414308532075
SYNTHETIC,none,9416043,2017-08-14,2017-08-15,volatility,0.11185824713824175,0.19767699055312687
SYNTHETIC,none,9416043,2017-08-14,2017-08-15,sharpe,1.2423970444808519,-1.0765141296576421
SYNTHETIC,none,9416043,2017-08-15,2017-08-16,open,64.99268795322433,65.2673561059512
SYNTHETIC,none,9416043,2017-08-15,2017-08-16,close,65.42918018050865,64.37899151354021
SYNTHETIC,none,9416043,2017-08-15,2017-08-16,volatility,0.11216581258194151,0.1981461999047259
SYNTHETIC,none,9416043,2017-08-15,2017-08-16,sharpe,1.5030870209378877,-1.0888405786662563
SYNTHETIC,none,9416043,2017-08-16,2017-08-17,open,65.34214623511917,65.05736173658688
SYNTHETIC,none,9416043,2017-08-16,2017-08-17,close,66.04739362328394,64.36683927224938
SYNTHETIC,none,9416043,2017-08-16,2017-08-17,volatility,0.11399629036312162,0.19932407571612823
SYNTHETIC,none,9416043,2017-08-16,2017-08-17,sharpe,3.103836425803899,-1.0549276628277964
SYNTHETIC,none,9416043,2017-08-17,2017-08-18,open,65.90651416662101,64.91957332817319
SYNTHETIC,none,9416043,2017-08-17,2017-08-18,close,65.9900849113829,64.26943566411302
SYNTHETIC,none,9416043,2017-08-17,2017-08-18,volatility,0.11413762443592779,0.19950420364242374
SYNTHETIC,none,9416043,2017-08-17,2017-08-18,sharpe,3.0309467399788574,-1.084873931922409
SYNTHETIC,none,9416043,2017-08-18,2017-08-21,open,66.00490154310857,64.75141488384264
SYNTHETIC,none,9416043,2017-08-18,2017-08-21,close,65.7809757402576,64.40464178888675
SYNTHETIC,none,9416043,2017-08-18,2017-08-21,volatility,0.11411510472461844,0.20027701107640306
SYNTHETIC,none,9416043,2017-08-18,2017-08-21,sharpe,2.0716960198507266,-1.0631375250973845
SYNTHETIC,none,9416043,2017-08-21,2017-08-22,open,65.77427188679755,64.70849362438781
SYNTHETIC,none,9416043,2017-08-21,2017-08-22,close,65.19602400896325,64.30292748471983
SYNTHETIC,none,9416043,2017-08-21,2017-08-22,volatility,0.1098973458683604,0.2002618929452929
SYNTHETIC,none,9416043,2017-08-21,2017-08-22,sharpe,2.5074923391491577,-1.086701127756167
SYNTHETIC,none,9416043,2017-08-22,2017-08-23,open,65.21692725304655,64.61922412487462
SYNTHETIC,none,9416043,2017-08-22,2017-08-23,close,64.37521390080408,64.15591967836002
SYNTHETIC,none,9416043,2017-08-22,2017-08-23,volatility,0.11731886720070622,0.2002556289454494
SYNTHETIC,none,9416043,2017-08-22,2017-08-23,sharpe,1.6990699493511432,-1.1367269811187168
SYNTHETIC,none,9416043,2017-08-23,2017-08-24,open,64.44356677781212,64.63524544504108
SYNTHETIC,none,9416043,2017-08-23,2017-08-24,close,63.945499977810435,64.21989385363365
SYNTHETIC,none,9416043,2017-08-23,2017-08-24,volatility,0.11931615356508354,0.20087700039013262
SYNTHETIC,none,9416043,2017-08-23,2017-08-24,sharpe,1.3502885783895306,-1.1463136436511336
SYNTHETIC,none,9416043,2017-08-24,2017-08-25,open,63.87651384428869,64.66340169609083
SYNTHETIC,none,9416043,2017-08-24,2017-08-25,close,63.19060867221463,64.11888363972119
SYNTHETIC,none,9416043,2017-08-24,2017-08-25,volatility,0.12513766198222068,0.2005586526472212
SYNTHETIC,none,9416043,2017-08-24,2017-08-25,sharpe,-0.5288787670909499,-1.1916081850736957
SYNTHETIC,none,9416043,2017-08-25,2017-08-28,open,63.04323940637603,64.53845740283285
SYNTHETIC,none,9416043,2017-08-25,2017-08-28,close,62.80315053736687,64.01661081670262
SYNTHETIC,none,9416043,2017-08-25,2017-08-28,volatility,0.12462950688007754,0.2008409498789226
SYNTHETIC,none,9416043,2017-08-25,2017-08-28,sharpe,-1.738378063601369,-1.2355872260779073
SYNTHETIC,none,9416043,2017-08-28,2017-08-29,open,62.91360005580229,64.53371166656973
SYNTHETIC,none,9416043,2017-08-28,2017-08-29,close,63.35261813063501,63.84006389894941
SYNTHETIC,none,9416043,2017-08-28,2017-08-29,volatility,0.12910082485825058,0.2003865985615544
SYNTHETIC,none,9416043,2017-08-28,2017-08-29,sharpe,-0.9323885173195089,-1.3125237111662744
SYNTHETIC,none,9416043,2017-08-29,2017-08-30,open,63.231806723559366,64.4998328782779
SYNTHETIC,none,9416043,2017-08-29,2017-08-30,close,63.01889364240252,63.63796177288824
SYNTHETIC,none,9416043,2017-08-29,2017-08-30,volatility,0.12948992505088214,0.2003404801336409
SYNTHETIC,none,9416043,2017-08-29,2017-08-30,sharpe,-1.0148234960872529,-1.3637179309307932
SYNTHETIC,none,9416043,2017-08-30,2017-08-31,open,62.93797602941491,64.4210405728268
SYNTHETIC,none,9416043,2017-08-30,2017-08-31,close,62.99585322569132,63.40882198688627
SYNTHETIC,none,9416043,2017-08-30,2017-08-31,volatility,0.11739755512886804,0.19997231300097068
SYNTHETIC,none,9416043,2017-08-30,2017-08-31,sharpe,-2.6749466972271607,-1.4482791237874117
SYNTHETIC,none,9416043,2017-08-31,2017-09-01,open,62.84762013400137,64.43228642154051
SYNTHETIC,none,9416043,2017-08-31,2017-09-01,close,62.44788000598079,63.265505455383774
SYNTHETIC,none,9416043,2017-08-31,2017-09-01,volatility,0.10707713321590141,0.19954436151685295
SYNTHETIC,none,9416043,2017-08-31,2017-09-01,sharpe,-5.500276491054273,-1.4913444229783956
SYNTHETIC,none,9416043,2017-09-01,2017-09-04,open,62.32841437532842,64.34947094493401
SYNTHETIC,none,9416043,2017-09-01,2017-09-04,close,62.36906886251994,63.04982656787557
SYNTHETIC,none,9416043,2017-09-01,2017-09-04,volatility,0.1040595384534047,0.19946926396163578
SYNTHETIC,none,9416043,2017-09-01,2017-09-04,sharpe,-4.7074714280429415,-1.540237164544369
SYNTHETIC,none,9416043,2017-09-04,2017-09-05,open,62.38554874683944,64.23668239719208
SYNTHETIC,none,9416043,2017-09-04,2017-09-05,close,62.130604352920514,62.935518851941914
SYNTHETIC,none,9416043,2017-09-04,2017-09-05,volatility,0.09911264588357205,0.19973676818332614
SYNTHETIC,none,9416043,2017-09-04,2017-09-05,sharpe,-6.273706875058753,-1.5677750404534714
SYNTHETIC,none,9416043,2017-09-05,2017-09-06,open,62.01987567931899,64.12954502223712
SYNTHETIC,none,9416043,2017-09-05,2017-09-06,close,62.2184645145487,62.72461559769981
SYNTHETIC,none,9416043,2017-09-05,2017-09-06,volatility,0.09720099541051173,0.19989196474000234
SYNTHETIC,none,9416043,2017-09-05,2017-09-06,sharpe,-6.743994814333182,-1.5871788874686659
SYNTHETIC,price_only,9416042,2017-03-16,2017-03-17,open,62.14574869322754,62.32068056957019
SYNTHETIC,price_only,9416042,2017-03-16,2017-03-17,close,61.13461383615121,62.64169032076949
SYNTHETIC,price_only,9416042,2017-03-17,2017-03-20,open,60.860472767474135,62.19379558453107
SYNTHETIC,price_only,9416042,2017-03-17,2017-03-20,close,61.67406672432166,62.47534698901238
SYNTHETIC,price_only,9416042,2017-03-20,2017-03-21,open,61.78272517710395,61.923136716991465
SYNTHETIC,price_only,9416042,2017-03-20,2017-03-21,close,62.68088389663312,62.16633615693342
SYNTHETIC,price_only,9416042,2017-03-21,2017-03-22,open,62.628642849637124,62.00899919443593
SYNTHETIC,price_only,9416042,2017-03-21,2017-03-22,close,62.90049087641083,62.23003737480782
SYNTHETIC,price_only,9416042,2017-03-22,2017-03-23,open,62.59532750248797,61.842665776675176
SYNTHETIC,price_only,9416042,2017-03-22,2017-03-23,close,63.46605058088946,62.07418363753585
SYNTHETIC,price_only,9416042,2017-03-23,2017-03-24,open,63.635729286122896,61.809021579703895
SYNTHETIC,price_only,9416042,2017-03-23,2017-03-24,close,62.81728809096633,62.01753293324487
SYNTHETIC,price_only,9416042,2017-03-24,2017-03-27,open,62.80298439091001,61.68423712483148
SYNTHETIC,price_only,9416042,2017-03-24,2017-03-27,close,62.0066788327715,61.884517132600955
SYNTHETIC,price_only,9416042,2017-03-27,2017-03-28,open,62.13677974721369,62.09434712135466
SYNTHETIC,price_only,9416042,2017-03-27,2017-03-28,close,62.30196687279867,62.33687956898994
SYNTHETIC,price_only,9416042,2017-03-28,2017-03-29,open,62.559838588582174,61.88235891851572
SYNTHETIC,price_only,9416042,2017-03-28,2017-03-29,close,62.374512173732064,62.120570130438566
SYNTHETIC,price_only,9416042,2017-03-29,2017-03-30,open,62.24105462291542,61.75625700265714
SYNTHETIC,price_only,9416042,2017-03-29,2017-03-30,close,61.66556845498005,61.96704977111072
SYNTHETIC,price_only,9416042,2017-03-30,2017-03-31,open,61.793060081177195,61.556741028371064
SYNTHETIC,price_only,9416042,2017-03-30,2017-03-31,close,61.824534893967666,61.751270645728475
SYNTHETIC,price_only,9416042,2017-03-31,2017-04-03,open,62.105344809506484,61.71348713967819
SYNTHETIC,price_only,9416042,2017-03-31,2017-04-03,close,62.22245804545226,61.885370936803234
SYNTHETIC,price_only,9416042,2017-04-03,2017-04-04,open,62.04069323810967,61.52992619994559
SYNTHETIC,price_only,9416042,2017-04-03,2017-04-04,close,61.65912532926912,61.67120926658679
SYNTHETIC,price_only,9416042,2017-04-04,2017-04-05,open,61.90820414301495,61.461878546358385
SYNTHETIC,price_only,9416042,2017-04-04,2017-04-05,close,61.73067899895814,61.60299243207736
SYNTHETIC,price_only,9416042,2017-04-05,2017-04-06,open,61.48206461527924,61.18134401243044
SYNTHETIC,price_only,9416042,2017-04-05,2017-04-06,close,60.96743873766739,61.283269273982214
SYNTHETIC,price_only,9416042,2017-04-06,2017-04-07,open,60.72156009727457,61.18440486054491
SYNTHETIC,price_only,9416042,2017-04-06,2017-04-07,close,60.43841499708744,61.29900366570993
SYNTHETIC,price_only,9416042,2017-04-07,2017-04-10,open,60.15406010770085,60.9930185200149
SYNTHETIC,price_only,9416042,2017-04-07,2017-04-10,close,59.1056311469176,61.03211295708813
SYNTHETIC,price_only,9416042,2017-04-10,2017-04-11,open,58.96187540011791,61.159190562032364
SYNTHETIC,price_only,9416042,2017-04-10,2017-04-11,close,59.9807934690439,61.233679689538036
SYNTHETIC,price_only,9416042,2017-04-11,2017-04-12,open,60.046030232985636,60.88978037237525
SYNTHETIC,price_only,9416042,2017-04-11,2017-04-12,close,61.1513381219161,60.97220347837292
SYNTHETIC,price_only,9416042,2017-04-12,2017-04-13,open,60.9599105398329,60.79628032491655
SYNTHETIC,price_only,9416042,2017-04-12,2017-04-13,close,60.21231019866447,60.88796057989275
SYNTHETIC,price_only,9416042,2017-04-13,2017-04-14,open,60.09042814891499,60.55415321789083
SYNTHETIC,price_only,9416042,2017-04-13,2017-04-14,close,59.77443076638834,60.617426619799105
SYNTHETIC,price_only,9416042,2017-04-14,2017-04-17,open,59.10590656015541,60.83845230399413
SYNTHETIC,price_only,9416042,2017-04-14,2017-04-17,close,58.58674235797592,60.916345592269764
SYNTHETIC,price_only,9416042,2017-04-17,2017-04-18,open,58.36057280275027,60.70984641861062
SYNTHETIC,price_only,9416042,2017-04-17,2017-04-18,close,57.6941084221859,60.775428125405995
SYNTHETIC,price_only,9416042,2017-04-18,2017-04-19,open,57.76591581742588,60.91783329666724
SYNTHETIC,price_only,9416042,2017-04-18,2017-04-19,close,57.6770798895428,61.05915627714728
SYNTHETIC,price_only,9416042,2017-04-19,2017-04-20,open,57.65836802312869,61.17330961681795
SYNTHETIC,price_only,9416042,2017-04-19,2017-04-20,close,57.24504241243176,61.22405715708439
SYNTHETIC,price_only,9416042,2017-04-20,2017-04-21,open,57.10409049692494,61.23592605071717
SYNTHETIC,price_only,9416042,2017-04-20,2017-04-21,close,57.17906704012482,61.31968057617382
SYNTHETIC,price_only,9416042,2017-04-21,2017-04-24,open,57.3692224160544,61.01542329329186
SYNTHETIC,price_only,9416042,2017-04-21,2017-04-24,close,57.59328783397311,61.087037492013636
SYNTHETIC,price_only,9416042,2017-04-24,2017-04-25,open,57.73927081120945,61.244034520441325
SYNTHETIC,price_only,9416042,2017-04-24,2017-04-25,close,59.160052335914784,61.33713583413534
SYNTHETIC,price_only,9416042,2017-04-25,2017-04-26,open,59.292931914460794,61.15325934209058
SYNTHETIC,price_only,9416042,2017-04-25,2017-04-26,close,58.84558906430088,61.20380714872164
SYNTHETIC,price_only,9416042,2017-04-26,2017-04-27,open,58.919269811135806,61.30517476311506
SYNTHETIC,price_only,9416042,2017-04-26,2017-04-27,close,60.96714363389763,61.362627988174815
SYNTHETIC,price_only,9416042,2017-04-27,2017-04-28,open,60.92039968585204,61.074026497640816
SYNTHETIC,price_only,9416042,2017-04-27,2017-04-28,close,61.906523236629575,61.11397740100482
SYNTHETIC,price_only,9416042,2017-04-28,2017-05-01,open,61.76994877744675,61.450476424168784
SYNTHETIC,price_only,9416042,2017-04-28,2017-05-01,close,63.78727624868715,61.53148235278769
SYNTHETIC,price_only,9416042,2017-05-01,2017-05-02,open,63.88910248990862,61.61709952461625
SYNTHETIC,price_only,9416042,2017-05-01,2017-05-02,close,63.177185523966564,61.65546957172738
SYNTHETIC,price_only,9416042,2017-05-02,2017-05-03,open,63.50457469005281,61.747427633096166
SYNTHETIC,price_only,9416042,2017-05-02,2017-05-03,close,65.28785163391485,61.752803250787224
SYNTHETIC,price_only,9416042,2017-05-03,2017-05-04,open,65.21101246561399,61.60397385657828
SYNTHETIC,price_only,9416042,2017-05-03,2017-05-04,close,66.76328801120691,61.56933080366762
SYNTHETIC,price_only,9416042,2017-05-04,2017-05-05,open,66.39896478300794,61.58107966506347
SYNTHETIC,price_only,9416042,2017-05-04,2017-05-05,close,67.86895178712845,61.525646256361554
SYNTHETIC,price_only,9416042,2017-05-05,2017-05-08,open,67.74268502562491,61.573460613577154
SYNTHETIC,price_only,9416042,2017-05-05,2017-05-08,close,68.76715393744648,61.481412834925464
SYNTHETIC,price_only,9416042,2017-05-08,2017-05-09,open,68.59864196212297,61.79376760370732
SYNTHETIC,price_only,9416042,2017-05-08,2017-05-09,close,68.73844212777394,61.70952439305554
SYNTHETIC,price_only,9416042,2017-05-09,2017-05-10,open,68.62107025823283,61.59947914530214
SYNTHETIC,price_only,9416042,2017-05-09,2017-05-10,close,68.3397784275233,61.50286930574796
SYNTHETIC,price_only,9416042,2017-05-10,2017-05-11,open,68.40824481524946,61.715905130323506
SYNTHETIC,price_only,9416042,2017-05-10,2017-05-11,close,68.05704379806608,61.63635973667823
SYNTHETIC,price_only,9416042,2017-05-11,2017-05-12,open,68.14738016661333,61.73445937254549
SYNTHETIC,price_only,9416042,2017-05-11,2017-05-12,close,67.27541071909953,61.62151096794294
SYNTHETIC,price_only,9416042,2017-05-12,2017-05-15,open,67.27807347801382,61.77880463314946
SYNTHETIC,price_only,9416042,2017-05-12,2017-05-15,close,67.1344823940998,61.62842890323408
SYNTHETIC,price_only,9416042,2017-05-15,2017-05-16,open,67.19268843620321,61.74046466659894
SYNTHETIC,price_only,9416042,2017-05-15,2017-05-16,close,67.8442789784387,61.56372804503589
SYNTHETIC,price_only,9416042,2017-05-16,2017-05-17,open,67.68895026025807,61.858644620764544
SYNTHETIC,price_only,9416042,2017-05-16,2017-05-17,close,67.08162258409236,61.66214621452657
SYNTHETIC,price_only,9416042,2017-05-17,2017-05-18,open,66.81130193112357,61.92531264402185
SYNTHETIC,price_only,9416042,2017-05-17,2017-05-18,close,65.70897147989811,61.74471332339233
SYNTHETIC,price_only,9416042,2017-05-18,2017-05-19,open,65.82055476952429,62.08229420518394
SYNTHETIC,price_only,9416042,2017-05-18,2017-05-19,close,66.8805440116283,61.84587056040151
SYNTHETIC,price_only,9416042,2017-05-19,2017-05-22,open,66.65315379861003,62.043259793836484
SYNTHETIC,price_only,9416042,2017-05-19,2017-05-22,close,65.03060301411351,61.781283719534684
SYNTHETIC,price_only,9416042,2017-05-22,2017-05-23,open,64.94892919314492,61.909668456187006
SYNTHETIC,price_only,9416042,2017-05-22,2017-05-23,close,66.1724857221551,61.58651295034703
SYNTHETIC,price_only,9416042,2017-05-23,2017-05-24,open,66.00357872919457,62.12535771910558
SYNTHETIC,price_only,9416042,2017-05-23,2017-05-24,close,66.5875622342459,61.777995777886154
SYNTHETIC,price_only,9416042,2017-05-24,2017-05-25,open,66.67459410241493,62.05005080257446
SYNTHETIC,price_only,9416042,2017-05-24,2017-05-25,close,64.54971858637897,61.67143995281536
SYNTHETIC,price_only,9416042,2017-05-25,2017-05-26,open,64.55013799734384,62.031233332705646
SYNTHETIC,price_only,9416042,2017-05-25,2017-05-26,close,65.1520431525353,61.59572714166045
SYNTHETIC,price_only,9416042,2017-05-26,2017-05-29,open,64.9572720664831,61.822173702781754
SYNTHETIC,price_only,9416042,2017-05-26,2017-05-29,close,64.36418216535489,61.33866843919408
SYNTHETIC,price_only,9416042,2017-05-29,2017-05-30,open,64.5023610164954,61.7923469680656
SYNTHETIC,price_only,9416042,2017-05-29,2017-05-30,close,64.96268767706059,61.31090124165909
SYNTHETIC,price_only,9416042,2017-05-30,2017-05-31,open,64.70003222775243,61.723307250482776
SYNTHETIC,price_only,9416042,2017-05-30,2017-05-31,close,65.97459987296278,61.2326429272924
SYNTHETIC,price_only,9416042,2017-05-31,2017-06-01,open,66.0031527595436,61.73886942769399
SYNTHETIC,price_only,9416042,2017-05-31,2017-06-01,close,67.14781894266562,61.193890292459145
SYNTHETIC,price_only,9416042,2017-06-01,2017-06-02,open,67.30638456864162,61.59236009406961
SYNTHETIC,price_only,9416042,2017-06-01,2017-06-02,close,67.85250283800886,61.04685831475545
SYNTHETIC,price_only,9416042,2017-06-02,2017-06-05,open,67.62304826506683,61.55735213979236
SYNTHETIC,price_only,9416042,2017-06-02,2017-06-05,close,67.97901447708134,60.95511413649811
SYNTHETIC,price_only,9416042,2017-06-05,2017-06-06,open,67.83008330832791,61.63010746772676
SYNTHETIC,price_only,9416042,2017-06-05,2017-06-06,close,67.12594673684147,61.04804356468843
SYNTHETIC,price_only,9416042,2017-06-06,2017-06-07,open,66.98566994152763,61.496508193565305
SYNTHETIC,price_only,9416042,2017-06-06,2017-06-07,close,67.36017321996086,60.791690178736985
SYNTHETIC,price_only,9416042,2017-06-07,2017-06-08,open,67.412297050308,61.35141288182268
SYNTHETIC,price_only,9416042,2017-06-07,2017-06-08,close,66.81975175290479,60.647956748945205
SYNTHETIC,price_only,9416042,2017-06-08,2017-06-09,open,66.60843041690107,61.27370384767018
SYNTHETIC,price_only,9416042,2017-06-08,2017-06-09,close,66.45302027632191,60.52020165493894
SYNTHETIC,price_only,9416042,2017-06-09,2017-06-12,open,66.27382120418025,61.746579749067905
SYNTHETIC,price_only,9416042,2017-06-09,2017-06-12,close,65.91655641283641,61.00602685229924
SYNTHETIC,price_only,9416042,2017-06-12,2017-06-13,open,65.82698593755693,61.584883899798655
SYNTHETIC,price_only,9416042,2017-06-12,2017-06-13,close,66.01419214650804,60.78686698046387
SYNTHETIC,price_only,9416042,2017-06-13,2017-06-14,open,65.69011726333235,61.72229666795925
SYNTHETIC,price_only,9416042,2017-06-13,2017-06-14,close,65.21174992902316,60.84015549926264
SYNTHETIC,price_only,9416042,2017-06-14,2017-06-15,open,65.31925174851139,61.479875909990824
SYNTHETIC,price_only,9416042,2017-06-14,2017-06-15,close,65.06286644812359,60.53433184933007
SYNTHETIC,price_only,9416042,2017-06-15,2017-06-16,open,65.2236350410095,61.914381421542174
SYNTHETIC,price_only,9416042,2017-06-15,2017-06-16,close,64.92833015203279,60.927209057539145
SYNTHETIC,price_only,9416042,2017-06-16,2017-06-19,open,65.07789105160906,61.69393421970062
SYNTHETIC,price_only,9416042,2017-06-16,2017-06-19,close,65.48212700376725,60.729078754425124
SYNTHETIC,price_only,9416042,2017-06-19,2017-06-20,open,65.47654175549638,61.6685558999408
SYNTHETIC,price_only,9416042,2017-06-19,2017-06-20,close,65.11898651932582,60.63415004558723
SYNTHETIC,price_only,9416042,2017-06-20,2017-06-21,open,64.99648146407716,61.33652927638447
SYNTHETIC,price_only,9416042,2017-06-20,2017-06-21,close,64.55336570027487,60.29864211601331
SYNTHETIC,price_only,9416042,2017-06-21,2017-06-22,open,64.53575729115195,61.51464576890913
SYNTHETIC,price_only,9416042,2017-06-21,2017-06-22,close,63.99801613338989,60.40543127887851
SYNTHETIC,price_only,9416042,2017-06-22,2017-06-23,open,64.02323765592416,61.248981612899456
SYNTHETIC,price_only,9416042,2017-06-22,2017-06-23,close,63.68591895997141,60.343702825993226
SYNTHETIC,price_only,9416042,2017-06-23,2017-06-26,open,63.56651607042151,61.51385476321663
SYNTHETIC,price_only,9416042,2017-06-23,2017-06-26,close,63.8707725102159,60.60896282162
SYNTHETIC,price_only,9416042,2017-06-26,2017-06-27,open,63.47153865580402,61.20453979139991
SYNTHETIC,price_only,9416042,2017-06-26,2017-06-27,close,64.51896152311602,60.24150087204089
SYNTHETIC,price_only,9416042,2017-06-27,2017-06-28,open,64.89383991992014,61.57893151582497
SYNTHETIC,price_only,9416042,2017-06-27,2017-06-28,close,64.18612880088308,60.600180835539405
SYNTHETIC,price_only,9416042,2017-06-28,2017-06-29,open,64.34512441227047,61.371034584903946
SYNTHETIC,price_only,9416042,2017-06-28,2017-06-29,close,64.34715184421727,60.46344488801413
SYNTHETIC,price_only,9416042,2017-06-29,2017-06-30,open,64.4779256632741,61.342240919495225
SYNTHETIC,price_only,9416042,2017-06-29,2017-06-30,close,64.52657684238903,60.401098620286824
SYNTHETIC,price_only,9416042,2017-06-30,2017-07-03,open,64.24829517064828,61.02761642117397
SYNTHETIC,price_only,9416042,2017-06-30,2017-07-03,close,64.65320805750372,60.06363383511885
SYNTHETIC,price_only,9416042,2017-07-03,2017-07-04,open,65.07463372344948,61.51500820295553
SYNTHETIC,price_only,9416042,2017-07-03,2017-07-04,close,64.39334324273533,60.53449889797835
SYNTHETIC,price_only,9416042,2017-07-04,2017-07-05,open,64.50995901102932,61.24055832820069
SYNTHETIC,price_only,9416042,2017-07-04,2017-07-05,close,64.50140627727566,60.33705535041834
SYNTHETIC,price_only,9416042,2017-07-05,2017-07-06,open,64.44176432321431,61.4388679526681
SYNTHETIC,price_only,9416042,2017-07-05,2017-07-06,close,64.30482718547786,60.563130505979004
SYNTHETIC,price_only,9416042,2017-07-06,2017-07-07,open,64.3040088014945,64.11680646700457
SYNTHETIC,price_only,9416042,2017-07-06,2017-07-07,close,64.43757598392546,64.21101696890635
SYNTHETIC,price_only,9416042,2017-07-07,2017-07-10,open,64.6454088607199,64.49725781085694
SYNTHETIC,price_only,9416042,2017-07-07,2017-07-10,close,65.1635962204534,64.6443117348338
SYNTHETIC,price_only,9416042,2017-07-10,2017-07-11,open,64.9551437597653,64.59131021562025
SYNTHETIC,price_only,9416042,2017-07-10,2017-07-11,close,65.69017760801282,64.76950462668474
SYNTHETIC,price_only,9416042,2017-07-11,2017-07-12,open,66.09399836298421,64.43681360415992
SYNTHETIC,price_only,9416042,2017-07-11,2017-07-12,close,65.38913532438947,64.56914638661249
SYNTHETIC,price_only,9416042,2017-07-12,2017-07-13,open,65.42104701279469,64.48613684993961
SYNTHETIC,price_only,9416042,2017-07-12,2017-07-13,close,64.88434859446562,64.66323453177841
SYNTHETIC,price_only,9416042,2017-07-13,2017-07-14,open,64.98218886479933,64.48134799765155
SYNTHETIC,price_only,9416042,2017-07-13,2017-07-14,close,64.41461063555369,64.63135142371506
SYNTHETIC,price_only,9416042,2017-07-14,2017-07-17,open,64.39100593130591,64.82274216994003
SYNTHETIC,price_only,9416042,2017-07-14,2017-07-17,close,64.82702699734105,65.02672929547435
SYNTHETIC,price_only,9416042,2017-07-17,2017-07-18,open,64.66148634443117,64.997257997811
SYNTHETIC,price_only,9416042,2017-07-17,2017-07-18,close,64.55555475474361,65.25639789187842
SYNTHETIC,price_only,9416042,2017-07-18,2017-07-19,open,64.77573721078609,65.0073367403322
SYNTHETIC,price_only,9416042,2017-07-18,2017-07-19,close,64.59038888417169,65.30716517590199
SYNTHETIC,price_only,9416042,2017-07-19,2017-07-20,open,64.57209110481251,65.0888111598869
SYNTHETIC,price_only,9416042,2017-07-19,2017-07-20,close,64.2511425383096,65.42474824839917
SYNTHETIC,price_only,9416042,2017-07-20,2017-07-21,open,64.30511426186214,65.3732178412715
SYNTHETIC,price_only,9416042,2017-07-20,2017-07-21,close,64.23557884335507,65.76193172374595
SYNTHETIC,price_only,9416042,2017-07-21,2017-07-24,open,64.27105305848286,65.35567556615607
SYNTHETIC,price_only,9416042,2017-07-21,2017-07-24,close,64.59043663694042,65.77399632511059
SYNTHETIC,price_only,9416042,2017-07-24,2017-07-25,open,64.47789535987688,65.34357483074082
SYNTHETIC,price_only,9416042,2017-07-24,2017-07-25,close,63.81535461240955,65.73247728143377
SYNTHETIC,price_only,9416042,2017-07-25,2017-07-26,open,63.67661076497034,65.40300209395288
SYNTHETIC,price_only,9416042,2017-07-25,2017-07-26,close,63.398029062303976,65.73486881162302
SYNTHETIC,price_only,9416042,2017-07-26,2017-07-27,open,63.543543019760016,65.61074848298202
SYNTHETIC,price_only,9416042,2017-07-26,2017-07-27,close,63.16715401145569,66.08452092324839
SYNTHETIC,price_only,9416042,2017-07-27,2017-07-28,open,62.97076309035871,65.52571922150844
SYNTHETIC,price_only,9416042,2017-07-27,2017-07-28,close,63.56093604173733,65.96476913393363
SYNTHETIC,price_only,9416042,2017-07-28,2017-07-31,open,63.61018191921295,65.44768962367104
SYNTHETIC,price_only,9416042,2017-07-28,2017-07-31,close,63.93025871630451,65.92011584882867
SYNTHETIC,price_only,9416042,2017-07-31,2017-08-01,open,64.09452750826084,65.4375915532766
SYNTHETIC,price_only,9416042,2017-07-31,2017-08-01,close,64.00107362180886,65.96105409231666
SYNTHETIC,price_only,9416042,2017-08-01,2017-08-02,open,63.80909779824455,66.05681498300606
SYNTHETIC,price_only,9416042,2017-08-01,2017-08-02,close,63.71999661999387,66.70912919178082
SYNTHETIC,price_only,9416042,2017-08-02,2017-08-03,open,63.733702829308,65.96556214634532
SYNTHETIC,price_only,9416042,2017-08-02,2017-08-03,close,64.620249330338,66.59229180136748
SYNTHETIC,price_only,9416042,2017-08-03,2017-08-04,open,64.76716401153635,66.08093765558407
SYNTHETIC,price_only,9416042,2017-08-03,2017-08-04,close,65.46810689207878,66.69806427974373
SYNTHETIC,price_only,9416042,2017-08-04,2017-08-07,open,65.35690892735974,66.07930965395246
SYNTHETIC,price_only,9416042,2017-08-04,2017-08-07,close,64.87059027936662,66.6447331565235
SYNTHETIC,price_only,9416042,2017-08-07,2017-08-08,open,64.92901561014358,66.19812701138954
SYNTHETIC,price_only,9416042,2017-08-07,2017-08-08,close,65.30188196726495,66.77939264582541
SYNTHETIC,price_only,9416042,2017-08-08,2017-08-09,open,65.42068359766904,66.09142525696251
SYNTHETIC,price_only,9416042,2017-08-08,2017-08-09,close,65.56898345372593,66.65023516138125
SYNTHETIC,price_only,9416042,2017-08-09,2017-08-10,open,65.76033893478028,65.98993459451613
SYNTHETIC,price_only,9416042,2017-08-09,2017-08-10,close,65.38853866529412,66.52508831762714
SYNTHETIC,price_only,9416042,2017-08-10,2017-08-11,open,65.28601893693474,65.97976813318556
SYNTHETIC,price_only,9416042,2017-08-10,2017-08-11,close,65.74251753010802,66.5176656615056
SYNTHETIC,price_only,9416042,2017-08-11,2017-08-14,open,65.89077340672041,66.20083588716379
SYNTHETIC,price_only,9416042,2017-08-11,2017-08-14,close,65.6760202656827,66.78176189467749
SYNTHETIC,price_only,9416042,2017-08-14,2017-08-15,open,65.68254923999898,66.00387742492823
SYNTHETIC,price_only,9416042,2017-08-14,2017-08-15,close,65.24059565213261,66.53076411691478
SYNTHETIC,price_only,9416042,2017-08-15,2017-08-16,open,64.99268795322433,65.98061558608968
SYNTHETIC,price_only,9416042,2017-08-15,2017-08-16,close,65.42918018050865,66.48369702028342
SYNTHETIC,price_only,9416042,2017-08-16,2017-08-17,open,65.34214623511917,66.00039097394547
SYNTHETIC,price_only,9416042,2017-08-16,2017-08-17,close,66.04739362328394,66.49179108736492
SYNTHETIC,price_only,9416042,2017-08-17,2017-08-18,open,65.90651416662101,66.04763275645186
SYNTHETIC,price_only,9416042,2017-08-17,2017-08-18,close,65.9900849113829,66.53229261664444
SYNTHETIC,price_only,9416042,2017-08-18,2017-08-21,open,66.00490154310857,66.120811058103
SYNTHETIC,price_only,9416042,2017-08-18,2017-08-21,close,65.7809757402576,66.63208626954757
SYNTHETIC,price_only,9416042,2017-08-21,2017-08-22,open,65.77427188679755,66.16444298858971
SYNTHETIC,price_only,9416042,2017-08-21,2017-08-22,close,65.19602400896325,66.68481728208677
SYNTHETIC,price_only,9416042,2017-08-22,2017-08-23,open,65.21692725304655,65.92134145910416
SYNTHETIC,price_only,9416042,2017-08-22,2017-08-23,close,64.37521390080408,66.37832857682112
SYNTHETIC,price_only,9416042,2017-08-23,2017-08-24,open,64.44356677781212,67.06814000388042
SYNTHETIC,price_only,9416042,2017-08-23,2017-08-24,close,63.945499977810435,67.84791645100151
SYNTHETIC,price_only,9416042,2017-08-24,2017-08-25,open,63.87651384428869,66.92806495938505
SYNTHETIC,price_only,9416042,2017-08-24,2017-08-25,close,63.19060867221463,67.67868375352896
SYNTHETIC,price_only,9416042,2017-08-25,2017-08-28,open,63.04323940637603,67.11512755051558
SYNTHETIC,price_only,9416042,2017-08-25,2017-08-28,close,62.80315053736687,67.91415292470882
SYNTHETIC,price_only,9416042,2017-08-28,2017-08-29,open,62.91360005580229,67.08257049140228
SYNTHETIC,price_only,9416042,2017-08-28,2017-08-29,close,63.35261813063501,67.87233085484652
SYNTHETIC,price_only,9416042,2017-08-29,2017-08-30,open,63.231806723559366,67.24587615278709
SYNTHETIC,price_only,9416042,2017-08-29,2017-08-30,close,63.01889364240252,68.06579673462181
SYNTHETIC,price_only,9416042,2017-08-30,2017-08-31,open,62.93797602941491,67.11840882868998
SYNTHETIC,price_only,9416042,2017-08-30,2017-08-31,close,62.99585322569132,67.90285331592023
SYNTHETIC,price_only,9416042,2017-08-31,2017-09-01,open,62.84762013400137,67.14616960171782
SYNTHETIC,price_only,9416042,2017-08-31,2017-09-01,close,62.44788000598079,67.93228250605029
SYNTHETIC,price_only,9416042,2017-09-01,2017-09-04,open,62.32841437532842,67.0342983845756
SYNTHETIC,price_only,9416042,2017-09-01,2017-09-04,close,62.36906886251994,67.79266170567254
SYNTHETIC,price_only,9416042,2017-09-04,2017-09-05,open,62.38554874683944,67.39420717268003
SYNTHETIC,price_only,9416042,2017-09-04,2017-09-05,close,62.130604352920514,68.2579702968414
SYNTHETIC,price_only,9416042,2017-09-05,2017-09-06,open,62.01987567931899,67.27044187969041
SYNTHETIC,price_only,9416042,2017-09-05,2017-09-06,close,62.2184645145487,68.11091198611736
SYNTHETIC,price_only,9416043,2017-03-16,2017-03-17,open,62.14574869322754,65.96737951050656
SYNTHETIC,price_only,9416043,2017-03-16,2017-03-17,close,61.13461383615121,66.24512322830404
SYNTHETIC,price_only,9416043,2017-03-17,2017-03-20,open,60.860472767474135,65.81591779341608
SYNTHETIC,price_only,9416043,2017-03-17,2017-03-20,close,61.67406672432166,66.09262504760966
SYNTHETIC,price_only,9416043,2017-03-20,2017-03-21,open,61.78272517710395,65.77087147425519
SYNTHETIC,price_only,9416043,2017-03-20,2017-03-21,close,62.68088389663312,66.04830677606651
SYNTHETIC,price_only,9416043,2017-03-21,2017-03-22,open,62.628642849637124,65.66213861483183
SYNTHETIC,price_only,9416043,2017-03-21,2017-03-22,close,62.90049087641083,65.94964466251803
SYNTHETIC,price_only,9416043,2017-03-22,2017-03-23,open,62.59532750248797,65.56225232074536
SYNTHETIC,price_only,9416043,2017-03-22,2017-03-23,close,63.46605058088946,65.84486008343208
SYNTHETIC,price_only,9416043,2017-03-23,2017-03-24,open,63.635729286122896,65.31425880862558
SYNTHETIC,price_only,9416043,2017-03-23,2017-03-24,close,62.81728809096633,65.61435681290928
SYNTHETIC,price_only,9416043,2017-03-24,2017-03-27,open,62.80298439091001,65.38921784138223
SYNTHETIC,price_only,9416043,2017-03-24,2017-03-27,close,62.0066788327715,65.69473770573535
SYNTHETIC,price_only,9416043,2017-03-27,2017-03-28,open,62.13677974721369,65.50858827234258
SYNTHETIC,price_only,9416043,2017-03-27,2017-03-28,close,62.30196687279867,65.85634931824102
SYNTHETIC,price_only,9416043,2017-03-28,2017-03-29,open,62.559838588582174,65.42771918367605
SYNTHETIC,price_only,9416043,2017-03-28,2017-03-29,close,62.374512173732064,65.77763891189767
SYNTHETIC,price_only,9416043,2017-03-29,2017-03-30,open,62.24105462291542,65.24835798152488
SYNTHETIC,price_only,9416043,2017-03-29,2017-03-30,close,61.66556845498005,65.6053719820415
SYNTHETIC,price_only,9416043,2017-03-30,2017-03-31,open,61.793060081177195,65.31819002755219
SYNTHETIC,price_only,9416043,2017-03-30,2017-03-31,close,61.824534893967666,65.66944574491721
SYNTHETIC,price_only,9416043,2017-03-31,2017-04-03,open,62.105344809506484,65.31762785795468
SYNTHETIC,price_only,9416043,2017-03-31,2017-04-03,close,62.22245804545226,65.69505059050513
SYNTHETIC,price_only,9416043,2017-04-03,2017-04-04,open,62.04069323810967,65.21760002940485
SYNTHETIC,price_only,9416043,2017-04-03,2017-04-04,close,61.65912532926912,65.59554262745192
SYNTHETIC,price_only,9416043,2017-04-04,2017-04-05,open,61.90820414301495,65.0718949289929
SYNTHETIC,price_only,9416043,2017-04-04,2017-04-05,close,61.73067899895814,65.45324236899967
SYNTHETIC,price_only,9416043,2017-04-05,2017-04-06,open,61.48206461527924,64.97960652236085
SYNTHETIC,price_only,9416043,2017-04-05,2017-04-06,close,60.96743873766739,65.34725397901984
SYNTHETIC,price_only,9416043,2017-04-06,2017-04-07,open,60.72156009727457,64.82975459444725
SYNTHETIC,price_only,9416043,2017-04-06,2017-04-07,close,60.43841499708744,65.20714789130481
SYNTHETIC,price_only,9416043,2017-04-07,2017-04-10,open,60.15406010770085,64.64530741087856
SYNTHETIC,price_only,9416043,2017-04-07,2017-04-10,close,59.1056311469176,65.01065360431753
SYNTHETIC,price_only,9416043,2017-04-10,2017-04-11,open,58.96187540011791,64.61946083691282
SYNTHETIC,price_only,9416043,2017-04-10,2017-04-11,close,59.9807934690439,65.00038408979756
SYNTHETIC,price_only,9416043,2017-04-11,2017-04-12,open,60.046030232985636,64.61729813740237
SYNTHETIC,price_only,9416043,2017-04-11,2017-04-12,close,61.1513381219161,64.97440669920834
SYNTHETIC,price_only,9416043,2017-04-12,2017-04-13,open,60.9599105398329,64.45854276581613
SYNTHETIC,price_only,9416043,2017-04-12,2017-04-13,close,60.21231019866447,64.83095566117912
SYNTHETIC,price_only,9416043,2017-04-13,2017-04-14,open,60.09042814891499,64.1736815101153
SYNTHETIC,price_only,9416043,2017-04-13,2017-04-14,close,59.77443076638834,64.54347819533217
SYNTHETIC,price_only,9416043,2017-04-14,2017-04-17,open,59.10590656015541,64.33926889575136
SYNTHETIC,price_only,9416043,2017-04-14,2017-04-17,close,58.58674235797592,64.72405380676547
SYNTHETIC,price_only,9416043,2017-04-17,2017-04-18,open,58.36057280275027,64.53668169436673
SYNTHETIC,price_only,9416043,2017-04-17,2017-04-18,close,57.6941084221859,64.89971606668689
SYNTHETIC,price_only,9416043,2017-04-18,2017-04-19,open,57.76591581742588,64.71472411277972
SYNTHETIC,price_only,9416043,2017-04-18,2017-04-19,close,57.6770798895428,65.12683859075658
SYNTHETIC,price_only,9416043,2017-04-19,2017-04-20,open,57.65836802312869,64.98176260811132
SYNTHETIC,price_only,9416043,2017-04-19,2017-04-20,close,57.24504241243176,65.4098601002
SYNTHETIC,price_only,9416043,2017-04-20,2017-04-21,open,57.10409049692494,65.22715426705861
SYNTHETIC,price_only,9416043,2017-04-20,2017-04-21,close,57.17906704012482,65.66225469834399
SYNTHETIC,price_only,9416043,2017-04-21,2017-04-24,open,57.3692224160544,65.254663540281
SYNTHETIC,price_only,9416043,2017-04-21,2017-04-24,close,57.59328783397311,65.67461497253319
SYNTHETIC,price_only,9416043,2017-04-24,2017-04-25,open,57.73927081120945,65.2542786194507
SYNTHETIC,price_only,9416043,2017-04-24,2017-04-25,close,59.160052335914784,65.71312101174281
SYNTHETIC,price_only,9416043,2017-04-25,2017-04-26,open,59.292931914460794,65.20259605353516
SYNTHETIC,price_only,9416043,2017-04-25,2017-04-26,close,58.84558906430088,65.65235507725949
SYNTHETIC,price_only,9416043,2017-04-26,2017-04-27,open,58.919269811135806,65.27583021769144
SYNTHETIC,price_only,9416043,2017-04-26,2017-04-27,close,60.96714363389763,65.70711786666841
SYNTHETIC,price_only,9416043,2017-04-27,2017-04-28,open,60.92039968585204,65.34430908842874
SYNTHETIC,price_only,9416043,2017-04-27,2017-04-28,close,61.906523236629575,65.74044142043283
SYNTHETIC,price_only,9416043,2017-04-28,2017-05-01,open,61.76994877744675,65.73654076899895
SYNTHETIC,price_only,9416043,2017-04-28,2017-05-01,close,63.78727624868715,66.13799996814228
SYNTHETIC,price_only,9416043,2017-05-01,2017-05-02,open,63.88910248990862,65.85512813077875
SYNTHETIC,price_only,9416043,2017-05-01,2017-05-02,close,63.177185523966564,66.24934054378144
SYNTHETIC,price_only,9416043,2017-05-02,2017-05-03,open,63.50457469005281,65.91631070151631
SYNTHETIC,price_only,9416043,2017-05-02,2017-05-03,close,65.28785163391485,66.29461735637777
SYNTHETIC,price_only,9416043,2017-05-03,2017-05-04,open,65.21101246561399,65.8277894925636
SYNTHETIC,price_only,9416043,2017-05-03,2017-05-04,close,66.76328801120691,66.20032767490866
SYNTHETIC,price_only,9416043,2017-05-04,2017-05-05,open,66.39896478300794,65.7565963347343
SYNTHETIC,price_only,9416043,2017-05-04,2017-05-05,close,67.86895178712845,66.13910699688282
SYNTHETIC,price_only,9416043,2017-05-05,2017-05-08,open,67.74268502562491,65.59305260092921
SYNTHETIC,price_only,9416043,2017-05-05,2017-05-08,close,68.76715393744648,65.97141534389323
SYNTHETIC,price_only,9416043,2017-05-08,2017-05-09,open,68.59864196212297,65.61395605069282
SYNTHETIC,price_only,9416043,2017-05-08,2017-05-09,close,68.73844212777394,65.97448850870826
SYNTHETIC,price_only,9416043,2017-05-09,2017-05-10,open,68.62107025823283,65.43112923831697
SYNTHETIC,price_only,9416043,2017-05-09,2017-05-10,close,68.3397784275233,65.78285454191594
SYNTHETIC,price_only,9416043,2017-05-10,2017-05-11,open,68.40824481524946,65.48332238650227
SYNTHETIC,price_only,9416043,2017-05-10,2017-05-11,close,68.05704379806608,65.83943232814616
SYNTHETIC,price_only,9416043,2017-05-11,2017-05-12,open,68.14738016661333,65.44171389977419
SYNTHETIC,price_only,9416043,2017-05-11,2017-05-12,close,67.27541071909953,65.78613187730107
SYNTHETIC,price_only,9416043,2017-05-12,2017-05-15,open,67.27807347801382,65.3698593659478
SYNTHETIC,price_only,9416043,2017-05-12,2017-05-15,close,67.1344823940998,65.70062285612964
SYNTHETIC,price_only,9416043,2017-05-15,2017-05-16,open,67.19268843620321,65.27275481930504
SYNTHETIC,price_only,9416043,2017-05-15,2017-05-16,close,67.8442789784387,65.60458181541952
SYNTHETIC,price_only,9416043,2017-05-16,2017-05-17,open,67.68895026025807,65.36999296389922
SYNTHETIC,price_only,9416043,2017-05-16,2017-05-17,close,67.08162258409236,65.71307991247221
SYNTHETIC,price_only,9416043,2017-05-17,2017-05-18,open,66.81130193112357,65.3787760371404
SYNTHETIC,price_only,9416043,2017-05-17,2017-05-18,close,65.70897147989811,65.72176113905067
SYNTHETIC,price_only,9416043,2017-05-18,2017-05-19,open,65.82055476952429,65.56658036527023
SYNTHETIC,price_only,9416043,2017-05-18,2017-05-19,close,66.8805440116283,65.89241193952392
SYNTHETIC,price_only,9416043,2017-05-19,2017-05-22,open,66.65315379861003,65.53113061182694
SYNTHETIC,price_only,9416043,2017-05-19,2017-05-22,close,65.03060301411351,65.85139221589269
SYNTHETIC,price_only,9416043,2017-05-22,2017-05-23,open,64.94892919314492,65.56304068093388
SYNTHETIC,price_only,9416043,2017-05-22,2017-05-23,close,66.1724857221551,65.86672224382896
SYNTHETIC,price_only,9416043,2017-05-23,2017-05-24,open,66.00357872919457,65.64053410651132
SYNTHETIC,price_only,9416043,2017-05-23,2017-05-24,close,66.5875622342459,65.94343867265643
SYNTHETIC,price_only,9416043,2017-05-24,2017-05-25,open,66.67459410241493,65.62466240533348
SYNTHETIC,price_only,9416043,2017-05-24,2017-05-25,close,64.54971858637897,65.90529192061888
SYNTHETIC,price_only,9416043,2017-05-25,2017-05-26,open,64.55013799734384,65.57324703532076
SYNTHETIC,price_only,9416043,2017-05-25,2017-05-26,close,65.1520431525353,65.85268087689364
SYNTHETIC,price_only,9416043,2017-05-26,2017-05-29,open,64.9572720664831,65.43532103938644
SYNTHETIC,price_only,9416043,2017-05-26,2017-05-29,close,64.36418216535489,65.70035372219631
SYNTHETIC,price_only,9416043,2017-05-29,2017-05-30,open,64.5023610164954,65.3041873749421
SYNTHETIC,price_only,9416043,2017-05-29,2017-05-30,close,64.96268767706059,65.57970217309037
SYNTHETIC,price_only,9416043,2017-05-30,2017-05-31,open,64.70003222775243,65.17554312975075
SYNTHETIC,price_only,9416043,2017-05-30,2017-05-31,close,65.97459987296278,65.43677614509858
SYNTHETIC,price_only,9416043,2017-05-31,2017-06-01,open,66.0031527595436,65.13054707516565
SYNTHETIC,price_only,9416043,2017-05-31,2017-06-01,close,67.14781894266562,65.3883625301069
SYNTHETIC,price_only,9416043,2017-06-01,2017-06-02,open,67.30638456864162,65.06222693466765
SYNTHETIC,price_only,9416043,2017-06-01,2017-06-02,close,67.85250283800886,65.2993720029802
SYNTHETIC,price_only,9416043,2017-06-02,2017-06-05,open,67.62304826506683,65.15904312137567
SYNTHETIC,price_only,9416043,2017-06-02,2017-06-05,close,67.97901447708134,65.39632120499243
SYNTHETIC,price_only,9416043,2017-06-05,2017-06-06,open,67.83008330832791,65.1259637395059
SYNTHETIC,price_only,9416043,2017-06-05,2017-06-06,close,67.12594673684147,65.349689442249
SYNTHETIC,price_only,9416043,2017-06-06,2017-06-07,open,66.98566994152763,65.05425603115087
SYNTHETIC,price_only,9416043,2017-06-06,2017-06-07,close,67.36017321996086,65.270097390262
SYNTHETIC,price_only,9416043,2017-06-07,2017-06-08,open,67.412297050308,64.98890150062377
SYNTHETIC,price_only,9416043,2017-06-07,2017-06-08,close,66.81975175290479,65.18097693640887
SYNTHETIC,price_only,9416043,2017-06-08,2017-06-09,open,66.60843041690107,65.08996107572905
SYNTHETIC,price_only,9416043,2017-06-08,2017-06-09,close,66.45302027632191,65.29375333495341
SYNTHETIC,price_only,9416043,2017-06-09,2017-06-12,open,66.27382120418025,65.35684745458133
SYNTHETIC,price_only,9416043,2017-06-09,2017-06-12,close,65.91655641283641,65.5587879474833
SYNTHETIC,price_only,9416043,2017-06-12,2017-06-13,open,65.82698593755693,65.31887521308516
SYNTHETIC,price_only,9416043,2017-06-12,2017-06-13,close,66.01419214650804,65.51707881673221
SYNTHETIC,price_only,9416043,2017-06-13,2017-06-14,open,65.69011726333235,65.45068083554254
SYNTHETIC,price_only,9416043,2017-06-13,2017-06-14,close,65.21174992902316,65.61601801891155
SYNTHETIC,price_only,9416043,2017-06-14,2017-06-15,open,65.31925174851139,65.46785412468263
SYNTHETIC,price_only,9416043,2017-06-14,2017-06-15,close,65.06286644812359,65.6385709122112
SYNTHETIC,price_only,9416043,2017-06-15,2017-06-16,open,65.2236350410095,65.79174450072293
SYNTHETIC,price_only,9416043,2017-06-15,2017-06-16,close,64.92833015203279,65.9469970740212
SYNTHETIC,price_only,9416043,2017-06-16,2017-06-19,open,65.07789105160906,65.73710426134846
SYNTHETIC,price_only,9416043,2017-06-16,2017-06-19,close,65.48212700376725,65.88956946093747
SYNTHETIC,price_only,9416043,2017-06-19,2017-06-20,open,65.47654175549638,65.7915275693959
SYNTHETIC,price_only,9416043,2017-06-19,2017-06-20,close,65.11898651932582,65.92031834426582
SYNTHETIC,price_only,9416043,2017-06-20,2017-06-21,open,64.99648146407716,65.87384507149602
SYNTHETIC,price_only,9416043,2017-06-20,2017-06-21,close,64.55336570027487,65.99557906344407
SYNTHETIC,price_only,9416043,2017-06-21,2017-06-22,open,64.53575729115195,65.8737802566483
SYNTHETIC,price_only,9416043,2017-06-21,2017-06-22,close,63.99801613338989,65.98063616412125
SYNTHETIC,price_only,9416043,2017-06-22,2017-06-23,open,64.02323765592416,65.88247073724989
SYNTHETIC,price_only,9416043,2017-06-22,2017-06-23,close,63.68591895997141,66.01369456130112
SYNTHETIC,price_only,9416043,2017-06-23,2017-06-26,open,63.56651607042151,66.26574474131569
SYNTHETIC,price_only,9416043,2017-06-23,2017-06-26,close,63.8707725102159,66.36214610955028
SYNTHETIC,price_only,9416043,2017-06-26,2017-06-27,open,63.47153865580402,66.34067335077648
SYNTHETIC,price_only,9416043,2017-06-26,2017-06-27,close,64.51896152311602,66.42798051214746
SYNTHETIC,price_only,9416043,2017-06-27,2017-06-28,open,64.89383991992014,66.86509292913037
SYNTHETIC,price_only,9416043,2017-06-27,2017-06-28,close,64.18612880088308,66.88545384170382
SYNTHETIC,price_only,9416043,2017-06-28,2017-06-29,open,64.34512441227047,67.41692918806707
SYNTHETIC,price_only,9416043,2017-06-28,2017-06-29,close,64.34715184421727,67.37137184386872
SYNTHETIC,price_only,9416043,2017-06-29,2017-06-30,open,64.4779256632741,67.95080512042716
SYNTHETIC,price_only,9416043,2017-06-29,2017-06-30,close,64.52657684238903,67.81482501901652
SYNTHETIC,price_only,9416043,2017-06-30,2017-07-03,open,64.24829517064828,68.48280671321155
SYNTHETIC,price_only,9416043,2017-06-30,2017-07-03,close,64.65320805750372,68.16213639395207
SYNTHETIC,price_only,9416043,2017-07-03,2017-07-04,open,65.07463372344948,69.4453217520289
SYNTHETIC,price_only,9416043,2017-07-03,2017-07-04,close,64.39334324273533,68.98337671608171
SYNTHETIC,price_only,9416043,2017-07-04,2017-07-05,open,64.50995901102932,69.3997145860225
SYNTHETIC,price_only,9416043,2017-07-04,2017-07-05,close,64.50140627727566,68.94819706622536
SYNTHETIC,price_only,9416043,2017-07-05,2017-07-06,open,64.44176432321431,69.44677281096648
SYNTHETIC,price_only,9416043,2017-07-05,2017-07-06,close,64.30482718547786,69.01824348116827
SYNTHETIC,price_only,9416043,2017-07-06,2017-07-07,open,64.3040088014945,67.24563232423222
SYNTHETIC,price_only,9416043,2017-07-06,2017-07-07,close,64.43757598392546,66.62540483924245
SYNTHETIC,price_only,9416043,2017-07-07,2017-07-10,open,64.6454088607199,67.5462223825667
SYNTHETIC,price_only,9416043,2017-07-07,2017-07-10,close,65.1635962204534,66.96424307522949
SYNTHETIC,price_only,9416043,2017-07-10,2017-07-11,open,64.9551437597653,67.4353948705801
SYNTHETIC,price_only,9416043,2017-07-10,2017-07-11,close,65.69017760801282,66.87321192952285
SYNTHETIC,price_only,9416043,2017-07-11,2017-07-12,open,66.09399836298421,67.36463850012339
SYNTHETIC,price_only,9416043,2017-07-11,2017-07-12,close,65.38913532438947,66.83645069404243
SYNTHETIC,price_only,9416043,2017-07-12,2017-07-13,open,65.42104701279469,67.32638566543866
SYNTHETIC,price_only,9416043,2017-07-12,2017-07-13,close,64.88434859446562,66.85950742174273
SYNTHETIC,price_only,9416043,2017-07-13,2017-07-14,open,64.98218886479933,67.41715233174914
SYNTHETIC,price_only,9416043,2017-07-13,2017-07-14,close,64.41461063555369,66.95245327702324
SYNTHETIC,price_only,9416043,2017-07-14,2017-07-17,open,64.39100593130591,67.44258483942984
SYNTHETIC,price_only,9416043,2017-07-14,2017-07-17,close,64.82702699734105,67.00623448325423
SYNTHETIC,price_only,9416043,2017-07-17,2017-07-18,open,64.66148634443117,67.65716734855229
SYNTHETIC,price_only,9416043,2017-07-17,2017-07-18,close,64.55555475474361,67.25057756831643
SYNTHETIC,price_only,9416043,2017-07-18,2017-07-19,open,64.77573721078609,67.72366415309614
SYNTHETIC,price_only,9416043,2017-07-18,2017-07-19,close,64.59038888417169,67.34209890344073
SYNTHETIC,price_only,9416043,2017-07-19,2017-07-20,open,64.57209110481251,67.97323159956423
SYNTHETIC,price_only,9416043,2017-07-19,2017-07-20,close,64.2511425383096,67.59012880709281
SYNTHETIC,price_only,9416043,2017-07-20,2017-07-21,open,64.30511426186214,68.05939823204073
SYNTHETIC,price_only,9416043,2017-07-20,2017-07-21,close,64.23557884335507,67.69144650345817
SYNTHETIC,price_only,9416043,2017-07-21,2017-07-24,open,64.27105305848286,68.09790084231824
SYNTHETIC,price_only,9416043,2017-07-21,2017-07-24,close,64.59043663694042,67.72523837940548
SYNTHETIC,price_only,9416043,2017-07-24,2017-07-25,open,64.47789535987688,68.06038692709555
SYNTHETIC,price_only,9416043,2017-07-24,2017-07-25,close,63.81535461240955,67.71986412088083
SYNTHETIC,price_only,9416043,2017-07-25,2017-07-26,open,63.67661076497034,68.13116708570395
SYNTHETIC,price_only,9416043,2017-07-25,2017-07-26,close,63.398029062303976,67.77051405652864
SYNTHETIC,price_only,9416043,2017-07-26,2017-07-27,open,63.543543019760016,68.0559950395889
SYNTHETIC,price_only,9416043,2017-07-26,2017-07-27,close,63.16715401145569,67.71451065827085
SYNTHETIC,price_only,9416043,2017-07-27,2017-07-28,open,62.97076309035871,68.00398521942716
SYNTHETIC,price_only,9416043,2017-07-27,2017-07-28,close,63.56093604173733,67.65327114577886
SYNTHETIC,price_only,9416043,2017-07-28,2017-07-31,open,63.61018191921295,67.83856984633893
SYNTHETIC,price_only,9416043,2017-07-28,2017-07-31,close,63.93025871630451,67.51982524664132
SYNTHETIC,price_only,9416043,2017-07-31,2017-08-01,open,64.09452750826084,67.85988849053591
SYNTHETIC,price_only,9416043,2017-07-31,2017-08-01,close,64.00107362180886,67.52120520412318
SYNTHETIC,price_only,9416043,2017-08-01,2017-08-02,open,63.80909779824455,67.90396793562637
SYNTHETIC,price_only,9416043,2017-08-01,2017-08-02,close,63.71999661999387,67.57885445048635
SYNTHETIC,price_only,9416043,2017-08-02,2017-08-03,open,63.733702829308,67.81980099465173
SYNTHETIC,price_only,9416043,2017-08-02,2017-08-03,close,64.620249330338,67.49779048960572
SYNTHETIC,price_only,9416043,2017-08-03,2017-08-04,open,64.76716401153635,67.74062064497609
SYNTHETIC,price_only,9416043,2017-08-03,2017-08-04,close,65.46810689207878,67.46926146549721
SYNTHETIC,price_only,9416043,2017-08-04,2017-08-07,open,65.35690892735974,67.60605404435756
SYNTHETIC,price_only,9416043,2017-08-04,2017-08-07,close,64.87059027936662,67.35107679689652
SYNTHETIC,price_only,9416043,2017-08-07,2017-08-08,open,64.92901561014358,67.44895560380562
SYNTHETIC,price_only,9416043,2017-08-07,2017-08-08,close,65.30188196726495,67.207996447568
SYNTHETIC,price_only,9416043,2017-08-08,2017-08-09,open,65.42068359766904,67.32112848391411
SYNTHETIC,price_only,9416043,2017-08-08,2017-08-09,close,65.56898345372593,67.0774500931071
SYNTHETIC,price_only,9416043,2017-08-09,2017-08-10,open,65.76033893478028,67.28523513652561
SYNTHETIC,price_only,9416043,2017-08-09,2017-08-10,close,65.38853866529412,67.03812501843
SYNTHETIC,price_only,9416043,2017-08-10,2017-08-11,open,65.28601893693474,67.29040013896235
SYNTHETIC,price_only,9416043,2017-08-10,2017-08-11,close,65.74251753010802,67.04364633377995
SYNTHETIC,price_only,9416043,2017-08-11,2017-08-14,open,65.89077340672041,67.25962124418824
SYNTHETIC,price_only,9416043,2017-08-11,2017-08-14,close,65.6760202656827,67.02349657786868
SYNTHETIC,price_only,9416043,2017-08-14,2017-08-15,open,65.68254923999898,67.0881339453799
SYNTHETIC,price_only,9416043,2017-08-14,2017-08-15,close,65.24059565213261,66.8497704774008
SYNTHETIC,price_only,9416043,2017-08-15,2017-08-16,open,64.99268795322433,67.05804193348597
SYNTHETIC,price_only,9416043,2017-08-15,2017-08-16,close,65.42918018050865,66.83261830404972
SYNTHETIC,price_only,9416043,2017-08-16,2017-08-17,open,65.34214623511917,67.0692565602506
SYNTHETIC,price_only,9416043,2017-08-16,2017-08-17,close,66.04739362328394,66.85225261836119
SYNTHETIC,price_only,9416043,2017-08-17,2017-08-18,open,65.90651416662101,67.01966569776434
SYNTHETIC,price_only,9416043,2017-08-17,2017-08-18,close,65.9900849113829,66.82859280913489
SYNTHETIC,price_only,9416043,2017-08-18,2017-08-21,open,66.00490154310857,67.0580865362704
SYNTHETIC,price_only,9416043,2017-08-18,2017-08-21,close,65.7809757402576,66.89261006166036
SYNTHETIC,price_only,9416043,2017-08-21,2017-08-22,open,65.77427188679755,67.10032983340193
SYNTHETIC,price_only,9416043,2017-08-21,2017-08-22,close,65.19602400896325,66.9498805252917
SYNTHETIC,price_only,9416043,2017-08-22,2017-08-23,open,65.21692725304655,66.91161396572862
SYNTHETIC,price_only,9416043,2017-08-22,2017-08-23,close,64.37521390080408,66.7621691721954
SYNTHETIC,price_only,9416043,2017-08-23,2017-08-24,open,64.44356677781212,67.3210437386237
SYNTHETIC,price_only,9416043,2017-08-23,2017-08-24,close,63.945499977810435,67.24060444180053
SYNTHETIC,price_only,9416043,2017-08-24,2017-08-25,open,63.87651384428869,67.24067992840125
SYNTHETIC,price_only,9416043,2017-08-24,2017-08-25,close,63.19060867221463,67.16333424992817
SYNTHETIC,price_only,9416043,2017-08-25,2017-08-28,open,63.04323940637603,67.39136002827405
SYNTHETIC,price_only,9416043,2017-08-25,2017-08-28,close,62.80315053736687,67.33903299144657
SYNTHETIC,price_only,9416043,2017-08-28,2017-08-29,open,62.91360005580229,67.33097677871577
SYNTHETIC,price_only,9416043,2017-08-28,2017-08-29,close,63.35261813063501,67.28077175102254
SYNTHETIC,price_only,9416043,2017-08-29,2017-08-30,open,63.231806723559366,67.33241298837433
SYNTHETIC,price_only,9416043,2017-08-29,2017-08-30,close,63.01889364240252,67.30823721263695
SYNTHETIC,price_only,9416043,2017-08-30,2017-08-31,open,62.93797602941491,67.26021594798061
SYNTHETIC,price_only,9416043,2017-08-30,2017-08-31,close,62.99585322569132,67.23487665272616
SYNTHETIC,price_only,9416043,2017-08-31,2017-09-01,open,62.84762013400137,67.29170551378661
SYNTHETIC,price_only,9416043,2017-08-31,2017-09-01,close,62.44788000598079,67.2753291630639
SYNTHETIC,price_only,9416043,2017-09-01,2017-09-04,open,62.32841437532842,67.17635825297799
SYNTHETIC,price_only,9416043,2017-09-01,2017-09-04,close,62.36906886251994,67.15870418806489
SYNTHETIC,price_only,9416043,2017-09-04,2017-09-05,open,62.38554874683944,67.35071945786297
SYNTHETIC,price_only,9416043,2017-09-04,2017-09-05,close,62.130604352920514,67.36992235187229
SYNTHETIC,price_only,9416043,2017-09-05,2017-09-06,open,62.01987567931899,67.27177401618532
SYNTHETIC,price_only,9416043,2017-09-05,2017-09-06,close,62.2184645145487,67.27866839279399
